7.490161400855856e-6,1.7146695206062245e-6,6.03557834245484e-7,2.0540508435764504e-7,6.80147258187911e-7,5.457011772640209e-7,1.118248397731404e-7,7.511265125821793e-7,5.092327732678348e-7,2.0681497731513735e-7,0.00008110441099226808,7.417954592842127e-7,6.848438451265698e-7,6.831357579880299e-7,2.1325391391431194e-7,4.2505155775892283e-7,7.112194193196668e-7,1.9793125236089775e-7,6.515176615395448e-7,1.5448242698912646e-6,7.904766706298729e-7,1.446766263136274e-6,7.611234418606181e-7,2.49430486381664e-7,6.052160122315236e-7,5.319479538037391e-7,1.8945501799004293e-7,6.866170402570206e-7,6.960463997045777e-7,6.416576050226382e-7,0.00012350282935293106,5.28203377967482e-7,5.273131107338257e-7,7.475958893333434e-7,1.2950723940176593e-7,4.388903161091535e-7,7.839252051531016e-7,1.3640763333317282e-7,4.68036952013368e-7,1.91196461304267e-6,7.49575727052771e-6,1.767689670822016e-6,5.8596359014359e-7,2.1972029711026712e-7,6.854508911441602e-7,5.332889604145887e-7,1.2894427450866648e-7,7.554139246898741e-7,4.958131768895891e-7,2.596426073366396e-7,0.00019492645997269198,7.279935122847894e-7,7.09526411734082e-7,6.786217665641649e-7,1.9617401596518072e-7,4.3867104164186956e-7,7.070073982195253e-7,1.7979712013386357e-7,6.600025565536812e-7,1.531903879254171e-6,7.920720128930858e-7,1.4637038579361459e-6,7.532285853306778e-7,2.674373571897436e-7,6.10008397761626e-7,5.193705937318737e-7,2.0748780840655446e-7,6.913092465773562e-7,6.721659200908061e-7,6.54195422859819e-7,0.0006014442383048399,4.894847990727441e-7,5.416374147471404e-7,7.437756673311464e-7,1.1267705532647221e-7,4.524076427428928e-7,7.794950026508148e-7,1.2166565150308527e-7,4.864809810220082e-7,1.8562329709620743e-6,0.000930860086911595,1.8221962689320864e-6,5.678727871737026e-7,2.3450392892698354e-7,6.90240209059898e-7,5.205133277361204e-7,1.4628057091176825e-7,7.591689818176681e-7,4.821779420155752e-7,3.114703440553433e-7,0.0006015328684800789,7.145982314443736e-7,7.34025066647412e-7,6.737032074325127e-7,1.7897073823674782e-7,4.519638677014689e-7,7.023819120570305e-7,1.616213263604932e-7,6.67978593897402e-7,1.51727965964588e-6,7.914205681481177e-7,1.4789886737483674e-6,7.44834464875504e-7,2.8541242993731235e-7,6.143957389167267e-7,5.064558186857232e-7,2.2539224644634634e-7,6.956038823878136e-7,6.480759266400821e-7,6.671202720951586e-7,0.00019501543099410476,4.514498648701257e-7,5.557413093520527e-7,7.394272275043083e-7,9.606233649823168e-8,4.6557118923793206e-7,7.74543051054389e-7,1.0789831510630472e-7,5.044241118154165e-7,1.8019971937390927e-6,7.496117707537369e-6,1.8782129854532171e-6,5.49310427761636e-7,2.4966202847279073e-7,6.945121645513478e-7,5.073835238175088e-7,1.637349972451945e-7,7.62393543969254e-7,4.683211386458684e-7,3.61502860858487e-7,0.0001235911078391507,7.016219130376343e-7,7.58310559676721e-7,6.683862132628441e-7,1.6167543926645767e-7,4.6492046071438297e-7,6.97345819739933e-7,1.434662958020492e-7,6.754606744548947e-7,1.5009952305829753e-6,7.885208160396914e-7,1.4925773439722257e-6,7.359259853989902e-7,3.033190569280741e-7,6.183752530626164e-7,4.932132402134454e-7,2.431465717152571e-7,6.994948944406397e-7,6.238057100762355e-7,6.804246019162833e-7,0.00008119371172646938,4.153400208805116e-7,5.696308175787554e-7,7.345487528864856e-7,7.985059553359532e-8,4.783717664712357e-7,7.69072458392152e-7,9.554477523805901e-8,5.218446171246681e-7,1.749233468504027e-6,7.490882487684208e-6
1.8187249611723853e-6,1.2469268566553622e-7,2.5241980677516206e-7,1.7732713357103704e-7,2.980636878413032e-8,6.828737684271221e-8,7.15997361065425e-8,1.8182840464373973e-7,1.75990534580849e-7,8.066052231782724e-7,0.000039153122525526816,3.6060465633124885e-7,8.84209413352951e-8,3.9857518342406e-8,4.9254851425944734e-8,1.9105539800222586e-8,8.37897391558712e-8,1.2004932752428752e-7,2.8633838778480285e-7,1.1778087999909134e-6,1.4149011726408022e-6,1.0942997067521282e-6,2.6662617516464626e-7,1.254128085453785e-7,5.217135405435813e-8,8.912229610986094e-8,1.0221765847320132e-7,6.867100505673433e-8,9.937778596907289e-8,3.853308254022877e-7,0.000055312592822848863,9.308865222588908e-7,1.2330503518195062e-7,1.5095193650503846e-7,6.469925711106254e-8,4.212687061985662e-8,1.341683764595577e-7,2.3392615424476693e-7,3.989217061618958e-8,8.767414989922216e-8,1.8218199320566362e-6,1.2302313980225596e-7,2.4798607819396853e-7,1.7793542785842776e-7,2.8273686242471858e-8,6.881478031201939e-8,7.086788141169062e-8,1.7671377756773187e-7,1.7643345545372107e-7,8.00847089044931e-7,0.00009173260203671597,3.8120849053596617e-7,9.150988356533956e-8,4.210287402003911e-8,4.9991239268479726e-8,1.9029052956793486e-8,8.142797517747995e-8,1.2344354077653543e-7,2.7833793817080173e-7,1.1429667491834789e-6,1.413959869008598e-6,1.1293464557972687e-6,2.7372019904244056e-7,1.251173415104187e-7,5.2361362600209814e-8,8.842830008530218e-8,1.0325370894367528e-7,6.658386574797174e-8,8.996008129244236e-8,3.585423837938919e-7,0.00027608489589470327,9.382700848267804e-7,1.2207501877112355e-7,1.549251902779902e-7,6.597537227409504e-8,4.099564380078641e-8,1.333508483808795e-7,2.3447799510582446e-7,4.3754179592488816e-8,8.486435013046515e-8,0.0004316431354794684,1.2066302914716647e-7,2.43242118510462e-7,1.7838083493968686e-7,2.680455720232741e-8,6.934130837047534e-8,7.012567753728943e-8,1.714761301392487e-7,1.768249311165288e-7,7.937625461370625e-7,0.0002761594174473092,4.024340658280139e-7,9.630928929684403e-8,4.4465083823847205e-8,5.065924422668323e-8,1.8964142323615723e-8,7.913564065883659e-8,1.2682838756538063e-7,2.7020966826283993e-7,1.1075349293200795e-6,1.413771370268168e-6,1.1638879812619686e-6,2.8076534672258316e-7,1.2483704404677416e-7,5.2628634521119435e-8,8.77242496810371e-8,1.0421874755225492e-7,6.457581549991386e-8,8.17137785027159e-8,3.3175135586563573e-7,0.00009180578734549072,9.44374205289177e-7,1.2078266971938682e-7,1.5878774075272225e-7,6.722840125329964e-8,3.9858317066261955e-8,1.3251612904080664e-7,2.3482058879020656e-7,4.7509781785813045e-8,8.196060657130485e-8,1.8229573566353908e-6,1.1758978947880488e-7,2.3820170045355242e-7,1.7866277394339987e-7,2.541361824730853e-8,6.986668221066236e-8,6.93761957535152e-8,1.6612630425819434e-7,1.771814327444666e-7,7.854060675612342e-7,0.00005538842395866889,4.2416739888894674e-7,1.0266258706629638e-7,4.694402449658779e-8,5.1257237911688964e-8,1.8909806543393387e-8,7.691390021076323e-8,1.3019683621232268e-7,2.6198021133711815e-7,1.0715653574899356e-6,1.4143367403665618e-6,1.1978709099441398e-6,2.877347684623892e-7,1.245719657118238e-7,5.297909912138404e-8,8.7010779182289e-8,1.0511361073427673e-7,6.264356481254476e-8,7.493763605568083e-8,3.049963030524e-7,0.00003922494577653034,9.491444274772635e-7,1.1942705011970518e-7,1.6252838610585035e-7,6.845578352672162e-8,3.871397831406037e-8,1.3166382077884477e-7,2.3496057744876148e-7,5.1097123356389715e-8,7.893281859404521e-8,1.8210006095261684e-6
6.412442688165325e-7,2.2437666461215468e-7,2.2779875024035453e-7,9.200033324859696e-8,2.8256394671304454e-7,1.7794348808813538e-7,2.9242518772722132e-8,2.3531641873692157e-7,2.3381418179742313e-7,4.3095399538872525e-7,9.642335573878903e-6,2.9462904052708647e-7,5.692264935899779e-7,2.3377366722352368e-7,5.376812770695488e-8,2.2752027799272048e-7,2.554290015569077e-7,1.7596461828883817e-7,6.282588226233463e-7,4.688453528024796e-7,7.543760784997031e-7,5.51329543614379e-7,5.443128168914297e-7,2.3651795796304965e-7,2.935824743896153e-7,2.2410425226969507e-7,2.153643994023241e-8,2.955932511898684e-7,6.748587261964336e-7,2.8491459719417693e-7,0.000013330717434332728,4.946473393117153e-7,1.7807748759627406e-7,3.3003933655153294e-7,5.955951618991838e-8,2.0173785880206687e-7,2.4631161373368434e-7,2.6305353906044765e-7,2.220072569883534e-7,3.144023453652417e-7,6.415360160740233e-7,2.3641446706311255e-7,2.271335868341436e-7,9.99537096653411e-8,2.8487782865225656e-7,1.7336484169731733e-7,3.4849158184245654e-8,2.390215911170465e-7,2.3186302770521608e-7,4.433105896647755e-7,0.00002238798993414913,2.9001096218842633e-7,5.725601938907637e-7,2.3235977150094586e-7,4.758735790376567e-8,2.3226955951092905e-7,2.5457048080490495e-7,1.6886696535037606e-7,6.370764937049589e-7,4.66396166707725e-7,7.541379841880971e-7,5.52524585783882e-7,5.351168247276342e-7,2.442515544335773e-7,2.9369503887582163e-7,2.1901297433939513e-7,2.8150038173365535e-8,2.98558582723767e-7,6.71569844484343e-7,2.8792944479005474e-7,0.00006683955206728654,4.839807945758668e-7,1.8172337704253292e-7,3.268141964609626e-7,5.084250403451284e-8,2.0709588480172443e-7,2.457195086187775e-7,2.5521489336448075e-7,2.2344841543472013e-7,3.03440958212212e-7,0.00010444302613366323,2.486441853131635e-7,2.2616931129474834e-7,1.0794296347245165e-7,2.8706791056540294e-7,1.68651547628129e-7,4.099725666028602e-8,2.4265697887605153e-7,2.30028982338354e-7,4.5537403833094505e-7,0.00006677365483694116,2.8530600611860846e-7,5.753400003673986e-7,2.3070698780432436e-7,4.168269457475812e-8,2.3688685830556458e-7,2.534654995330331e-7,1.618413948118522e-7,6.452171266943341e-7,4.637645341735896e-7,7.536069273049469e-7,5.5355668931583e-7,5.253558820579805e-7,2.5195756549026923e-7,2.935287425245892e-7,2.1380462866434676e-7,3.523899366866065e-8,3.011823523753832e-7,6.676318786239576e-7,2.9088011792574377e-7,0.000022321288909914037,4.7314193457190107e-7,1.8570826938586634e-7,3.2349563320223255e-7,4.2028601496889234e-8,2.123234918541896e-7,2.4497086874994166e-7,2.471634629291751e-7,2.246047175674092e-7,2.926473067442893e-7,6.423336787292902e-7,2.610367346085019e-7,2.2489860872507194e-7,1.1590828280085346e-7,2.891330593767464e-7,1.638089056671304e-7,4.743468250497583e-8,2.4621655748226196e-7,2.282738957549257e-7,4.67121682128917e-7,0.000013265597858042359,2.8051685339227344e-7,5.775691653914294e-7,2.288064518947194e-7,3.6175307356527496e-8,2.4136751928270746e-7,2.5211551354519274e-7,1.5488842607734717e-7,6.526764272842021e-7,4.6092893326622667e-7,7.527824672319633e-7,5.544479971622887e-7,5.150377361773451e-7,2.596342901837302e-7,2.93082919113848e-7,2.0848686488671434e-7,4.257191381813024e-8,3.034740617771128e-7,6.630441348411532e-7,2.937772875062098e-7,9.57480874065264e-6,4.621622599667214e-7,1.900559272304855e-7,3.2009098341735216e-7,3.313467297552522e-8,2.1741413607925537e-7,2.4406624078938574e-7,2.389185262707532e-7,2.2549152643667271e-7,2.820433079211482e-7,6.428374464583682e-7
1.1416038569169778e-6,5.855800213725349e-8,3.841087522984938e-7,1.7752827243598091e-7,1.206199490451024e-7,1.7859280930268202e-7,4.963551077228745e-8,5.5027782199648595e-8,5.8836049499016687e-8,7.131458292821494e-7,0.000010912097349745942,6.532618125942718e-7,2.00817504011698e-7,6.832539319421773e-8,8.378802777601561e-8,9.435843291889417e-8,2.1047195261435429e-7,1.55359984267609e-7,3.0511459805734155e-7,1.4706253205810833e-7,1.2762230891044952e-6,1.2346653745772445e-7,2.2297967833414076e-7,1.9971601495757417e-7,2.23509604849213e-7,1.0539259438343444e-7,5.5141245853544916e-8,1.5612351206663945e-7,1.1581073236105883e-7,6.731586719140061e-7,0.000015127949209920618,6.91242366596422e-7,1.2140906096715594e-7,9.365716137572406e-8,8.62235855514624e-8,1.1186176228025237e-7,2.0470303368290667e-7,1.8030172478501012e-7,3.643776850087161e-7,1.3952180648637922e-7,1.1423549013955657e-6,7.425477136188223e-8,3.8796238505347855e-7,1.718228881360558e-7,1.2022383129781165e-7,1.7625693243980214e-7,4.668441848935819e-8,6.054898936427553e-8,6.52628873776293e-8,7.133660741500075e-7,0.000025419094390713255,6.55755877976192e-7,1.890730095614169e-7,6.57569887556197e-8,8.770943000046496e-8,9.584462727873696e-8,2.095675245246735e-7,1.601232272771667e-7,2.9593698494432676e-7,1.2997087030684607e-7,1.2765573816184912e-6,1.378783981839955e-7,2.3247771457007373e-7,2.0738323719918132e-7,2.224147929613218e-7,1.0119922218517187e-7,5.1165463734524506e-8,1.6746940493614276e-7,1.266170213171778e-7,6.708048970962963e-7,0.00007598977451890597,6.926222336148614e-7,1.2553172186946072e-7,9.166194736079555e-8,8.685733464236455e-8,1.1662828548509297e-7,2.0738516655156707e-7,1.8568854485261818e-7,3.6085657218656427e-7,1.289667882337032e-7,0.0001183227092194186,9.098012575853313e-8,3.9170112798078893e-7,1.6584064614879457e-7,1.1958990854163004e-7,1.738444317875999e-7,4.3820916175391975e-8,6.617882338013673e-8,7.149127906457354e-8,7.130846715724615e-7,0.0000759595587305022,6.578126487963278e-7,1.7720731625295365e-7,6.54219146402144e-8,9.162689540422401e-8,9.731428497428083e-8,2.086784321269964e-7,1.6514021799583414e-7,2.865726981264606e-7,1.1304579488684381e-7,1.276290022917843e-6,1.5291267489596066e-7,2.4202914365553004e-7,2.1503499375252328e-7,2.2114521652985492e-7,9.688860062479388e-8,4.780576615910619e-8,1.7873388050682926e-7,1.372915156691594e-7,6.680207249841538e-7,0.000025388066973606963,6.935192677135827e-7,1.2952161044534473e-7,8.977896276548413e-8,8.763355946693917e-8,1.2130407250574493e-7,2.0974030489071503e-7,1.9082543979599217e-7,3.5731264073307754e-7,1.2059078071581338e-7,1.1426874598298075e-6,1.0836471486853981e-7,3.9531796014824737e-7,1.5960052804300697e-7,1.1871666110179431e-7,1.7135909010721778e-7,4.110604665835627e-8,7.183687118196608e-8,7.752661413115839e-8,7.123035960448091e-7,0.000015098523567998147,6.594211633304267e-7,1.6523329623006685e-7,6.746505445728488e-8,9.554083922912618e-8,9.875339565676058e-8,2.0779923085859776e-7,1.703639078071208e-7,2.770495024686989e-7,9.629537609896568e-8,1.2754215109257051e-6,1.6845215366376845e-7,2.515708150264318e-7,2.2265688759050989e-7,2.197008632951527e-7,9.247037553613603e-8,4.515036796258806e-8,1.8985979524710996e-7,1.4782158382140446e-7,6.648193696385981e-7,0.00001088023806597994,6.939292887918158e-7,1.3338148703895313e-7,8.803589038260197e-8,8.852608983516329e-8,1.258842862451714e-7,2.117704394070517e-7,1.9568720748077517e-7,3.537512602923068e-7,1.147558094041894e-7,1.1422686024333485e-6
8.829780233419204e-8,4.095800477462749e-8,1.6652626795697664e-7,2.0309070541750145e-7,5.883905352348161e-8,1.5286924879515932e-7,8.25998589429448e-8,8.653104182984298e-8,1.9865747275071788e-7,2.4671151803734284e-7,6.91083785104728e-6,2.1258193362461005e-7,1.91416598351062e-7,1.3783813011656067e-7,1.2921437585491204e-7,9.363758656638239e-8,1.4236111603259397e-7,1.5639851337684576e-7,1.6005608589253561e-7,7.800651267757098e-8,2.5075703642375563e-8,7.753442610616807e-8,1.7567593847168023e-7,1.506718692689478e-7,2.807329738573385e-7,6.85002755169042e-8,1.2574725395733523e-7,1.3932274691679264e-7,2.0736648519673885e-7,1.9055390325967708e-7,9.69205318157767e-6,2.5430432946332086e-7,1.8782872463701103e-7,1.8517153005711067e-7,1.5713805964356257e-7,1.4364109663416646e-7,1.872433087784068e-7,1.7265353280079128e-7,1.525202043673959e-7,5.653471088880989e-8,8.92959987439726e-8,4.219545388128555e-8,1.6511814595233154e-7,2.0445416099426147e-7,5.392214303392444e-8,1.5241938830968934e-7,7.672347642954852e-8,8.87254724332525e-8,1.9730387297997658e-7,2.472789420918888e-7,0.00001614499559042791,2.124847065904045e-7,1.9333442465622091e-7,1.3525393739204892e-7,1.3425441913013382e-7,9.396324884664749e-8,1.3904552757307421e-7,1.5304101044433904e-7,1.6186121155865322e-7,7.727200226202627e-8,2.517156256239097e-8,7.599397952774724e-8,1.7171211853417664e-7,1.559330888783475e-7,2.8371285673261026e-7,6.516249190308926e-8,1.1849455227339512e-7,1.4195238178731184e-7,2.0368751914102312e-7,1.9027832192712222e-7,0.00004847883970201813,2.5401722487741674e-7,1.9137717760447978e-7,1.8476626459982202e-7,1.5576284594195721e-7,1.4770488428180994e-7,1.8255801784839696e-7,1.6974714605801113e-7,1.5703860020079118e-7,5.71669288248733e-8,0.00007615326262245296,4.346363925062432e-8,1.6372011321018892e-7,2.0561220497522982e-7,4.922753425011268e-8,1.5196401308740093e-7,7.090773235188296e-8,9.074558972159908e-8,1.9597013724271644e-7,2.4787617821599803e-7,0.00004849887653686997,2.1243740565400838e-7,1.951972613562804e-7,1.3252420746144543e-7,1.3947099445638672e-7,9.442102957469443e-8,1.3582464785051217e-7,1.494673756030533e-7,1.6362593831653208e-7,7.650634009162035e-8,2.537737737142833e-8,7.444242336398864e-8,1.677122131556024e-7,1.609747564250002e-7,2.8656380228299616e-7,6.178919060422244e-8,1.1132560288981796e-7,1.4449366935501553e-7,1.9990263233180983e-7,1.901124973060309e-7,0.000016163681182945886,2.5379145162059766e-7,1.948826086006225e-7,1.8402469189215894e-7,1.5448354829587467e-7,1.5162277159898096e-7,1.7788170953671163e-7,1.6692309460583917e-7,1.615940827849039e-7,5.775312876589038e-8,9.085116214199957e-8,4.475237815483298e-8,1.6233157326677677e-7,2.0657084592497374e-7,4.481327513924406e-8,1.5150821352427534e-7,6.52192807392908e-8,9.25915408675142e-8,1.9465634764090786e-7,2.4849631591496823e-7,9.713415876352993e-6,2.1244654484319952e-7,1.970031824160669e-7,1.2964316589317624e-7,1.448182138147748e-7,9.500713641699929e-8,1.3273486261049329e-7,1.4567401772485852e-7,1.653526026046526e-7,7.570528475334695e-8,2.569180406271756e-8,7.289391036601017e-8,1.6368165035668046e-7,1.6580027666057086e-7,2.8927171711416154e-7,5.838408634864212e-8,1.0429653992870003e-7,1.469533483632291e-7,1.960191364650581e-7,1.900538574454334e-7,6.928153371110663e-6,2.5362938596383346e-7,1.9834203047286813e-7,1.829494685878349e-7,1.5329144813709763e-7,1.5539573760932503e-7,1.732351494853216e-7,1.6419381542403823e-7,1.6617915975129736e-7,5.8287821543813924e-8,9.1405466532395e-8
1.3738244006725056e-7,1.0328304206421995e-7,1.7403882627039676e-7,2.2298728152641483e-7,3.401107983146849e-7,3.0710501034294205e-7,1.2738891686942285e-7,1.7487492901829164e-7,3.059336247101228e-7,1.5686170314791318e-7,7.872870466406885e-6,1.608492051369893e-7,2.917549889831882e-7,1.9083433040969812e-7,1.6556099901252495e-7,2.8705143273808156e-7,3.318658307673811e-7,2.3850593531766055e-7,1.5477545837359632e-7,9.842003422753347e-8,1.3071421018873774e-7,1.1175114239131688e-7,1.6594648638919625e-7,1.8834870603072314e-7,1.360411540059722e-7,3.9579236190444496e-7,1.1365746316176792e-7,1.7344789194422125e-7,2.770524939696148e-7,1.4647970452824962e-7,0.000011033426477724554,1.4607559509270466e-7,2.794057017073982e-7,1.813335298212697e-7,1.1683049028176114e-7,3.9799715035225694e-7,1.2080416770624458e-7,2.006922690495887e-7,1.5800260743287994e-7,1.0790718325245755e-7,1.3718470237821524e-7,1.0105609919861494e-7,1.698546265859282e-7,2.2937638092758438e-7,3.36989472007997e-7,3.0364009634221276e-7,1.369174863723179e-7,1.7880849378011815e-7,3.032834874309256e-7,1.5952324559317324e-7,0.000018385527617330113,1.5791481896243544e-7,2.9481422497415645e-7,1.8746862832122006e-7,1.5691840041067463e-7,2.9120035419205495e-7,3.356745721324134e-7,2.3269269862952642e-7,1.585726452427001e-7,1.0069014382491713e-7,1.3115635492722044e-7,1.0963402625570564e-7,1.603944297333203e-7,1.9307780684021895e-7,1.3482055364033314e-7,3.956006332711145e-7,1.1246360348228649e-7,1.7766321307305974e-7,2.7468034842725005e-7,1.4687160108837465e-7,0.000055173253597393995,1.4527790280842558e-7,2.8201795645644343e-7,1.7714216217278976e-7,1.1638426740165142e-7,3.9876155643313695e-7,1.207906699091526e-7,1.9593151613294762e-7,1.6357743162122554e-7,1.104227526395769e-7,0.00008652566347454191,9.875361961270551e-8,1.6574299583054427e-7,2.355699976357978e-7,3.3361972013242914e-7,2.99702261385398e-7,1.4632570950861098e-7,1.8255702592681844e-7,3.004604076519066e-7,1.6226408603961467e-7,0.00005517156072275811,1.5505254933626587e-7,2.9770671646085817e-7,1.8390932038048776e-7,1.4812833128795795e-7,2.948665580659329e-7,3.392569835830276e-7,2.2667957262577447e-7,1.6246785967546924e-7,1.0290175958049169e-7,1.3147051558876767e-7,1.0737779214119671e-7,1.5480811369545514e-7,1.977829215876886e-7,1.336213510483651e-7,3.9480777252565657e-7,1.1164218650320556e-7,1.817663983380138e-7,2.7215583198276615e-7,1.4744562457276563e-7,0.000018384566290392175,1.4465787302102377e-7,2.844724435363222e-7,1.7284476200085796e-7,1.1632160196499802e-7,3.989361640488925e-7,1.2087344683036702e-7,1.9114441348002739e-7,1.6911425767556534e-7,1.1279829347867381e-7,1.3642414635517378e-7,9.638467301420643e-8,1.617104311162051e-7,2.4156381768397066e-7,3.3001746150851415e-7,2.9528556878606527e-7,1.5558851907490983e-7,1.8612079815072177e-7,2.974663029230681e-7,1.6507571161964658e-7,0.00001103100591418964,1.522711579141737e-7,3.004305835190445e-7,1.8015609315027572e-7,1.392188819661445e-7,2.9805415347457713e-7,3.425973362570943e-7,2.20470279782373e-7,1.6645419546821716e-7,1.0504660256806331e-7,1.3165726759593079e-7,1.0498855830230726e-7,1.4919238024609963e-7,2.024522859266255e-7,1.3247270051927698e-7,3.9341327998622133e-7,1.1116841726236226e-7,1.8575824085036598e-7,2.694816093443474e-7,1.4819851791240953e-7,7.872646906221816e-6,1.4421907131770924e-7,2.867663028287745e-7,1.6844136554901462e-7,1.1667747139864548e-7,3.9852317109112064e-7,1.2102707434050268e-7,1.8634469338605312e-7,1.7460810033144128e-7,1.1502732017196573e-7,1.3586061183635495e-7
1.1708559113140133e-6,8.781466399145135e-8,3.016859086287213e-7,1.7193246817479873e-7,1.4691320236403833e-7,1.710737381239687e-7,9.158777922784921e-8,1.3058023988178646e-7,1.0851238270602198e-7,6.551999023776779e-7,9.85687541126225e-6,6.973387650145182e-7,1.1439747741311713e-7,6.561605604022235e-8,9.450795767165813e-8,9.340313007006904e-8,2.988618708777743e-7,2.7104732887970277e-7,3.1506457411997675e-7,1.0904339168759147e-7,1.1616847658106577e-6,7.098454623426275e-8,2.9901378107136076e-7,1.012394236265313e-7,2.834558324145071e-7,5.417094405332989e-8,1.961524949643172e-7,1.156799619391487e-7,1.1323966163624873e-7,6.86070191773795e-7,0.000013841015429873682,6.479528694488384e-7,1.0097882588264802e-7,6.649703764001539e-8,1.3582492886020366e-7,1.6510761969640237e-7,1.0415077017709201e-7,8.991517648363825e-8,3.178061203585171e-7,1.258037609988825e-7,1.1711482644285435e-6,1.0337758501755975e-7,3.098600336949494e-7,1.728508855261731e-7,1.4466066208214048e-7,1.6620367869500368e-7,9.49802254955223e-8,1.342281304274841e-7,1.1511858235963135e-7,6.530061538965667e-7,0.000023086943074405297,6.995961462755994e-7,1.078488350161589e-7,5.966807178890946e-8,1.0453202666934525e-7,9.571395493866809e-8,2.998825879082716e-7,2.6993404085446897e-7,3.0784120258432266e-7,9.122339525959572e-8,1.1626294428852805e-6,8.023663670267514e-8,3.046733529722402e-7,1.025339437903489e-7,2.888061968928811e-7,5.288123739673384e-8,1.893603601190048e-7,1.143137128964137e-7,1.1833720739755815e-7,6.853161344989415e-7,0.00006933832857349897,6.50521032616112e-7,9.379287110183865e-8,6.632157507690564e-8,1.4097382743880275e-7,1.6728434111742637e-7,9.934574276369757e-8,9.033208323525051e-8,3.1235420373761425e-7,1.1001007077146066e-7,0.00010775715218743733,1.194560834742497e-7,3.178557032883205e-7,1.735086441727977e-7,1.4250934319060176e-7,1.6126408535391898e-7,9.8660239315639e-8,1.3760780767559407e-7,1.216139528310706e-7,6.503814602288597e-7,0.00006935269883288903,7.013708496600845e-7,1.0104683273439795e-7,5.370856347653992e-8,1.1446139613641238e-7,9.835894173796029e-8,3.0074709143622554e-7,2.684063764254608e-7,3.0045663485056295e-7,7.39222827328193e-8,1.1631128154028566e-6,9.198128059342639e-8,3.1026300095270894e-7,1.0369248284611258e-7,2.939849349677203e-7,5.151624974583637e-8,1.8246655056756281e-7,1.1306834615579877e-7,1.2351918611359055e-7,6.840975801547434e-7,0.000023102025537613934,6.526782260815316e-7,8.658437466599507e-8,6.625421857642976e-8,1.4605404535043947e-7,1.6926037227350688e-7,9.450594919440899e-8,9.060491613969017e-8,3.06810746657024e-7,9.45624615311961e-8,1.1702137215205328e-6,1.359196146183509e-7,3.256595503041444e-7,1.7390540947882484e-7,1.4046570958279068e-7,1.5626882057842773e-7,1.026087777803838e-7,1.4070818578413326e-7,1.279687608342958e-7,6.473361381976804e-7,0.000013854679929726076,7.026567448604389e-7,9.399268141255906e-8,4.773523481276745e-8,1.2427329346295475e-7,1.0129531888593056e-7,3.014632410983157e-7,2.6646421290836967e-7,2.9291936480228036e-7,5.742612762106726e-8,1.1631344428576983e-6,1.0549628889344308e-7,3.1577386798598905e-7,1.0469624712267115e-7,2.989752821139947e-7,5.007089512825812e-8,1.754946551597047e-7,1.119585184288684e-7,1.2873618548591591e-7,6.824204248761433e-7,9.87267666042089e-6,6.544144241490915e-7,7.941098961803295e-8,6.63180604365348e-8,1.5104273065877989e-7,1.7103364497680046e-7,8.965453064611314e-8,9.073261243694907e-8,3.011888589036363e-7,7.95666687812677e-8,1.1689881604295562e-6
7.05480421088258e-7,2.6182932987021535e-7,2.413455640900911e-7,2.2034235105016516e-7,1.5852407023334687e-7,1.7831398051493586e-7,6.171713798218619e-8,2.7482821196011836e-7,1.6949018697178778e-7,3.735226095035979e-7,5.95213736681231e-6,4.26762126018233e-7,2.668682029912878e-7,2.389728507386522e-7,4.5381779252020156e-8,1.2902262294478998e-7,1.8535444849462207e-7,2.2647890581735476e-7,3.398069224402447e-7,2.531809434977117e-7,5.733797235840576e-7,2.308947864756849e-7,3.326133420912839e-7,7.082883520225581e-8,1.5065658796362355e-7,1.1069373766372183e-7,7.532930995693803e-8,9.40525217388089e-8,2.985874919083103e-7,3.9519626501017413e-7,8.528214948688738e-6,3.727253792513614e-7,1.805670327654054e-7,1.6917581632078318e-7,3.5024773321892215e-8,1.3023168994392934e-7,1.8503354442410257e-7,5.108741370093274e-8,2.004094542595132e-7,3.06211798562028e-7,7.062009874616624e-7,2.686833800423311e-7,2.4145299568789837e-7,2.1595338279563868e-7,1.588118135949294e-7,1.7543076158804385e-7,6.599135138066476e-8,2.7175185208607764e-7,1.5941020899417978e-7,3.771055655466467e-7,0.000014043927362761721,4.216457825701846e-7,2.6908860875530475e-7,2.3113398740589368e-7,4.120139118011394e-8,1.316799487421158e-7,1.8512794965172392e-7,2.200832765063296e-7,3.448613060933968e-7,2.446657886030664e-7,5.73258119442648e-7,2.387933277719794e-7,3.260661578497153e-7,7.851804092960917e-8,1.5213959603391322e-7,1.0875884789051535e-7,7.631709880601999e-8,1.021093977895064e-7,2.9512882496229067e-7,3.994550331368139e-7,0.000042490954787125,3.700348985214821e-7,1.8933220131988187e-7,1.6800047948391856e-7,3.155115484319525e-8,1.3230569935183688e-7,1.8423572605743963e-7,4.5502282103521697e-8,2.0002110944130733e-7,2.9978888585660843e-7,0.00006596812454050463,2.7550120322735526e-7,2.4140859677119775e-7,2.1149929353731147e-7,1.590027221140612e-7,1.7252776995028338e-7,7.029723274829457e-8,2.6870887148645717e-7,1.4926102864602334e-7,3.8050890170305243e-7,0.00004253831491913723,4.1631489537795745e-7,2.7146231955994814e-7,2.231388543750997e-7,3.7397677266826404e-8,1.3433264287120564e-7,1.8484524904549e-7,2.140803077611743e-7,3.499307198343522e-7,2.3614909935795776e-7,5.730922720742097e-7,2.4679046177646423e-7,3.195252020764165e-7,8.724131892401206e-8,1.5354509643608358e-7,1.067228299253879e-7,7.732235095749301e-8,1.100158224248354e-7,2.9171870739974305e-7,4.035448967068843e-7,0.00001409022410183209,3.6721027998041895e-7,1.9808388396874614e-7,1.6702919239189296e-7,2.805074766659845e-8,1.343248949928067e-7,1.8320680679737171e-7,4.007648189175201e-8,1.9954358082968255e-7,2.9333506969603007e-7,7.068941944408635e-7,2.8228686398837185e-7,2.411992684815789e-7,2.0700889832303324e-7,1.5910176194611785e-7,1.6961099727657369e-7,7.463084910711807e-8,2.6570294623290007e-7,1.3908767582468496e-7,3.8373412240221786e-7,8.576684729924484e-6,4.107766562191367e-7,2.739873110115429e-7,2.150213211239092e-7,3.416729915373424e-8,1.3697035632802921e-7,1.8450417926517805e-7,2.0849388830455687e-7,3.550167755850943e-7,2.2763708124132365e-7,5.728822312452981e-7,2.548750048882421e-7,3.1299795364021746e-7,9.677010063014612e-8,1.5487600551733065e-7,1.0458723095437131e-7,7.833306846033681e-8,1.1774332284303612e-7,2.883672093172372e-7,4.0746079468403744e-7,5.997420858632931e-6,3.642469708145902e-7,2.067895353076254e-7,1.662846138598489e-7,2.4523628388733422e-8,1.362875265626103e-7,1.8195123577740379e-7,3.4828955585008085e-8,1.9899878720072822e-7,2.8684575402817396e-7,7.068653523462717e-7
5.740140598179159e-7,5.892271060540373e-8,4.1045560972066335e-7,2.0126216126167735e-7,1.7179818691110138e-7,1.8036923902350012e-7,2.996457428909084e-8,8.176505723173253e-8,4.5400657715860723e-7,3.1817456343753596e-7,0.00001777429648966439,1.3462577615651892e-7,2.1320614972241335e-7,1.2017795245211206e-7,4.1855346045142764e-8,1.0581248571229336e-7,2.1020819093806072e-7,1.4430958324497148e-7,3.186050152937588e-7,2.4794577773777906e-7,7.526688107572439e-7,2.5159076745016e-7,3.2256699375561253e-7,2.701359857729784e-7,1.680251937193308e-7,1.5415668225933166e-7,2.3327568106705356e-8,1.8290589287891054e-7,1.7554322272590973e-7,2.0254264856356597e-7,0.000024695883786707497,1.935866056367806e-7,5.920163015213806e-7,1.4390177351920606e-7,2.744380241993102e-8,1.564314779846634e-7,2.0217436148380559e-7,2.803666044564778e-7,2.408640357612634e-7,1.0659759516891526e-7,5.737614260690046e-7,4.496640135269229e-8,4.025519436115466e-7,2.045953450341276e-7,1.7181953120785162e-7,1.7730856017857332e-7,2.6013686658593186e-8,8.369992868060776e-8,4.6029576382429037e-7,3.2722577515855734e-7,0.00004136647630129478,1.2992525497418788e-7,2.1309907364689655e-7,1.1663658954638401e-7,4.4485037182731516e-8,1.0914273138104447e-7,2.0971659978874774e-7,1.3981898892288747e-7,3.195253686342451e-7,2.465539282273012e-7,7.528772419011293e-7,2.530412270868635e-7,3.2403362416699963e-7,2.7477083186997363e-7,1.6732362875944058e-7,1.5040264788736843e-7,1.6432806971933643e-8,1.8696242522659895e-7,1.746725041156334e-7,2.0215389922122142e-7,0.00012374640738184784,1.8707539710470337e-7,5.881456097144821e-7,1.3939494389465607e-7,3.143123424276121e-8,1.60165569874136e-7,2.0419690332686123e-7,2.7576029778957224e-7,2.510865770721183e-7,1.233405421086656e-7,0.0001939017034130473,3.073624922175894e-8,3.941418477999836e-7,2.0795249984458372e-7,1.7164841289509565e-7,1.7413885362711132e-7,2.243442744924698e-8,8.567572465529751e-8,4.659966477838183e-7,3.359222828626351e-7,0.00012368904053559245,1.2542568827381844e-7,2.1266017972839101e-7,1.1322605598208037e-7,4.765681124452663e-8,1.1239155115064619e-7,2.0913062974219428e-7,1.3513537690824176e-7,3.1989140529399624e-7,2.4517462163028055e-7,7.525434140740705e-7,2.544433388183054e-7,3.249079101616174e-7,2.7910722245416525e-7,1.6649630000589274e-7,1.4654585771499346e-7,1.0007733494647417e-8,1.9106614884768326e-7,1.7361601213645476e-7,2.0215247173268158e-7,0.000041309277155309195,1.802180910191906e-7,5.835476438202799e-7,1.3462906649706478e-7,3.592458770183888e-8,1.638259882704392e-7,2.059725533968601e-7,2.710708056434227e-7,2.6100448740375095e-7,1.3981876669032236e-7,5.732289051327743e-7,1.641912157134566e-8,3.8523355412644803e-7,2.1133624495310635e-7,1.7128584834406258e-7,1.7086452018198137e-7,1.949897495304552e-8,8.767518229800274e-8,4.7109720736491567e-7,3.442358881891358e-7,0.000024638369899915894,1.2116786126548828e-7,2.1189943536852093e-7,1.0995526665220496e-7,5.128001898858394e-8,1.155513238058256e-7,2.0845026411089077e-7,1.3028161041181296e-7,3.19705448802734e-7,2.437871249370344e-7,7.516682719121088e-7,2.5581973836230206e-7,3.251859242974528e-7,2.831302033679493e-7,1.655440056285465e-7,1.4259378310900405e-7,5.6631274792766095e-9,1.952080556494835e-7,1.7235843360171801e-7,2.0254183450737543e-7,0.00001771728912429259,1.7305618056391065e-7,5.782283379719483e-7,1.295979802317285e-7,4.072561026876188e-8,1.6740461212843736e-7,2.0750083477522986e-7,2.6629911017360734e-7,2.7059678230415484e-7,1.55993271629876e-7,5.729488879826586e-7
4.019264756486569e-7,9.277280308890977e-7,1.1703819436269471e-7,1.3153788110218554e-7,3.031306109293129e-7,1.674617288656551e-7,2.687444051458875e-8,1.143301275139371e-7,2.5307477337002733e-7,1.0515534212464577e-6,0.000011569288255308582,3.6299454823738244e-7,1.0748355370440671e-7,2.426309892940535e-7,2.584318301541421e-8,1.996006952813652e-7,2.2450385634107808e-7,1.5306819342345773e-7,1.6919555483398856e-7,4.265349787830425e-7,3.999204183069447e-7,2.8112231611377823e-7,1.847149890455735e-7,7.168351754515603e-8,3.3103615761960123e-7,1.536612519027546e-7,3.756093580924398e-8,2.1315120734931904e-7,2.299417496141405e-7,4.6797270894927915e-7,0.00001547758115660883,9.766536439417143e-7,2.6731944138482843e-7,1.5074875315735265e-7,7.474276163482445e-8,2.1659272696387566e-7,2.472656230950185e-7,2.446465078637677e-7,1.7015530585245414e-7,9.57274215479357e-7,4.0310567717993193e-7,9.412740344587645e-7,1.1955245134569737e-7,1.3730091299214178e-7,3.0432602171652025e-7,1.624406440309437e-7,1.964102386415055e-8,1.201656916665053e-7,2.473784698840942e-7,1.0308249471331025e-6,0.00002653517808468371,3.7110700480571344e-7,1.0133947823131892e-7,2.399415195239222e-7,1.908968127778499e-8,2.0442327784655112e-7,2.247195238097983e-7,1.4885926035860065e-7,1.671451217093477e-7,4.0863504171714626e-7,4.015161990490386e-7,3.0143780226822706e-7,1.9759076455021098e-7,7.28038291209142e-8,3.311403372402749e-7,1.4817093085033709e-7,3.603567458489951e-8,2.1788832386187784e-7,2.353717716531865e-7,4.615317601670941e-7,0.00007835020304826495,1.0012690067805325e-6,2.726474233443214e-7,1.4502355786388885e-7,7.023194117796276e-8,2.2223206998763109e-7,2.470109883887304e-7,2.3975834702662215e-7,1.668651824893411e-7,9.472029548553703e-7,0.00012384419459088793,9.54002393894612e-7,1.2202346124273334e-7,1.4291369356079958e-7,3.053419885503086e-7,1.5724025362280532e-7,1.242949669299417e-8,1.2599130332830554e-7,2.4161301218806596e-7,1.0093665633971375e-6,0.00007827092597237328,3.7868262156055844e-7,9.494602210253164e-8,2.3702850142334044e-7,1.284740259242865e-8,2.0912928648121223e-7,2.247045074324835e-7,1.446431946741754e-7,1.6600813777025265e-7,3.9013730891380715e-7,4.022246795061489e-7,3.2122634280766465e-7,2.105601350738354e-7,7.401812262131476e-8,3.309935048677413e-7,1.425788180732673e-7,3.586668060142421e-8,2.2235898938829745e-7,2.4052339255312735e-7,4.544511313975988e-7,0.000026454666208986684,1.0251301710182102e-6,2.778543977035464e-7,1.392735633906953e-7,6.638933208931535e-8,2.277037389431191e-7,2.465693970352922e-7,2.3462987082250937e-7,1.6359558618067555e-7,9.363044589767395e-7,4.015406583962204e-7,9.65872066591722e-7,1.2444471556687386e-7,1.483538484076902e-7,3.0617809408765486e-7,1.518652548192572e-7,5.274857551894835e-9,1.3179564719660766e-7,2.3579761092090427e-7,9.872262033283211e-7,0.000015399663234242025,3.856770792034501e-7,8.833308422981533e-8,2.3389124414742518e-7,8.278766255396765e-9,2.1371309615290682e-7,2.2445880351651038e-7,1.4041973303656913e-7,1.6578215996062278e-7,3.710876876395948e-7,4.0205002606230956e-7,3.404330736505273e-7,2.2359351336380453e-7,7.531514557655023e-8,3.3059647398607444e-7,1.3689492055744632e-7,3.708639580430534e-8,2.265644752566439e-7,2.453739393732894e-7,4.4677082119401134e-7,0.000011487663536258772,1.048191043728826e-6,2.8291897270564274e-7,1.335132447050702e-7,6.335441575076151e-8,2.3300201932181947e-7,2.459407211027258e-7,2.2927438313292338e-7,1.6035460275424448e-7,9.246200565414324e-7,3.98774285937194e-7
0.00009204290535981713,0.00003532730007309802,0.000019031472985830384,4.6056809668918023e-7,0.000010822621594832226,8.226033132896883e-6,3.7437646135272597e-6,0.000014388899750107143,0.000011369738765829675,0.000022193862452773466,0.002067867056925706,0.000024199178596802772,9.216122072685444e-6,0.000014356741486590077,4.6304198894557226e-6,7.6086805369626735e-6,0.000011239795601551488,1.4219975531840383e-6,0.00001843472526245659,0.00003947069450538088,0.00010030613868296835,0.00003616387031940837,0.000018805708526840612,5.159067001252583e-7,0.000010966152916435599,8.138187937610031e-6,3.8039462624717834e-6,0.000014443904007428247,0.000010898717748541162,0.00002217554700095558,0.002886654254938073,0.000024178380994117973,9.659095164527929e-6,0.000014310580293341784,4.576139460713879e-6,7.703327919052483e-6,0.000011106898392117702,1.3024081711375767e-6,0.00001870916435052157,0.00003853968187830601,0.00009207356728261186,0.00003640709684103711,0.00001891618084440089,5.927676964564083e-7,0.00001095196637302738,8.035432841046298e-6,4.014404615761744e-6,0.000014367591714127554,0.000010816595911712409,0.000022908218270481874,0.004823783296581767,0.000023530983919399806,9.757005396089837e-6,0.00001440046901674519,4.366905995190674e-6,7.810896547597447e-6,0.000011126147037739035,1.100531146656263e-6,0.000018596374886982564,0.00003834580759004451,0.00010033216224893064,0.00003728137599396016,0.000018672859889522908,6.954192569601541e-7,0.00001109266325397232,7.945202403494379e-6,4.072945625999894e-6,0.000014417647071251528,0.000010356092502033863,0.0000229156997892454,0.014457346325668734,0.000023530454191045993,0.000010210978993380138,0.00001434926326980354,4.311180036092342e-6,7.903168096870842e-6,0.000010989976146783604,9.8482704440865e-7,0.000018853262212574733,0.00003745828193166265,0.02262438115775496,0.00003748766816069802,0.000018786802920675337,8.65932189698561e-7,0.000011075203262721194,7.839965664200825e-6,4.2820239214670985e-6,0.000014337863390070262,0.000010263896190109815,0.000023589011197531018,0.014457256130529943,0.000022826996548761848,0.00001029878185215067,0.000014435771446003313,4.100209292333424e-6,8.008395369805873e-6,0.000011006157587633316,8.156241859649581e-7,0.000018743720099125246,0.0000372242367181286,0.00010033169643367342,0.00003840257717519068,0.00001852581313698079,9.80444547042907e-7,0.000011212913042803844,7.747387463734873e-6,4.3389530798501585e-6,0.0000143828788744772,9.814074277378649e-6,0.000023619385388654815,0.00482369279010801,0.00002284957619228382,0.000010763635463029641,0.000014379605293110294,4.043006333445201e-6,8.098251860216603e-6,0.00001086686571096975,7.12406154872174e-7,0.000018983123377672307,0.00003637719869844925,0.00009207327284924783,0.00003856856122274977,0.000018643192435081756,1.1883308538399318e-6,0.000011192248334337644,7.639744413984976e-6,4.54644692948004e-6,0.00001429979535765146,9.711980793819764e-6,0.00002423684793424271,0.002886564375881242,0.000022086552994545373,0.000010841149444942893,0.000014462558417390567,3.830497555518224e-6,8.201062764765133e-6,0.000010879909794238055,6.161775160695108e-7,0.000018876870330938354,0.000036106368664539254,0.00010030474135941335,0.00003952708680535798,0.000018364458941494968,1.3053067730114063e-6,0.00001132681961524483,7.544857331597105e-6,4.6017970917852015e-6,0.000014339689725977547,9.272967403954186e-6,0.000024287268081733878,0.0020677762440380557,0.000022135141889115282,0.000011316725712746007,0.00001440152559037713,3.771789917363046e-6,8.288466517165655e-6,0.00001073765100786758,5.519166967438342e-7,0.00001909889471625407,0.00003529688488687253,0.00009204231643126865
1.0120390475722443e-6,1.3726264346737113e-7,3.449189948872714e-7,2.0753178856090006e-7,3.191159141737314e-7,3.056439730863596e-7,3.8250296902694755e-8,3.97960361943517e-7,2.8361921532146844e-7,9.063741700763723e-7,0.000013656911324070738,3.138006359393238e-7,4.404613386211121e-7,2.908507549732902e-7,5.357218657327258e-8,2.428678232583651e-7,4.0776190535195677e-7,2.6761338422229415e-7,4.3077153358279704e-7,1.132395104001121e-6,5.665374429478775e-7,1.083022838438559e-6,3.658106340835235e-7,3.1399823270590865e-7,3.214633691865453e-7,3.2358687871738154e-7,5.68622431255442e-8,2.8843149986622e-7,5.27822881199355e-7,3.9977401675217727e-7,0.000019626085567945932,9.57788449624647e-7,4.1235627317350104e-7,3.9672659555664937e-7,4.255123513967451e-8,2.2207863204412142e-7,4.1779248686492324e-7,1.5226056201086342e-7,1.868649616775106e-7,1.2040684365955545e-7,1.0140519813611648e-6,1.4576034965822973e-7,3.3128056049944716e-7,2.158223817213275e-7,3.2062069288438185e-7,2.990771600671145e-7,4.645091040551524e-8,4.017344524315267e-7,2.8297569927635834e-7,8.997342260066231e-7,0.000032217426649318834,3.3549873372996417e-7,4.5337582829217725e-7,2.8495132316821545e-7,4.6404723704574266e-8,2.498607538608576e-7,4.065210641866582e-7,2.5664582707557955e-7,4.317014817500235e-7,1.1088355257852068e-6,5.656869906436479e-7,1.1072472271418148e-6,3.629876873487191e-7,3.2474395160801605e-7,3.2273291955929525e-7,3.165029690142151e-7,6.718204082843995e-8,2.9486033025459006e-7,5.139589286337936e-7,3.777017077030434e-7,0.00009756790777803975,9.64585127898154e-7,4.1469602487217067e-7,3.9253898713456095e-7,3.238418560349418e-8,2.2982166774524702e-7,4.172639683548432e-7,1.442671395585681e-7,1.9862908923936294e-7,1.1790942601543654e-7,0.00015208834291767699,1.5383017241317035e-7,3.173391434636143e-7,2.2415068512327813e-7,3.2182012969303325e-7,2.923248017712875e-7,5.535278437538979e-8,4.051565095009787e-7,2.820810569624188e-7,8.922113562176512e-7,0.00009766649282543413,3.5738694838303644e-7,4.6625243932806766e-7,2.789221708479175e-7,4.050969043082478e-8,2.5666579418285856e-7,4.050236813640454e-7,2.454885634423577e-7,4.32538160645199e-7,1.0844832392436796e-6,5.660022182298157e-7,1.1307148068662606e-6,3.601431154091439e-7,3.3525432901745695e-7,3.2374188266978247e-7,3.091966262346381e-7,7.770327331630781e-8,3.0112934559624127e-7,4.99985221084169e-7,3.558367881712851e-7,0.000032315449404111436,9.70532596031707e-7,4.1673457736519924e-7,3.8797591814038266e-7,2.2213301258181262e-8,2.373957893757228e-7,4.164110091756531e-7,1.3630927159140887e-7,2.1054816299748383e-7,1.1580881944043933e-7,1.0141556646667277e-6,1.6142210243374895e-7,3.0311945823414725e-7,2.3251215194104172e-7,3.2271323177183593e-7,2.8539296044448126e-7,6.466148335083883e-8,4.082290809721214e-7,2.8091691431439235e-7,8.838472575435438e-7,0.000019725251325022664,3.793046259865737e-7,4.790671839740469e-7,2.7277378638585246e-7,3.6562371137025376e-8,2.632735615472646e-7,4.0327142328156266e-7,2.3415933648055136e-7,4.3329774271696305e-7,1.059384870511339e-6,5.674811616511354e-7,1.1533812730606702e-6,3.572629421757014e-7,3.4551648606305954e-7,3.2448905697545424e-7,3.016748556666109e-7,8.831993693562741e-8,3.072289397817325e-7,4.859258974233091e-7,3.343720416925191e-7,0.000013754383413463146,9.755878442896433e-7,4.1848899408122706e-7,3.830350305925572e-7,1.206757330987012e-8,2.447932966752278e-7,4.152341644898511e-7,1.283990816030006e-7,2.2252683140984522e-7,1.1427461366193675e-7,1.0122461705607744e-6
1.3913115002768537e-6,3.4857190468206913e-7,6.37454532870411e-7,6.658137676097777e-8,1.823487433221901e-7,1.65691628745053e-8,6.753804786121648e-8,1.3105137132289938e-7,3.9967141722474493e-7,5.098288311366162e-7,0.000016428017126066637,8.533813379624933e-7,3.1521021292018753e-7,4.595133562716114e-8,4.169616907375335e-8,1.5356105594155152e-7,5.263198395294802e-8,2.0228945375566535e-7,4.3999286569524884e-8,1.7493321125455915e-7,1.2418737671995016e-6,3.7390576268436756e-8,7.189151327906786e-8,1.2193407290284967e-7,1.944157713684359e-7,5.4883150460140634e-8,7.212863937251424e-8,1.2133878057580971e-8,3.914855253025092e-7,7.27122084546863e-7,0.000023207060791153625,5.058074893653565e-7,2.7647377098914507e-7,1.507532618144589e-7,4.1502846067063815e-8,1.0234184085847387e-7,4.950853876519411e-8,2.1788713854836648e-7,6.835421888362419e-7,3.6712673334493605e-7,1.392596712782691e-6,3.5949323861816374e-7,6.390875704652061e-7,6.743099158593762e-8,1.821218216715062e-7,1.6027474600635722e-8,6.452965856790796e-8,1.2761523797671997e-7,3.953918619626041e-7,5.0565313094165e-7,0.00003857037389815081,8.460646778172783e-7,3.0401263780919786e-7,4.8376225049266267e-8,4.203040352981701e-8,1.5569933974017387e-7,5.4068686187968044e-8,2.0074088798876432e-7,5.201104892128635e-8,1.5259113295914066e-7,1.242465340530168e-6,4.8159728759138074e-8,7.978323855756743e-8,1.2392327867094607e-7,1.9323259745057665e-7,5.181460733699555e-8,6.873595099751284e-8,1.6324048922161256e-8,4.0237807954402173e-7,7.346601231119065e-7,0.00011613587473293055,5.11960075529401e-7,2.8123820808500797e-7,1.5202352741904508e-7,4.331509874547492e-8,1.0503514049511525e-7,5.107450086859121e-8,2.1714786141732287e-7,6.824808786366182e-7,3.5491190671771836e-7,0.0001810838378945074,3.704545670649093e-7,6.400289767233285e-7,6.814204343550746e-8,1.8182102136941901e-7,1.582396328793356e-8,6.154322479359894e-8,1.2415731446826808e-7,3.9071638267001836e-7,5.011629797057234e-7,0.000116253895033108,8.380763132913561e-7,2.9217196621831156e-7,5.1221024881943715e-8,4.260111852707402e-8,1.5774293834277232e-7,5.533292276539264e-8,1.9913222073322715e-7,5.971277920646155e-8,1.311072069158845e-7,1.2428353909741536e-6,6.732759537964754e-8,8.817528701938037e-8,1.2599579350750853e-7,1.918917271832712e-7,4.8675958002983804e-8,6.525918409207361e-8,2.07026830487334e-8,4.1255094375938643e-7,7.415570261430822e-7,0.00003868916304674435,5.178077390916617e-7,2.8565814443395226e-7,1.5342336262507326e-7,4.561896457318501e-8,1.0766185736708652e-7,5.259138549385915e-8,2.161314269823198e-7,6.806766548588653e-7,3.4268553823754623e-7,1.3929597971782653e-6,3.814676941180403e-7,6.402749481997918e-7,6.869428300792356e-8,1.8144729302142845e-7,1.600882770521173e-8,5.8584591171834275e-8,1.2071150753627875e-7,3.8564773101996715e-7,4.963907816574799e-7,0.00002332435091452266,8.294317520487715e-7,2.7970627231392194e-7,5.444785069848464e-8,4.338196772926588e-8,1.5968944818476722e-7,5.642425604518364e-8,1.974671193919088e-7,6.709738682035406e-8,1.1080979010837047e-7,1.2429839140198929e-6,8.991376404516231e-8,9.700356104022878e-8,1.2814075340446015e-7,1.9039728632055585e-7,4.5475908773611404e-8,6.170317802732231e-8,2.5091374194459776e-8,4.219941094124951e-7,7.477957378817562e-7,0.0000165476149226433,5.23317430557035e-7,2.897329309939881e-7,1.54928096369594e-7,4.835106886776384e-8,1.1021691485810862e-7,5.405595484200988e-8,2.148462633811039e-7,6.781351267472072e-7,3.304323295751084e-7,1.392036678303513e-6
3.8113835983329255e-7,1.6946042595219353e-7,1.8464146980784883e-7,7.269745432858066e-8,2.054502260382152e-7,7.148559141126885e-8,1.9572301753521153e-8,6.867439195794302e-8,1.3314569224608341e-7,3.0658268304958184e-7,6.910027286764583e-6,3.790955437802154e-7,1.13936318677526e-7,1.6536430165665462e-7,1.1265828812207811e-7,9.979261496780964e-8,2.566962468727269e-8,1.1308192616832348e-7,2.4016165902774614e-7,9.569821264048841e-8,3.2442762300317527e-7,1.6619700315628663e-7,2.0595890641813657e-7,1.2570662255836397e-7,7.599447408598937e-8,1.3278216923978807e-8,1.1048180721398935e-8,1.6693648327293224e-7,1.713090708778427e-7,3.8312764748120387e-7,9.472019960415203e-6,2.7841201445766176e-7,1.2996795629562314e-7,3.840984979877421e-8,3.518966837889261e-8,1.1798966666784714e-7,1.9398737049725704e-8,1.9087019165176217e-7,1.812730717362707e-7,1.1568668434661929e-7,3.80691435086956e-7,1.724603621369212e-7,1.8918153858636266e-7,6.902871135617373e-8,2.0583550395614854e-7,7.15926988699728e-8,1.745974698796446e-8,7.599140188308838e-8,1.2878179412189788e-7,3.036064017453209e-7,0.000015940057821475147,3.792448689624066e-7,1.1033504710786746e-7,1.6419554545675438e-7,1.1017434142922866e-7,1.0155751583679578e-7,2.37581019518978e-8,1.1718393816148027e-7,2.4447074456476686e-7,9.404096408147346e-8,3.2444512866407307e-7,1.6682095681352425e-7,2.00646835400138e-7,1.2846490050988854e-7,7.687997026239117e-8,1.4202882648283319e-8,1.209568293207934e-8,1.7505410283023806e-7,1.70598308183745e-7,3.855265646448374e-7,0.00004740139984471109,2.811617459264737e-7,1.356962992392404e-7,4.5207206382578116e-8,3.7263282604331536e-8,1.1846600383157652e-7,2.1161611323939343e-8,1.9502963065506852e-7,1.7971028896886942e-7,1.128209152767762e-7,0.00007451920638604577,1.754102516819886e-7,1.935913764771773e-7,6.562505123057226e-8,2.0608369450902372e-7,7.178475826488694e-8,1.5453478666195472e-8,8.340096399332446e-8,1.2468045516340018e-7,3.0066321506275335e-7,0.00004727818623999496,3.792475201619365e-7,1.0694637036836779e-7,1.6318921696689217e-7,1.075629590462113e-7,1.0331728227266119e-7,2.203484593836639e-8,1.2189027736405769e-7,2.488547569599054e-7,9.297977181085101e-8,3.244540327803831e-7,1.6764291143102413e-7,1.9549702732056024e-7,1.3181990487340094e-7,7.771994554208028e-8,1.51573247823477e-8,1.3481860449577427e-8,1.8295467887232332e-7,1.7006073566490934e-7,3.8777823072053925e-7,0.000015816561648462536,2.83985394088567e-7,1.416461215748427e-7,5.2300257977245004e-8,3.920434379079351e-8,1.188989956797848e-7,2.273903948154723e-8,1.9916534714637768e-7,1.7809621682640198e-7,1.0989180935265045e-7,3.790956537448166e-7,1.7830876042484845e-7,1.978454245813373e-7,6.257468481197617e-8,2.061922583119061e-7,7.206603179432039e-8,1.356553468689273e-8,9.081726803192118e-8,1.209013847909895e-7,2.97762084156248e-7,9.349167429883598e-6,3.7911590229642837e-7,1.0378699314865843e-7,1.6237716321326104e-7,1.0482185920603778e-7,1.0506995092733782e-7,2.049717455313104e-8,1.2706976264847744e-7,2.533038316784677e-7,9.250977419442134e-8,3.2445438488681225e-7,1.6867377062457656e-7,1.9052186026476382e-7,1.3575607483872183e-7,7.85148680341266e-8,1.6139831421708244e-8,1.501240215326591e-8,1.9061681953161304e-7,1.6969423993012254e-7,3.898712643975302e-7,6.7863215541518855e-6,2.868743219049986e-7,1.4774667449719983e-7,5.961294587684618e-8,4.101165879722567e-8,1.19288217461929e-7,2.4137969019496105e-8,2.0324700869042428e-7,1.7645319383482454e-7,1.0689477948481213e-7,3.779480380122317e-7
6.798641891852436e-7,1.212102960632488e-7,1.7552738065321366e-7,3.276794273551572e-7,3.2972381143359137e-7,2.0140499038636665e-7,1.0185217473723935e-7,1.9521815297194669e-7,2.810735289875871e-7,4.259486214833464e-7,9.464844225022053e-6,3.038513831682526e-7,3.3088048941299117e-7,2.764496793827431e-7,1.2783170677626678e-7,1.6596351560239679e-7,2.860871707498386e-7,1.8859001453849743e-7,2.349310781279716e-7,1.0176851307773435e-7,6.495301000415602e-7,1.093112343235415e-7,1.922955122277478e-7,2.5508600059346245e-7,7.064227212877078e-8,2.7195876931125797e-7,1.1258981842824415e-7,1.8305494352458926e-7,2.7153081309111606e-7,4.1443286700862376e-7,0.000013225059719410943,3.207312457261206e-7,3.260683765043539e-7,1.304871562888324e-7,1.6593466251755783e-7,1.2237255066646338e-7,3.595910171299299e-7,1.7514688041091084e-7,2.308009306849018e-7,1.530414207259908e-7,6.799018310444197e-7,1.1997568604420857e-7,1.7379035385180172e-7,3.35241024737571e-7,3.324254560475286e-7,1.9485909275689178e-7,9.096895300275803e-8,2.013364195419684e-7,2.779814055506452e-7,4.241880710946105e-7,0.000022023553335711654,3.0254440430792236e-7,3.317493017074313e-7,2.7347901097305937e-7,1.2353645037595088e-7,1.7321215921328218e-7,2.874475754857302e-7,1.8343222152429643e-7,2.3594410633913693e-7,1.0083129928065105e-7,6.495958306928734e-7,1.1541396874662677e-7,1.871799852148638e-7,2.578109109212618e-7,6.55231670758966e-8,2.6893312026273183e-7,1.0977784213624238e-7,1.8713567794182026e-7,2.722306410931911e-7,4.147489344001949e-7,0.00006593346743683767,3.2234857548599494e-7,3.274024301828541e-7,1.2296245644233704e-7,1.740145952214034e-7,1.2571725192062338e-7,3.5539701663180076e-7,1.6872765862786082e-7,2.273942899818928e-7,1.5678206725843445e-7,0.00010293871015762033,1.193200186626534e-7,1.7233555528471778e-7,3.424308649559235e-7,3.3489193485689207e-7,1.8823615518709396e-7,8.060344565392899e-8,2.074261527413217e-7,2.747683461039836e-7,4.222055081668102e-7,0.00006579456753526893,3.0109214551626166e-7,3.324256204410678e-7,2.701105575277068e-7,1.1938063676939974e-7,1.8021963658633398e-7,2.8873098124916255e-7,1.7826074467771395e-7,2.372358128483813e-7,1.010415461595074e-7,6.49409420359389e-7,1.2201725690861685e-7,1.8222334636589138e-7,2.6045312996279054e-7,6.039593558797005e-8,2.6570699038306525e-7,1.0724123302890125e-7,1.9091016528091085e-7,2.7282094684369296e-7,4.1483402364657503e-7,0.00002188569973311256,3.238175884521005e-7,3.2860654486877643e-7,1.1538303011983735e-7,1.8230561747572566e-7,1.2914252240816537e-7,3.510180865681808e-7,1.6198502335106568e-7,2.2400709293918967e-7,1.6086513538278344e-7,6.788967976598089e-7,1.193012374765276e-7,1.7115838092469886e-7,3.492456665328088e-7,3.371099619416586e-7,1.8154366658999623e-7,7.104849724900432e-8,2.134811624021131e-7,2.714405123108657e-7,4.200125544152158e-7,0.000013085160989119612,2.9949144576953445e-7,3.329157851747308e-7,2.663498569740772e-7,1.1537638077427221e-7,1.869825102315123e-7,2.899338699629093e-7,1.7308005612357817e-7,2.38801353815226e-7,1.0234921811028453e-7,6.489700158688957e-7,1.2906672648737994e-7,1.7744839606419747e-7,2.630191341335006e-7,5.5274430188598795e-8,2.6228807970037747e-7,1.050301651151276e-7,1.9437632260137743e-7,2.732907382278748e-7,4.1469069779118145e-7,9.328084526339288e-6,3.2512739742074216e-7,3.2967782751282194e-7,1.0775015079793604e-7,1.9074751730305084e-7,1.3263451962471994e-7,3.464719142533693e-7,1.549223186403223e-7,2.2065415047119164e-7,1.6522867319153017e-7,6.778544951356913e-7
8.458472517762119e-7,1.1600130428723416e-7,3.0483342170164216e-7,8.8714210608099e-8,3.0134736003923826e-7,2.780820051632042e-7,9.47366577701473e-8,6.038951547713419e-8,2.567714327762328e-7,4.604917291410661e-7,8.426543098614732e-6,5.415963155892931e-7,1.250422025931584e-7,1.559882375106244e-7,1.2233967586895155e-7,3.921918403084149e-7,1.9678172988672125e-7,2.0928704730069098e-7,2.1183351344027023e-7,1.21473129604254e-7,8.477778453564183e-7,8.587527110467396e-8,2.3443144855180406e-7,4.8269560196122134e-8,2.3430976895191743e-7,3.4476572559252807e-7,1.578475297917158e-7,1.2791629066542452e-7,1.7562896811637206e-7,4.78070222591318e-7,0.000011849115414521596,5.230432191647798e-7,1.6143121725222175e-7,8.964851004329811e-8,1.6105429986339612e-7,2.919057971197568e-7,6.371208319631073e-8,2.3109765609105077e-7,2.694596734996951e-7,1.3307886993036526e-7,8.46412301024452e-7,1.1906616276787577e-7,3.097033106709802e-7,9.404338345742252e-8,2.9968622504517817e-7,2.7847409717371414e-7,1.0339591299012731e-7,6.494527653417249e-8,2.55025348496447e-7,4.5869297682194694e-7,0.00001980844819210826,5.423669513637812e-7,1.2348176212660607e-7,1.556442535729366e-7,1.1595516302736569e-7,3.954817983466946e-7,2.0144052127139922e-7,2.0684389323468914e-7,2.1052633023193474e-7,1.0809992149681071e-7,8.486512900061102e-7,9.232397060665966e-8,2.370253582351295e-7,4.972499923634377e-8,2.3046710393258997e-7,3.439502549106027e-7,1.574126064091581e-7,1.286395114659086e-7,1.7722190463159334e-7,4.794568115931385e-7,0.00005960757621559451,5.247546273468492e-7,1.6444158150378706e-7,8.501908375666926e-8,1.5666503487487487e-7,2.916793977733825e-7,6.967795700290064e-8,2.2771007091728642e-7,2.673662522027124e-7,1.2351282595080113e-7,0.00009300432861282457,1.232294845844261e-7,3.144388362197097e-7,9.915088933647707e-8,2.9793502554116415e-7,2.784057636637312e-7,1.1192019435889531e-7,6.952812829189119e-8,2.5324583433776894e-7,4.5666097433543114e-7,0.00005975267729540547,5.427849247939605e-7,1.2192221935329265e-7,1.5513623086284126e-7,1.0943901475084558e-7,3.9819658707973144e-7,2.0589103651430874e-7,2.042741140944933e-7,2.0933805019828932e-7,9.49196614450986e-8,8.492305448928661e-7,1.0013608851298906e-7,2.396337379868386e-7,5.1090843686000116e-8,2.2640854221712785e-7,3.424987675305487e-7,1.5701363632489143e-7,1.293535456464335e-7,1.78825762599374e-7,4.805150464684649e-7,0.00001995419931357305,5.262046040331972e-7,1.6758473515979914e-7,8.045052899418838e-8,1.524280792989441e-7,2.909210683319663e-7,7.55144684822501e-8,2.2417144457938078e-7,2.6519572725715283e-7,1.1421764291806247e-7,8.463863975826454e-7,1.2841853812970359e-7,3.19028815893372e-7,1.0403188903215298e-7,2.9610778241603534e-7,2.7787542956105545e-7,1.2028036029565153e-7,7.412026387114484e-8,2.514342601054753e-7,4.5440636656555363e-7,0.000011993606857271602,5.428476979151111e-7,1.2039103286966968e-7,1.5446270287013554e-7,1.0280946612144056e-7,4.003371349853764e-7,2.101116358782509e-7,2.0157836810405923e-7,2.0827596718522275e-7,8.196206640234142e-8,8.495150979817352e-7,1.0907284962737465e-7,2.4225176965212717e-7,5.2376347578581604e-8,2.2215597340716135e-7,3.4041269839570537e-7,1.566315458834156e-7,1.3006090888673515e-7,1.8042088317596905e-7,4.812449316014753e-7,8.572983055229876e-6,5.273843443571406e-7,1.7085433381442098e-7,7.596031168885713e-8,1.4840149087093758e-7,2.8963442911105847e-7,8.119616625921429e-8,2.2049055023068119e-7,2.6296124468816195e-7,1.0523149675745449e-7,8.457961849140455e-7
6.233044451867922e-7,1.1202292519667268e-7,2.475545141308073e-7,9.774219463193154e-8,2.1970083966979216e-7,1.1047424570698053e-7,1.828242672662798e-7,7.855563556329129e-8,1.5652411666001975e-7,3.9684762600298735e-7,6.130597619553005e-6,4.1960389853712395e-7,1.242869556578451e-7,1.3511111898256203e-7,1.3401045234156963e-7,1.3302806492829465e-7,1.8245347028611043e-7,6.34119398984108e-8,2.261395157434078e-7,1.8346162839289457e-7,5.892019466089854e-7,1.147494111803515e-7,2.61608424093562e-7,1.7850095379462457e-8,7.570096375422596e-8,3.4695312125562755e-8,1.1043301437801231e-7,2.0407310154661858e-7,1.5703153736303474e-7,3.6838499966466855e-7,8.604825977218267e-6,4.35831119124482e-7,1.1506280917587039e-7,6.895515542492414e-8,8.34734012377788e-8,8.580676860834025e-8,1.2629113277921253e-7,2.5201755033641275e-7,2.2076257717097633e-7,1.4389128254671706e-7,6.24059951614939e-7,1.1740657789174197e-7,2.49574216518314e-7,1.0079982053519991e-7,2.262418281206342e-7,1.0881983539466997e-7,1.8056840294416874e-7,7.558487098976598e-8,1.5126392831533914e-7,3.9668068330730495e-7,0.00001441766459016137,4.1818972620958165e-7,1.2661286010662236e-7,1.3593478595728407e-7,1.3810075540330353e-7,1.3265504935292915e-7,1.8136095893904252e-7,6.615706285653524e-8,2.2894547778587394e-7,1.7508005633756796e-7,5.893907977555063e-7,1.2402133276344274e-7,2.6046146221391574e-7,1.9855975733712477e-8,7.564069020713855e-8,3.277859443036478e-8,1.0898401936754155e-7,2.052143539803888e-7,1.5553739548064506e-7,3.7058405185567295e-7,0.000043389760623695634,4.358947628475299e-7,1.2238470543471524e-7,6.733887917535057e-8,9.242124816777841e-8,8.683949818792462e-8,1.2278535710452892e-7,2.4950949464468766e-7,2.1909998313296563e-7,1.3599895512906447e-7,0.00006785093705280493,1.2305009445215842e-7,2.514749359754416e-7,1.0376909218425306e-7,2.3265222877933926e-7,1.0724741074265427e-7,1.7844955310809637e-7,7.245136241006721e-8,1.461026871254781e-7,3.963937845882632e-7,0.00004353756798890587,4.16557892341046e-7,1.2908958976609441e-7,1.364386810997024e-7,1.4206889405578012e-7,1.321739829057537e-7,1.803486465821713e-7,6.8942353627917e-8,2.3170518055596001e-7,1.6679889731327117e-7,5.894441691408502e-7,1.3336829049072197e-7,2.592818230100344e-7,2.212238677970244e-8,7.602753192028314e-8,3.075600280736407e-8,1.0749796012653056e-7,2.0599554789210821e-7,1.5410286933696825e-7,3.7259553306462764e-7,0.00001456455082246136,4.357845167875709e-7,1.2968185501319925e-7,6.5953711501444e-8,1.0127631043479595e-7,8.80562713736366e-8,1.1924273104991648e-7,2.4667596562248833e-7,2.1732396767703357e-7,1.2814674812870721e-7,6.247673287485046e-7,1.289300406484292e-7,2.5324854756008105e-7,1.0662925326459014e-7,2.389109556867479e-7,1.0575433732525642e-7,1.7649411488520463e-7,6.915075713357825e-8,1.410626947060278e-7,3.9599111123306884e-7,8.753583635739613e-6,4.1471038656620416e-7,1.3171986992791048e-7,1.3662673084836588e-7,1.4589810338901783e-7,1.3157714476018015e-7,1.7942769572767255e-7,7.172653499735096e-8,2.3441137273439738e-7,1.5863107130788224e-7,5.893626585206234e-7,1.4277965293815836e-7,2.5807113858839454e-7,2.465521430049326e-8,7.683964053437921e-8,2.8644253305047153e-8,1.0599438411271972e-7,2.064127351574669e-7,1.5271744142363632e-7,3.7441546313710435e-7,6.276588840790106e-6,4.354953175016823e-7,1.3694481254675825e-7,6.479880610800562e-8,1.1001706251215275e-7,8.945263678167291e-8,1.1569627270700634e-7,2.4351615922824006e-7,2.1544555468242303e-7,1.2033549617232062e-7,6.247193417143687e-7
9.639620514953147e-7,1.385051774050312e-7,1.6619863965872776e-7,2.4889275888520465e-7,1.544497101744606e-7,2.1030533331559997e-7,5.317733682851415e-8,6.555341510528287e-8,3.002684669727468e-7,4.759715373410475e-7,0.000011402289527971043,4.716643099732736e-7,2.764219027110231e-7,1.8487638189895196e-7,3.945653939297424e-8,1.2024334221315637e-7,2.722786833955699e-7,5.3071133198762414e-8,2.697270075972862e-7,7.777437206036604e-8,8.056956976828482e-7,4.741235869498171e-8,2.5120552603527284e-7,3.217520447096519e-7,1.606172887769155e-7,2.4201861617766855e-7,7.591944471950023e-8,2.4967138809048677e-7,1.499827113830957e-7,5.677041677965434e-7,0.000016119252253148145,3.72111954641216e-7,3.253879865253836e-7,1.7163057444027529e-7,4.234826736440188e-8,1.17044387675591e-7,3.304080666107449e-7,2.3936588304834726e-7,2.919624490619283e-7,1.4249557159672085e-7,9.649048489248078e-7,1.453802297506595e-7,1.6781722621433422e-7,2.5471441256641024e-7,1.5501779331919114e-7,2.068886053523144e-7,4.807830370468562e-8,6.81844643360601e-8,3.0136915704671473e-7,4.7361100409227535e-7,0.00002664569743166256,4.6991897156044516e-7,2.776715266762832e-7,1.7843913505295154e-7,4.363494827015127e-8,1.2467465690595234e-7,2.7261512040538467e-7,4.9811279710015145e-8,2.702556086278572e-7,7.887417830352247e-8,8.050316092016798e-7,5.697674741932789e-8,2.4832916249415016e-7,3.1976562678199297e-7,1.5928395193358187e-7,2.3676322363909737e-7,7.951204490005076e-8,2.525455215674003e-7,1.485085860663395e-7,5.682059087222823e-7,0.0000800971031062846,3.7580269228169456e-7,3.221612474684844e-7,1.6028335096277924e-7,4.882511266386013e-8,1.2186375645876975e-7,3.314810639722448e-7,2.3188760991986537e-7,2.8495466721951236e-7,1.3724842943455716e-7,0.00012475044509537294,1.5260505654701832e-7,1.6998840993062457e-7,2.6066331052598734e-7,1.554309394471456e-7,2.0330328186031095e-7,4.336751534675039e-8,7.277562579214546e-8,3.026944055736614e-7,4.710043332708972e-7,0.00007994473266844793,4.6780474133113137e-7,2.7872388621418775e-7,1.717980659850756e-7,4.798507472851772e-8,1.2898136342800477e-7,2.726745560408912e-7,4.760866339718048e-8,2.709785438806009e-7,8.257936973772442e-8,8.041563907298288e-7,6.860709934797372e-8,2.456264479714843e-7,3.1772572505550594e-7,1.5772225673438648e-7,2.3138549742713813e-7,8.357154254225574e-8,2.553249615345475e-7,1.4682590954621087e-7,5.682810587972074e-7,0.00002649277697857724,3.793037249164221e-7,3.190180884706154e-7,1.4901771827992864e-7,5.5759132146488894e-8,1.2666938018663252e-7,3.3234308888583923e-7,2.244099725094609e-7,2.779692215815119e-7,1.328141562213861e-7,9.651612055766421e-7,1.6015809617026318e-7,1.7263932289563556e-7,2.667248246951597e-7,1.5569150870860993e-7,1.9955343887232664e-7,3.9187008105841897e-8,7.889787868502346e-8,3.0424613534294495e-7,4.681694100157704e-7,0.00001596744623406976,4.653253452100361e-7,2.7957897895766134e-7,1.649670656251071e-7,5.2447271088769175e-8,1.3315977852441e-7,2.724578836684825e-7,4.65143309682188e-8,2.718911373716659e-7,8.844028403569535e-8,8.030705958706359e-7,8.153707666670413e-8,2.4311114963830534e-7,3.156588412445555e-7,1.5594164216453332e-7,2.2589169090574475e-7,8.804066893514853e-8,2.5799815469052946e-7,1.4493805592248734e-7,5.679276011120437e-7,0.000011248837069865687,3.82596045491484e-7,3.1596455888060266e-7,1.379449018105125e-7,6.302293503551352e-8,1.3143558702872744e-7,3.329937309303047e-7,2.1695365604333796e-7,2.710601789595135e-7,1.2924592675340056e-7,9.64473451520503e-7
6.120061659079323e-7,4.855186477349052e-7,5.534328361242704e-7,2.91057114191525e-8,2.9912509259264713e-7,1.3912315775707348e-7,2.4960563272133015e-8,2.0921764928236236e-7,5.506092889971532e-7,3.3911359639872826e-7,8.53410719277453e-6,4.6638941632243366e-7,1.432401976666382e-7,1.9107755590096932e-7,5.359150245068044e-8,2.0258696386124596e-7,1.7002330822945248e-7,2.1773408827541404e-7,1.4889470544674294e-7,1.2164490280414512e-7,4.4611534711499397e-7,1.980994236327107e-7,2.58883745422393e-7,1.2331122751497617e-7,3.065866583945369e-7,1.259389211854658e-7,1.5141857340985555e-8,2.1960983628457417e-7,6.247088780971363e-8,4.6319250220551013e-7,0.000012115734245800607,3.574709156483331e-7,5.819735632300357e-7,2.7098502678260643e-7,6.113007006960182e-8,2.2961878595508624e-7,1.6023651654789275e-7,2.5586043794471815e-7,4.846136519498321e-7,4.5533929355071613e-7,6.116074872935568e-7,4.830108462482527e-7,5.475548720925853e-7,3.408940804216567e-8,3.0032248919785277e-7,1.34854265164473e-7,2.3955273712142887e-8,2.0962640649169452e-7,5.51555580743023e-7,3.351766861774508e-7,0.000019925443305086297,4.6133926095795105e-7,1.3572521171973478e-7,1.871733313569507e-7,4.664153752345577e-8,2.06640083655304e-7,1.6832579838649873e-7,2.0966807792424697e-7,1.4794227424003892e-7,1.078859520731728e-7,4.464196334866444e-7,2.0574262914241652e-7,2.618342929339966e-7,1.304630797551033e-7,3.073493608322292e-7,1.2114358658438928e-7,1.0699156993856e-8,2.2479619424229514e-7,5.288426957710523e-8,4.745063151886257e-7,0.00005995834240695745,3.602373997485536e-7,5.836657692060833e-7,2.6938563595776795e-7,5.4382641311366326e-8,2.3460073140659233e-7,1.61152629421218e-7,2.5149815445084294e-7,4.943908830308214e-7,4.592604641642106e-7,0.00009356811009133054,4.80269869409575e-7,5.410692939296914e-7,3.924125003522332e-8,3.0127642617330306e-7,1.3046658671879092e-7,2.3949380159213968e-8,2.0982313099326864e-7,5.518908510352661e-7,3.3113936160122547e-7,0.000059808858218240717,4.563169332218248e-7,1.277643174348708e-7,1.8327172190104032e-7,3.961520843750264e-8,2.105467757450169e-7,1.66520748793682e-7,2.0138972047859817e-7,1.4694759112964525e-7,9.429276882196009e-8,4.4687578615019324e-7,2.1382151158218567e-7,2.643996890542195e-7,1.3742083617278486e-7,3.079772459754432e-7,1.1626093738336605e-7,1.0733581551381329e-8,2.2996305059484265e-7,4.378364344403457e-8,4.85714201946944e-7,0.000019775649679155572,3.6291585955709625e-7,5.846875310046598e-7,2.6745640807600615e-7,4.78107331908025e-8,2.394609936743513e-7,1.6181044153070188e-7,2.4713244516720535e-7,5.036003020838853e-7,4.6295090417453325e-7,6.096967439674065e-7,4.773223883811259e-7,5.339879732291464e-7,4.454341640745085e-8,3.0198566783227893e-7,1.259638440137499e-7,2.49798995214077e-8,2.0981444301782702e-7,5.516129698989702e-7,3.270091212420807e-7,0.000011966540129229592,4.5136054998843035e-7,1.1937064673970384e-7,1.79387428346387e-7,3.251955114442853e-8,2.1430397129982077e-7,1.6460939618766025e-7,1.9291593839719672e-7,1.459198717264843e-7,8.093867731096754e-8,4.474817018175984e-7,2.2228480145409783e-7,2.6658085815180756e-7,1.4415897349431453e-7,3.0847023147892476e-7,1.1130530551745978e-7,1.507385186325867e-8,2.3509634339451963e-7,3.523287834023167e-8,4.967778876948754e-7,8.383980214868604e-6,3.655051661250589e-7,5.850419754782387e-7,2.6518722667942774e-7,4.148508001736859e-8,2.441950321992036e-7,1.6220997186630043e-7,2.427571633529737e-7,5.122326521215457e-7,4.6638285582987683e-7,6.081867013808318e-7
1.8043528648606966e-6,1.1657734380966538e-6,5.113956045251274e-7,7.567070406034588e-8,7.571727498776525e-8,1.4630244291058366e-7,9.438538609531869e-8,2.0223454997584968e-7,1.339936713018172e-7,5.09856634163943e-7,0.000042551062434809065,1.1656349265422686e-6,1.8809055665118378e-7,2.3967854763302325e-7,7.085716137930072e-8,4.843191536903649e-8,1.7725155399685282e-7,2.0075039683204203e-7,3.4319202972101683e-7,2.0616714198072673e-7,2.302060969635299e-6,2.5873102475325083e-7,4.2422771130033024e-7,1.1164814018624488e-7,3.630866291927853e-8,1.3809166092381066e-7,1.1912117012614157e-7,2.743614719022953e-7,1.306972094345296e-7,1.1226457261771704e-6,0.000058966709661578665,5.31154906809411e-7,2.0177910595996063e-7,1.7403773818207147e-7,7.1749344147563e-8,4.541948335679458e-8,2.046836673404983e-7,1.0488423620284974e-7,3.5519396908911574e-7,1.4153798057479656e-6,1.8048245468246954e-6,1.2059947354664005e-6,5.163437702895989e-7,8.031841022195224e-8,7.652639772148519e-8,1.4490035775104906e-7,9.68760662025657e-8,2.0032408122423185e-7,1.2607306378489462e-7,4.928001572782824e-7,0.00009910987307680972,1.170085303177534e-6,1.9487808796251822e-7,2.435207964285367e-7,6.892012653120587e-8,5.050601204878654e-8,1.7492858810144962e-7,2.039613683091779e-7,3.4530869679926865e-7,1.9408505273314506e-7,2.3037701433507247e-6,2.7076909918258494e-7,4.2115023481214317e-7,1.1306070730047372e-7,3.8309937975543926e-8,1.3661498346133832e-7,1.216491429991559e-7,2.702758548321094e-7,1.2205380372623233e-7,1.1226671225052473e-6,0.0002964171216021389,5.374828414533257e-7,2.1758625021976596e-7,1.749936656445521e-7,7.04863608045151e-8,4.702872196747897e-8,2.0187236187758186e-7,1.08990739270857e-7,3.5276914428735907e-7,1.3779963292649558e-6,0.00046445311101375107,1.245661311993479e-6,5.211177494530897e-7,8.521306250014836e-8,7.736473424515379e-8,1.4345127068714786e-7,9.933474201239293e-8,1.983998045144359e-7,1.1955214041251324e-7,4.7637590744580504e-7,0.0002965660692527646,1.1731760947639396e-6,2.017798267785362e-7,2.471986586366653e-7,6.696515580404192e-8,5.257854397062315e-8,1.725580417204498e-7,2.0699855236497088e-7,3.471806193686403e-7,1.8227966320542935e-7,2.3036987352898083e-6,2.828918473740585e-7,4.177926324099917e-7,1.1452262697098873e-7,4.025577286527128e-8,1.351237516395566e-7,1.2412475434080788e-7,2.6598092043433087e-7,1.1358312886349729e-7,1.1212855729381505e-6,0.00009925811757137634,5.448002839966327e-7,2.3364243174539434e-7,1.759096914364476e-7,6.918585102712085e-8,4.862640576325133e-8,1.9903254001468073e-7,1.133284371639771e-7,3.501943455240866e-7,1.3400115594947017e-6,1.8074156255264203e-6,1.2847207295396033e-6,5.256949326374037e-7,9.031776046984254e-8,7.823256413677588e-8,1.4195644140635383e-7,1.0175776351145813e-7,1.9645872991404254e-7,1.1460560938866186e-7,4.6067575078064934e-7,0.000059116359841431325,1.1748477513538845e-6,2.0878252842002527e-7,2.507021722206985e-7,6.499611100367856e-8,5.464566108950819e-8,1.7014130855782048e-7,2.0986182377721408e-7,3.4879275455731663e-7,1.7071467706868e-7,2.3018459942137262e-6,2.951293228151277e-7,4.14167480985554e-7,1.1604303020105078e-7,4.214479213267354e-8,1.3361808647743093e-7,1.2654780213757488e-7,2.6148599601504116e-7,1.0531249877384973e-7,1.1185578598571938e-6,0.00004269860512412144,5.530512169849004e-7,2.499112526815999e-7,1.7678749377106677e-7,6.785333918848428e-8,5.0207032591231556e-8,1.9616613435537058e-7,1.1786023150360778e-7,3.474869309002406e-7,1.301476416249349e-6,1.809530499960795e-6
6.71020722534511e-7,1.4764903142312912e-6,9.027095506375352e-7,2.8795628763904943e-7,6.031653245253621e-7,5.849920494529636e-7,1.9433757380123611e-7,7.377326114163172e-7,7.67858113573854e-7,8.5196507170141e-7,0.00008932895043762167,7.724383402706532e-7,5.993050768967755e-7,7.942748729378633e-7,1.3679993047733686e-7,4.403589495671172e-7,8.392880413006482e-7,1.3943109311041905e-7,5.704009447523389e-7,2.0158892489789312e-6,7.71633734887696e-6,1.7737927089541175e-6,7.332758094389207e-7,2.5082461416441145e-7,6.843456183240555e-7,5.858991751195057e-7,1.3245782978086704e-7,8.087859756330976e-7,5.624554553900344e-7,4.4866841469705134e-7,0.00011524511772233307,9.574258676635843e-7,7.772920928619054e-7,7.286883682288555e-7,2.0517045455968592e-7,4.4026261409919974e-7,7.61462680941914e-7,1.9732788151471447e-7,7.616436214336596e-7,1.6050905832770201e-6,6.728249891678177e-7,1.497745920142312e-6,8.947044899671798e-7,3.082220328625753e-7,6.0839680158656e-7,5.720761025363696e-7,2.1372960543870755e-7,7.426424676401187e-7,7.415741779185714e-7,8.64128625292865e-7,0.00020318203586313635,7.312358728541348e-7,6.164341466510358e-7,7.904635829640395e-7,1.1871517902849132e-7,4.5474646921242016e-7,8.34890425393931e-7,1.1994763089955152e-7,5.887378875838158e-7,1.9562129450138793e-6,7.720442695642079e-6,1.8309149962367428e-6,7.151355800925301e-7,2.688785910670315e-7,6.895270435674423e-7,5.727817217998488e-7,1.5135426526550851e-7,8.128533647697859e-7,5.4640150074832e-7,4.965086373376794e-7,0.0005932717009752697,9.437861051206862e-7,8.044813294451069e-7,7.236815248449491e-7,1.8702281769214928e-7,4.545003076057077e-7,7.567909164372682e-7,1.769853950655137e-7,7.699228270026677e-7,1.588310112862182e-6,0.0009390658577526262,1.5173838656019746e-6,8.861560029693571e-7,3.283848861275717e-7,6.132004416231286e-7,5.587977093606997e-7,2.3296758786830696e-7,7.471214506383326e-7,7.150714611818256e-7,8.765846474832058e-7,0.000593415775770152,6.890107826108359e-7,6.333464838545075e-7,7.86091399225917e-7,1.0065986796505915e-7,4.687699548638785e-7,8.299432931037463e-7,1.005363352126732e-7,6.065748838183253e-7,1.898043419017314e-6,7.720870878185053e-6,1.8895457544196794e-6,6.96457181363725e-7,2.870920205398553e-7,6.941667847323315e-7,5.592868293686695e-7,1.7029073171486082e-7,8.163525961840232e-7,5.301335515223109e-7,5.435014123397571e-7,0.00020332584437308824,9.304871164548882e-7,8.314730952676066e-7,7.182363279924178e-7,1.6873033749127192e-7,4.683870755574661e-7,7.516804336209302e-7,1.56503548652427e-7,7.776598958980292e-7,1.5698629681718004e-6,6.707420811548284e-7,1.5353586717495198e-6,8.770488912169958e-7,3.484233830540856e-7,6.175731099755349e-7,5.451663959731835e-7,2.520339663228999e-7,7.511639087317669e-7,6.883798104963434e-7,8.893292145715111e-7,0.00011538944824965793,6.462109503591019e-7,6.500470856380831e-7,7.811559253681117e-7,8.27181098522844e-8,4.824196178041483e-7,8.24449860367269e-7,8.126944219686603e-8,6.238863940745967e-7,1.841360005658174e-6,7.71762198665732e-6,1.9497056825077346e-6,6.772644050566025e-7,3.0542490490926996e-7,6.982617570002908e-7,5.454241231877427e-7,1.8922072603049275e-7,8.192860708708996e-7,5.136468407492046e-7,5.891205216487483e-7,0.0000894724818719612,9.175386088029399e-7,8.582373460918243e-7,7.123585977891626e-7,1.503211966291629e-7,4.81913458272863e-7,7.461344369694503e-7,1.3590137533554845e-7,7.848691009724826e-7,1.5497952674432628e-6,6.668491395975973e-7
1.6362553728044545e-6,1.124939021683712e-6,4.0265908173032037e-7,1.0453165482303198e-7,9.572028166026573e-9,1.2274826855198546e-7,1.1365253938537305e-7,1.333138297115426e-7,1.939851258367721e-7,2.9567959192992863e-7,0.00003993123044582696,1.1588636525486784e-6,1.4222152723124806e-7,2.0604101185421502e-7,6.012653090136758e-8,3.101988094882923e-8,1.6910823377869415e-7,2.2306730012735077e-7,1.5768530947825493e-7,9.918334230188553e-8,2.0763807253116183e-6,8.096949591425816e-8,3.9060480457365833e-7,1.2105371049686032e-7,3.7303541883852626e-8,9.801678551659986e-8,8.837122012807336e-8,2.405441928137584e-7,1.2466765123891022e-7,1.0149212031872804e-6,0.00005547864893038098,3.205776325303561e-7,1.3562446950709655e-7,1.0294461101974768e-7,5.3691197770239604e-8,3.017194423087393e-8,1.2924794935645226e-7,1.2343858961845977e-7,4.0501336891893057e-7,1.2498874314624856e-6,1.6353866941936868e-6,1.1637109600729837e-6,4.0934648622099313e-7,1.0683822122211114e-7,7.578440223334442e-9,1.215213529110887e-7,1.1594159427600868e-7,1.313675947489606e-7,1.8110746850370205e-7,2.7470040750104967e-7,0.00009308498034172909,1.1664610272374726e-6,1.4419143952425064e-7,2.09435961385218e-7,6.05364201799919e-8,3.119670087923438e-8,1.6761706333268643e-7,2.2494397940494558e-7,1.6280981108259655e-7,9.473430232955961e-8,2.078737302937611e-6,7.508703066629844e-8,3.8568426354927445e-7,1.215364151903528e-7,3.719308474706793e-8,9.785351308807792e-8,8.879599987899209e-8,2.356110251764436e-7,1.2658016627010502e-7,1.0089309344301453e-6,0.0002786312469722368,3.287299085695191e-7,1.4843605076346467e-7,1.0479979693445123e-7,5.32249242021258e-8,3.0605060841651655e-8,1.2631418421232494e-7,1.2696422696933855e-7,3.979402169947393e-7,1.2114997011467339e-6,0.00043650085293911087,1.2019979865591696e-6,4.15928645157625e-7,1.0924326492652627e-7,5.662172966115087e-9,1.20268700052761e-7,1.1814530981720906e-7,1.2944751614707774e-7,1.6885064818369228e-7,2.550227873204598e-7,0.0002787685410316892,1.172733586181506e-6,1.4619657586119895e-7,2.12678307719062e-7,6.097741968116492e-8,3.1463340754037773e-8,1.6608067617545605e-7,2.2662591645685788e-7,1.6766029686935382e-7,9.089930655897721e-8,2.079320531176851e-6,6.851504574172844e-8,3.803949786398121e-7,1.2198023262560583e-7,3.7155027125905806e-8,9.769046973366721e-8,8.921346751626513e-8,2.305223834188745e-7,1.285039186773563e-7,1.0015883579699991e-6,0.00009322342603206801,3.387286163757531e-7,1.6195706620222274e-7,1.0670805384095121e-7,5.2688384525922994e-8,3.103233567355234e-8,1.2341547963628378e-7,1.3060136848115638e-7,3.9071121991536136e-7,1.1725435889737166e-6,1.6357950094846584e-6,1.2397444534010904e-6,4.223799573679497e-7,1.1173660402975939e-7,4.010411808996068e-9,1.1899115886786869e-7,1.2026308717657351e-7,1.2755021849804454e-7,1.5732580016133834e-7,2.3698254124195562e-7,0.000055614764765174473,1.1776259528420427e-6,1.482437521026549e-7,2.1575738096051137e-7,6.144700194217314e-8,3.1814415974143125e-8,1.644993084949524e-7,2.2811683639081075e-7,1.722179335762804e-7,8.760577241347551e-8,2.0781307831234966e-6,6.126537453804555e-8,3.747515155044602e-7,1.2239744502015902e-7,3.7184664840894596e-8,9.752716187377011e-8,8.962521347483803e-8,2.2528931040959846e-7,1.304482721295343e-7,9.929476702294296e-7,0.00004007080223580974,3.50418502043878e-7,1.760663544791894e-7,1.0867216185289188e-7,5.208136684400412e-8,3.145206551968156e-8,1.2055387285502486e-7,1.3433163784157577e-7,3.833525434534656e-7,1.1330737347880015e-6,1.6370724635473253e-6
6.393557482551701e-7,5.306270868700141e-7,4.44313097963362e-7,1.929763915634278e-7,3.054566871863491e-7,1.885592344409698e-7,1.3419495320339365e-8,2.5246330456663306e-7,6.248496981774277e-7,3.452885366330176e-7,9.404798072048378e-6,4.125410238185736e-7,2.181717845150471e-7,3.204630770057696e-7,6.635750314189963e-8,1.988065463088854e-7,1.9536710381522348e-7,2.6198660534348785e-7,3.496592765034222e-7,2.82953779555774e-7,5.744424582831903e-7,2.2967692394243187e-7,3.242916108494541e-7,4.384975709896019e-8,2.9586856773637826e-7,1.3485173822479058e-7,2.3514274394023987e-8,2.2074628015134194e-7,3.071191358423188e-7,3.775875592399839e-7,0.000013314036972577332,3.93269681076606e-7,5.023848040976552e-7,1.9903714965682097e-7,5.2273580410978156e-8,2.39078557499797e-7,2.0363973288063988e-7,1.9817600094665536e-7,5.477469835101565e-7,4.1105396446918526e-7,6.387221273532732e-7,5.297939117601568e-7,4.357576908802108e-7,2.0073803365784583e-7,3.057452242643869e-7,1.8374372992013748e-7,1.4744492933111563e-8,2.558960508974386e-7,6.237244387229494e-7,3.49058811293041e-7,0.000021963607998214075,4.0654306471563435e-7,2.206112037631334e-7,3.1812148785013615e-7,5.814577673507359e-8,2.0398733113368204e-7,1.950232752060937e-7,2.551250036592878e-7,3.512063508649961e-7,2.737112925557389e-7,5.749884915662286e-7,2.388737114264908e-7,3.239363106105057e-7,4.9964876739917304e-8,2.9789912739317247e-7,1.3034605169736262e-7,2.6840892968626033e-8,2.2400673920679836e-7,3.045049848045651e-7,3.8668893512060725e-7,0.00006604680968664804,3.8841689501530413e-7,5.036708053229035e-7,1.969673218727573e-7,4.583920477734876e-8,2.4343662665500344e-7,2.0280723560014445e-7,1.9155593594502833e-7,5.564133266856175e-7,4.103232629721581e-7,0.00010298084033477309,5.288767815402554e-7,4.2674203902015076e-7,2.0845855156749756e-7,3.057693092824999e-7,1.7881871067208193e-7,1.8798507516999076e-8,2.5902080537040286e-7,6.219862905161809e-7,3.526761426104545e-7,0.00006591271797794786,4.0067290350295725e-7,2.2309143585767805e-7,3.156904268242082e-7,4.9849637600715005e-8,2.0903616530418267e-7,1.9453127873853444e-7,2.4803641774045176e-7,3.523439418992587e-7,2.6455036906608936e-7,5.755000149282069e-7,2.4819869842689645e-7,3.231408027607683e-7,5.6361494322720826e-8,2.9980960833972627e-7,1.2572379379715132e-7,3.1230943312816515e-8,2.2719082773552545e-7,3.017692115417838e-7,3.957288529997349e-7,0.000021830123975869893,3.834099949115817e-7,5.044544856371388e-7,1.946787753930373e-7,3.954395955138236e-8,2.476579190964444e-7,2.0174478267424046e-7,1.84955773631437e-7,5.644662494696643e-7,4.094954891467104e-7,6.368732777043538e-7,5.279014275052024e-7,4.1727883314233006e-7,2.1613370573294807e-7,3.05528334621534e-7,1.7379228963647886e-7,2.4266686377623776e-8,2.618454956716289e-7,6.196300077289955e-7,3.561368302261319e-7,0.000013179310182756674,3.9496701164503767e-7,2.2563319229172175e-7,3.131742790836747e-7,4.148650781708366e-8,2.139480084027008e-7,1.9389151377403163e-7,2.4073526102615213e-7,3.5308040813873117e-7,2.5548371015548816e-7,5.759754940088728e-7,2.5763440375491144e-7,3.2190236493937573e-7,6.288111498047754e-8,3.015991954770231e-7,1.2099116422850356e-7,3.6256535898732456e-8,2.3029618340655627e-7,2.9889172152304104e-7,4.046758691229856e-7,9.271888877997435e-6,3.782659189476186e-7,5.04745973304465e-7,1.9216368899076857e-7,3.3452384471608414e-8,2.5173859213545293e-7,2.0045372512742984e-7,1.7837629089058175e-7,5.719016755456205e-7,4.0854534107862073e-7,6.356578682218223e-7
1.1764589127005235e-6,9.688522780179226e-8,1.9798855736806853e-7,2.573773758342569e-7,1.7848735660030913e-7,1.5468490952715876e-7,4.373837894705692e-8,2.0387184241550582e-7,1.7022583173818744e-7,6.486847094413565e-7,0.00001089719971728103,5.970171153524155e-7,1.9427167182615417e-7,1.1268066201484213e-7,6.713592727465516e-8,1.0633378790456246e-7,2.562202034633727e-7,1.7988536356686226e-7,3.440029507414484e-7,1.608295672177071e-7,1.0647078015953595e-6,1.0766915754452508e-7,3.506144610057443e-7,2.158263974970685e-7,1.1700661590304015e-7,2.2255970546339512e-7,3.824653214100374e-8,6.6856528624653674e-9,8.636339133986692e-8,6.636343709673894e-7,0.000015426512964720137,5.94340218415197e-7,2.6630358928454806e-7,1.1833884469740814e-7,9.89948275972311e-8,5.7989489865381445e-8,2.637642716350753e-7,9.44269235069718e-8,3.0764735893904855e-7,1.1554999797421148e-7,1.1769565156848823e-6,1.1188450364462215e-7,2.0047988271348256e-7,2.6614011107460063e-7,1.7726182342644327e-7,1.5017552264045055e-7,4.084296617349628e-8,2.1563413781391486e-7,1.7737640942580461e-7,6.47648494590409e-7,0.00002551191751501793,5.986643747424539e-7,2.0039029536060778e-7,1.1267688037061826e-7,6.954264402799817e-8,1.1155663072996612e-7,2.5885630190151845e-7,1.8498261736102537e-7,3.394595608358172e-7,1.546897124053645e-7,1.064994350939968e-6,1.186714088387678e-7,3.549987294853544e-7,2.1157687987714158e-7,1.167850979337534e-7,2.1957954749731833e-7,3.6543001084704726e-8,9.283547479906402e-9,8.573303596566736e-8,6.628154023429574e-7,0.00007674458399787981,5.956367345090165e-7,2.5685247976183e-7,1.1307693064441906e-7,1.021688881999329e-7,6.06684508899227e-8,2.62715753181606e-7,9.968091603522523e-8,3.014264428332876e-7,1.0018340696204186e-7,0.00011921415422087141,1.2718541831947146e-7,2.036993976342725e-7,2.749298910790321e-7,1.7587395456099148e-7,1.455124807714102e-7,3.931001958373135e-8,2.2723302337883317e-7,1.8468610142197187e-7,6.461989051610902e-7,0.0000766328788846065,5.999096994128735e-7,2.0629624553254573e-7,1.1283615485441941e-7,7.218427223086865e-8,1.1669450195994848e-7,2.611454827703855e-7,1.897468320630487e-7,3.34817319755649e-7,1.5032637001271922e-7,1.064892103440811e-6,1.3085243611697946e-7,3.5919298304326104e-7,2.0704181826076773e-7,1.1625436411891312e-7,2.1649615241585477e-7,3.543206210208817e-8,1.4549410820730386e-8,8.540632458144233e-8,6.615456094589438e-7,0.000025400911471388858,5.965186748138426e-7,2.4736646115063115e-7,1.0890383270364194e-7,1.0540804250173845e-7,6.332295350039674e-8,2.6164518994532433e-7,1.057539129788053e-7,2.952941986096709e-7,8.538218612463312e-8,1.1763273251245714e-6,1.4274639886085895e-7,2.0756454402257484e-7,2.837306890702459e-7,1.743249735178975e-7,1.4070129342332334e-7,3.921927847482552e-8,2.386263538508993e-7,1.9210074032077468e-7,6.443462524762837e-7,0.000015314054127058134,6.007463146589593e-7,2.119809871637032e-7,1.1316289575930807e-7,7.500186132578809e-8,1.2174001557609366e-7,2.6308952695145764e-7,1.94164201028975e-7,3.3008266992994715e-7,1.4781737180179663e-7,1.0644010251034343e-6,1.4397743972900457e-7,3.631896242808409e-7,2.0223617239137234e-7,1.1541064245808285e-7,2.13312731907261e-7,3.503475492817823e-8,2.0404274312687467e-8,8.538833201972364e-8,6.598292687421998e-7,0.000010786837276584117,5.969785684222806e-7,2.3787329192298464e-7,1.0603695543332188e-7,1.0871304921265513e-7,6.59287337872767e-8,2.6054803432015596e-7,1.124713473137728e-7,2.8928945514681754e-7,7.139288252846841e-8,1.1752014273083678e-6
2.800590119609059e-7,7.695538605856715e-8,2.114829067919251e-7,9.003391241140175e-8,2.9218892602707424e-7,5.763177175665026e-8,1.406958517652483e-7,1.3664697325489688e-7,2.0008762035479704e-7,2.493545885559334e-7,6.775587423420891e-6,3.1780666815073586e-7,1.57571038010676e-7,1.423250515432405e-7,1.6231365375975165e-7,1.5466333068330634e-7,1.8957412433644016e-7,1.904223535908151e-7,1.6027991465863824e-7,1.1391641047555723e-7,3.4533383817609204e-7,3.9852891406213034e-8,1.9132592346582666e-7,2.010875358696461e-7,8.571480254857173e-9,1.2734744657066106e-7,7.620863246980332e-8,6.806287416067325e-8,1.8918832548565735e-7,2.7008989045959487e-7,9.496077713114329e-6,3.013563263996e-7,1.721624614177433e-7,1.7385599530204194e-7,1.244301480598948e-7,8.019744597572716e-8,8.281750071350492e-8,1.491949782587325e-7,1.6985226382030726e-7,9.01288342945341e-8,2.799305730286842e-7,7.802049477097108e-8,2.0828318131268537e-7,9.435279511030178e-8,2.941456148633448e-7,5.664359573953785e-8,1.34241711335565e-7,1.385598875472625e-7,1.9776155131112622e-7,2.5050080920172905e-7,0.00001587931817873165,3.189665228093146e-7,1.6228265306812287e-7,1.421775512520191e-7,1.6069475973786564e-7,1.5853835089075188e-7,1.8338266423077693e-7,1.8787806103577986e-7,1.61762612324345e-7,1.1115346889085559e-7,3.464251242102124e-7,4.216481964994381e-8,1.9235994314638594e-7,2.032336258618479e-7,7.080934865698073e-9,1.2675165850635508e-7,6.874145291519118e-8,7.000680750413673e-8,1.8682432936773833e-7,2.696203688110602e-7,0.00004772250030995831,2.9983325614667674e-7,1.7373454334143067e-7,1.7228445401941306e-7,1.2977646948391317e-7,8.021967933972263e-8,7.983024250310833e-8,1.463610138548986e-7,1.7327847003557783e-7,8.534275666745573e-8,0.00007496190126906711,7.959662967541494e-8,2.05058403456756e-7,9.85130247447129e-8,2.960037768160083e-7,5.5728636057250817e-8,1.2774336126813545e-7,1.403066292183063e-7,1.9534300407349466e-7,2.5161075993154705e-7,0.000047826985179136505,3.201201115337428e-7,1.6699994225281205e-7,1.41753048776631e-7,1.5925060674647934e-7,1.623190341728674e-7,1.7710649498539542e-7,1.8534099818977496e-7,1.6330226709057123e-7,1.083520849865779e-7,3.472790626644765e-7,4.4509484864369125e-8,1.9334365558216938e-7,2.0512783150589636e-7,9.604146185867935e-9,1.2620784935342823e-7,6.122894177724354e-8,7.197745052876152e-8,1.8454625813087511e-7,2.691745794608387e-7,0.000015985030879449026,2.9820433656914194e-7,1.752714119639719e-7,1.704841046469116e-7,1.3513624118559286e-7,8.02965283823383e-8,7.713248823989174e-8,1.4336938903531304e-7,1.7666185105063977e-7,8.06636403999792e-8,2.797389298140151e-7,8.167454524490623e-8,2.018188290045448e-7,1.0252512901257021e-7,2.9775262868010624e-7,5.4903484500994426e-8,1.2123061799838e-7,1.4189466914954857e-7,1.9283354982486906e-7,2.5267582112814634e-7,9.599243976481923e-6,3.2126113658088503e-7,1.717136107721839e-7,1.4105319740498277e-7,1.5797563043938018e-7,1.6600528039263142e-7,1.707658291638405e-7,1.8282431952968394e-7,1.64905518241848e-7,1.055079751175096e-7,3.478951076577533e-7,4.6878846152375824e-8,1.942674206060834e-7,2.0677384266433716e-7,1.398794072293459e-8,1.257192338445897e-7,5.371129847579746e-8,7.396583403311291e-8,1.8236202362277105e-7,2.6875369284941334e-7,6.882431464111179e-6,2.964780881691325e-7,1.7677744971411567e-7,1.6845167063554602e-7,1.4047911762110281e-7,8.042269973189754e-8,7.478924317610725e-8,1.4021313374397216e-7,1.799975500647969e-7,7.61004902398604e-8,2.7967692738455417e-7
3.3443152189709124e-7,1.061663064479643e-7,1.673968687840138e-7,1.420912197687201e-7,1.8618827053136465e-7,4.040862770308209e-7,1.2585580736551828e-7,1.7503279685214215e-7,2.686222344244682e-7,1.9119411844830295e-7,7.926405602372098e-6,2.513844091288848e-7,2.6377241903856607e-7,1.6854028940857837e-7,1.2591295426274103e-7,3.712107670880797e-7,7.010889816823089e-8,2.34166710906524e-7,1.862856088987643e-7,1.2089757082380863e-7,3.2826357747974745e-7,1.1444458449256865e-7,2.2535045394093371e-7,1.9607994106656918e-7,3.4808837039210315e-7,2.6321204450652e-7,1.286165932449728e-7,1.5289093484677745e-7,3.181613084802859e-7,1.7285234009949006e-7,0.00001111477768102779,2.828879281575084e-7,2.5829487851474693e-7,1.978388848647637e-7,1.5320323396927756e-7,3.38256209530523e-7,3.012064599698111e-7,2.471686891651995e-7,1.1792797450231148e-7,9.970367272420909e-8,3.351722970650304e-7,1.0404076206309791e-7,1.6286411262473223e-7,1.464194860302661e-7,1.8431612181945092e-7,4.037903778424193e-7,1.236944074699624e-7,1.784077172900038e-7,2.6740276246546884e-7,1.937547241650769e-7,0.000018566599924532044,2.5255436444008483e-7,2.672373380256354e-7,1.6378195790980447e-7,1.2327274327391229e-7,3.717733159394888e-7,6.92544139011001e-8,2.294266472081364e-7,1.9006064373465926e-7,1.2086340597090805e-7,3.286317217628919e-7,1.1181423436845248e-7,2.2479409859284633e-7,2.0267512653081965e-7,3.454750820218531e-7,2.606463494727576e-7,1.3831578729955635e-7,1.5733208937595502e-7,3.1514367673299076e-7,1.7317355185783645e-7,0.00005578936800966414,2.809406397210345e-7,2.605134814849083e-7,1.9522568943126496e-7,1.451077601005733e-7,3.425978712313499e-7,3.0546194856898126e-7,2.4198975029879617e-7,1.244519235710233e-7,9.778543188929367e-8,0.00008748762386086563,1.0213188916906784e-7,1.5838585266603918e-7,1.5075739841093842e-7,1.8233104999621357e-7,4.0286759620841894e-7,1.21737818154144e-7,1.816684594102162e-7,2.660386039302584e-7,1.962790425802291e-7,0.00005587728368950348,2.537665806741832e-7,2.7058101071002875e-7,1.5893725083894018e-7,1.2100067240933202e-7,3.717792180356379e-7,6.87756699929833e-8,2.246119976944949e-7,1.9382583659201956e-7,1.2077601106757892e-7,3.2877260134022863e-7,1.0917925440604349e-7,2.2428425757389397e-7,2.0906014012581536e-7,3.426684694469184e-7,2.5765036587775767e-7,1.4787373561929033e-7,1.6163431120366102e-7,3.1196495101847454e-7,1.736431019044223e-7,0.000018653781096445633,2.788732228876309e-7,2.625839782499032e-7,1.9239545361140122e-7,1.3688856396142414e-7,3.464098255969722e-7,3.0945392315509946e-7,2.3663428845161524e-7,1.3097463077329542e-7,9.619916314243114e-8,3.3639169328393165e-7,1.0047938893507916e-7,1.5397880798703362e-7,1.5509433578741982e-7,1.8025766586590675e-7,4.013177186948175e-7,1.1997445064340213e-7,1.8481583883756222e-7,2.645286810887632e-7,1.9875815073183827e-7,0.000011203359131020811,2.550117705251271e-7,2.7379845745408017e-7,1.5400713341545038e-7,1.191639809999502e-7,3.712310774636355e-7,6.864569959886999e-8,2.1973554725157485e-7,1.975816218281892e-7,1.2062362236571731e-7,3.2868655982713305e-7,1.0655368957023482e-7,2.238137834336898e-7,2.15229481239455e-7,3.396825808989894e-7,2.542194137870116e-7,1.57262809652192e-7,1.6579605880820184e-7,3.0862952117247225e-7,1.7426738922665799e-7,8.012781672659906e-6,2.766887538391916e-7,2.645087955512931e-7,1.8934728822535163e-7,1.2857050274005217e-7,3.496961831164653e-7,3.131650295910761e-7,2.3110457263346723e-7,1.3748867694007394e-7,9.493985743338892e-8,3.3686948921862844e-7
1.1150795444777336e-6,3.606424623244673e-8,2.8073475875021375e-7,1.5798971365144464e-7,2.214035666340778e-7,1.0322987295103737e-7,1.8794003938030068e-7,1.6743620175257642e-7,8.78788193869217e-8,6.816513299760824e-7,9.848044907533968e-6,6.022891694661124e-7,1.6668232873936827e-7,2.6430949525286004e-8,1.1451928079735968e-7,1.3014795558966932e-7,1.4618709988499008e-7,9.286191740854053e-8,3.22914206152172e-7,1.2291609141002644e-7,1.139874026001911e-6,9.69853332207152e-8,2.8261187031209153e-7,2.297539748176488e-7,1.2295198434429806e-7,2.1405802165135922e-7,1.0879904518694623e-7,1.0612282215434766e-7,8.623898785606045e-8,6.551065539132663e-7,0.00001378243217497516,6.579593161424084e-7,1.7704130926813753e-7,9.343718513835583e-8,1.1531023879138526e-7,4.8055814575080444e-8,3.5396134378867717e-7,2.070528860519466e-7,3.167237727086787e-7,1.0935669958199759e-7,1.1161020663719236e-6,5.2171526655352144e-8,2.840952944787005e-7,1.6013739542797433e-7,2.265413967080717e-7,1.0181457518968784e-7,1.809595858232016e-7,1.6763519053541358e-7,9.497211304481952e-8,6.815707637852627e-7,0.0000229863783000043,6.052341300192272e-7,1.63625972789527e-7,2.1445461449349032e-8,1.2120207058894256e-7,1.3262872116514142e-7,1.4224603680415594e-7,9.199625193483584e-8,3.1635978542351025e-7,1.1014316415069508e-7,1.139721259956212e-6,1.1286445308835233e-7,2.9066083318727214e-7,2.3180022089664356e-7,1.233094832754106e-7,2.0899874839802813e-7,1.132474622305653e-7,1.1027911351892733e-7,9.168624472725229e-8,6.520243748848977e-7,0.00006890094466257398,6.594009594982266e-7,1.7249118341653013e-7,8.928328819659937e-8,1.2440363346813213e-7,5.035030797818968e-8,3.549750117361117e-7,2.0659745461096427e-7,3.1024337596513207e-7,9.685080827976118e-8,0.00010708463227812055,6.88029086038104e-8,2.8750437768870824e-7,1.6215798869500234e-7,2.3154541116339425e-7,1.0025392015335766e-7,1.7382649671568525e-7,1.6778835578387741e-7,1.0187432495935136e-7,6.810188891991929e-7,0.00006882405613313907,6.078163817508602e-7,1.6078620609185315e-7,1.6510647221372234e-8,1.2782089194526912e-7,1.349452571095971e-7,1.382701553499244e-7,9.087106579894353e-8,3.096372711446402e-7,9.82977138924643e-8,1.1390478687760395e-6,1.2889154400449505e-7,2.985236136379547e-7,2.3360094519201918e-7,1.2385492605591504e-7,2.0386634689541938e-7,1.1801634505034008e-7,1.1416272788261491e-7,9.72154683029099e-8,6.485349420153351e-7,0.00002290874160117209,6.60369802925971e-7,1.677878467306609e-7,8.516593568170101e-8,1.3340097167984026e-7,5.3262516362803895e-8,3.558136030162986e-7,2.057650574256227e-7,3.036644364237709e-7,8.655088707848254e-8,1.1168891009928642e-6,8.578366559569553e-8,2.909542853565027e-7,1.640458285342344e-7,2.3639905329317936e-7,9.854623854507688e-8,1.665589758742675e-7,1.6789830320116485e-7,1.0856802880016756e-7,6.79999685647846e-7,0.000013706234934130046,6.100241498131376e-7,1.5819777357211651e-7,1.1816578710787758e-8,1.3435277552520793e-7,1.37095747325018e-7,1.3428180874560412e-7,8.94878200144143e-8,3.027589060300393e-7,8.767433516855076e-8,1.1378545192241372e-6,1.4505966821214238e-7,3.061841716754167e-7,2.351526633653336e-7,1.2457462711485723e-7,1.9867107230779003e-7,1.2307555066412637e-7,1.1776931082579284e-7,1.0276819453320482e-7,6.44650528368369e-7,9.769603754705396e-6,6.608617491901462e-7,1.6295307052835399e-7,8.109745247185594e-8,1.4227885853328955e-7,5.666069879092272e-8,3.564823254993501e-7,2.0455640489798963e-7,2.969943990781851e-7,7.918099753054499e-8,1.1166526081812605e-6
5.725655768880714e-7,2.2673271187350363e-7,3.389341662440965e-7,6.842445295934266e-9,1.7186140700386104e-7,8.112388081672728e-8,8.361011023801968e-8,1.1158083732543037e-7,2.916888948498956e-7,4.2430435730192334e-7,6.249066959127956e-6,3.5744604000036814e-7,1.4524567847196316e-7,1.361216013960198e-7,4.4841436552521455e-8,1.5502177425333514e-7,1.7302111106821106e-7,5.095210179757317e-8,2.3648348075587651e-7,3.0269752176751983e-7,7.290520339133326e-7,2.865314093341313e-7,2.2011948956706552e-7,2.118686681740736e-7,1.7773829419165053e-7,1.6205087016066897e-7,4.9646220447497185e-8,2.5245409705012386e-7,1.9065804956287857e-7,3.586788034437466e-7,8.573457168238815e-6,4.4573273395738527e-7,2.5892073945146303e-7,2.5828808735999775e-7,4.745364716058542e-8,1.2759928933677577e-7,1.39200681537108e-7,2.34984876778807e-7,3.332395392714442e-7,2.2401691538793397e-7,5.72073287975107e-7,2.3476706619571827e-7,3.3192904875895584e-7,1.648750984291391e-8,1.7377584432122816e-7,7.918346105215916e-8,8.491548056989174e-8,1.2013094191582664e-7,2.898257343196744e-7,4.293801698558079e-7,0.000014480824656652117,3.564928949588571e-7,1.55589677201398e-7,1.3732837984217891e-7,4.1667944160814454e-8,1.5696369889777222e-7,1.725772175797849e-7,5.117022669470783e-8,2.338721849216977e-7,2.9580091059113805e-7,7.297319972725999e-7,2.928489612603744e-7,2.2232030848316543e-7,2.0743092959063693e-7,1.776300550391092e-7,1.5940218613015312e-7,5.2766918318014754e-8,2.4827526251572746e-7,1.7901072702407345e-7,3.616942138188109e-7,0.000043116615378441535,4.400812094917539e-7,2.6060025856716037e-7,2.4963791346561243e-7,4.2487613633452195e-8,1.3046612391477528e-7,1.3889017091665432e-7,2.2741134057805744e-7,3.4039408140832136e-7,2.1486604893521652e-7,0.00006724923627749969,2.4299896455252557e-7,3.249400583625871e-7,2.878289242344622e-8,1.75660193844508e-7,7.715284139595117e-8,8.620376706672895e-8,1.2848421949306288e-7,2.880304193005783e-7,4.342110296640705e-7,0.000043069338988008125,3.5546748959641844e-7,1.6583168722324406e-7,1.3886570462657913e-7,3.8542915966441464e-8,1.5885526478700593e-7,1.7188769315531943e-7,5.1631578077918395e-8,2.309822978230051e-7,2.8882067108677526e-7,7.301135297880473e-7,2.9908896614718184e-7,2.242738229315545e-7,2.0283013965020292e-7,1.7736820454766948e-7,1.5674893480705135e-7,5.603317878261082e-8,2.4413523276155094e-7,1.6715451263548178e-7,3.645820505921619e-7,0.000014434598403400382,4.341768937123686e-7,2.6241748261237773e-7,2.4074076983425414e-7,3.7708157579845585e-8,1.3329046927093863e-7,1.3856347326909105e-7,2.2023480835624695e-7,3.47585466704356e-7,2.0576422343722264e-7,5.711004678790358e-7,2.514094495634174e-7,3.179799339566999e-7,4.1597187648933734e-8,1.775170601215682e-7,7.503407698928494e-8,8.74593264331749e-8,1.3661782240888456e-7,2.863034376329842e-7,4.387903637251183e-7,8.525073273747672e-6,3.5436131459572055e-7,1.7594367782982674e-7,1.407363664607775e-7,3.5471625591437656e-8,1.6069486601348385e-7,1.70957999397396e-7,5.229140245436978e-8,2.2783157694250663e-7,2.8175078750321464e-7,7.301958252342498e-7,3.0525715752445266e-7,2.2596608806027346e-7,1.9808481152330658e-7,1.7695566183207988e-7,1.5409745405698032e-7,5.943322538889466e-8,2.4004280211398625e-7,1.5510970942573408e-7,3.673488354056951e-7,6.203829607961616e-6,4.2802943958386683e-7,2.6437764850214636e-7,2.31621703475947e-7,3.328756900589765e-8,1.3606484482661118e-7,1.3821713625960262e-7,2.1348345649197033e-7,3.548071395212482e-7,1.9671971868317523e-7,5.706209303644084e-7
6.971438592194511e-7,1.9141104366066758e-7,2.731708399528298e-7,2.475501024739058e-7,2.05347763196194e-7,1.481931808601888e-7,4.1204129835336945e-8,1.5680022411740945e-7,9.901501411952826e-8,1.891684378860233e-7,0.000017417627374481822,1.6446416191137988e-7,6.102045269659245e-7,1.6964572471930034e-7,7.630967878021006e-9,1.7481193201273854e-7,1.7571444998091235e-7,3.0652504430069474e-7,2.9368701292582945e-7,1.3063558657433343e-7,5.633992718028048e-7,1.047272981682662e-7,4.6513764831753443e-7,1.6771645299526953e-7,2.054346971439895e-7,1.576433413642953e-7,4.443469822167853e-8,1.248314751809043e-7,5.031226932200238e-7,1.5258401449576384e-7,0.000024589674855987636,2.5302023051916345e-7,1.4360387851598952e-7,1.0398886265297912e-7,2.442081347478335e-8,1.3420613725666027e-7,1.867438563199521e-7,1.9110258329080246e-7,2.049137497658745e-7,2.519236700850402e-7,6.9825221935357e-7,1.9154698547696583e-7,2.762260939673324e-7,2.530511546838282e-7,2.0468827351142184e-7,1.4460494736667912e-7,3.534785720397465e-8,1.6233139953290262e-7,9.944990370301732e-8,1.95771851934506e-7,0.00004080277753304541,1.6074936920028493e-7,6.080100727558092e-7,1.659010199294989e-7,1.1329215822292638e-8,1.7884248918310418e-7,1.778415359785276e-7,3.028494629562661e-7,3.045363769760435e-7,1.4266689441027738e-7,5.632404811817213e-7,9.456126371343316e-8,4.5807571031868507e-7,1.7116605787461714e-7,2.052286235962771e-7,1.5439451566053407e-7,4.127135302519667e-8,1.25042750509686e-7,5.085311214529284e-7,1.6095237283351035e-7,0.00012277544352921318,2.484105587758394e-7,1.4027043189693494e-7,9.874042442055036e-8,2.75379575626576e-8,1.3762642012795534e-7,1.8600801141335782e-7,1.8582302609569508e-7,2.045893221233597e-7,2.5013775555506995e-7,0.00019206910430885776,1.9177228957602896e-7,2.7871271939355994e-7,2.5826240363529215e-7,2.0389904978213758e-7,1.409348135250015e-7,3.015197187866675e-8,1.6790885864742914e-7,9.992738002348519e-8,2.0258160506808758e-7,0.0001228117987199026,1.5685003159645044e-7,6.050847624304951e-7,1.6188420416171799e-7,1.6672568643061777e-8,1.8278574835835597e-7,1.7972564450276309e-7,2.990943835198026e-7,3.1493957849621603e-7,1.5498185172674966e-7,5.629920481281454e-7,8.498206597599915e-8,4.5050531202191646e-7,1.7465542022771002e-7,2.0480480585337372e-7,1.5104933598556353e-7,3.840338607156874e-8,1.2525355161647138e-7,5.132876717884077e-7,1.6891989999704932e-7,0.000040838942857796725,2.4377834719248725e-7,1.3654259009800658e-7,9.356225783694523e-8,3.153478174080383e-8,1.4093015318345125e-7,1.851810007379788e-7,1.8034243614486734e-7,2.0373565807408666e-7,2.484782773888194e-7,6.99041017185438e-7,1.9211507267309335e-7,2.806294801412507e-7,2.6316705334242794e-7,2.029808066772154e-7,1.3719346184428973e-7,2.5969557316847283e-8,1.7351759642930393e-7,1.0039861924435384e-7,2.0955191188244617e-7,0.00002462620085144556,1.5281758769642686e-7,6.014324177509592e-7,1.5758762867356353e-7,2.2462135919591285e-8,1.8663494572562045e-7,1.8136538126728068e-7,2.9525776771615435e-7,3.248888786212989e-7,1.6741353111471943e-7,5.62654385721848e-7,7.639982504140833e-8,4.424383346337401e-7,1.7819005453445806e-7,2.0416353975037973e-7,1.476131962387604e-7,3.593974055527701e-8,1.254593613855923e-7,5.173883012484734e-7,1.7646526373230073e-7,0.00001745358146496032,2.391425064606409e-7,1.3242949833428627e-7,8.847014707387686e-8,3.613798385497797e-8,1.441126436006827e-7,1.8426290863332322e-7,1.7468311063677407e-7,2.0235477146918969e-7,2.469271687025514e-7,6.987240344299028e-7
1.6670049935715559e-7,3.0815034081733066e-7,2.0785826586784769e-7,1.2857416593454155e-7,2.7564174503283066e-7,1.909571677851736e-7,4.846376608186847e-8,2.0556792863560504e-7,1.6098908513441744e-7,2.829863616908169e-7,0.000011365419377179904,9.886319910402132e-7,2.683206848266502e-7,1.2842145520629074e-7,6.192575365904903e-8,1.694176994631356e-7,2.9622230681626637e-7,1.8530075733606248e-7,1.2058151195697e-7,9.656809068233329e-7,4.2556856346020813e-7,8.858591111490091e-7,2.455896631015605e-8,1.8492439537361549e-7,2.4974755114933454e-7,1.988760939575387e-7,1.5419563911661917e-8,1.2011354219894543e-7,1.8950109249012578e-7,1.1054293936229949e-6,0.000016567919352541323,2.0803426782005806e-7,1.5700316789644204e-7,2.1511717904364638e-7,4.096367751642106e-9,1.5683506396469978e-7,2.703521288759012e-7,8.77369504621555e-8,1.3788647731689777e-7,4.137501202806503e-7,1.6863987289301478e-7,3.299391317742826e-7,2.1920189762623528e-7,1.3082275802912007e-7,2.756666462508957e-7,1.861067973315687e-7,4.95124243185545e-8,2.0988053202603265e-7,1.6803832408564882e-7,2.7684406716945664e-7,0.000026869681265458577,1.0140878050946922e-6,2.7256420050821626e-7,1.2213202357772234e-7,5.946410495377865e-8,1.7503560755192287e-7,2.958680497093591e-7,1.8153016553774924e-7,1.171048732585545e-7,9.572788360633276e-7,4.2745430033870996e-7,8.977378780852363e-7,2.3457067708343628e-8,1.902559611812826e-7,2.506596482896715e-7,1.9408356272983358e-7,1.3004625538269029e-8,1.2547150099820627e-7,1.8599100843689172e-7,1.0829654402882318e-6,0.00008171324486901263,2.1670844712804744e-7,1.5432047719507873e-7,2.1183547043288932e-7,2.8253317263486546e-9,1.6160610047026982e-7,2.704111563802151e-7,8.491959821707519e-8,1.2675465527784122e-7,3.9417031911155814e-7,0.00012778257903201792,3.512199888271833e-7,2.3079985752834616e-7,1.3304733407960027e-7,2.754560923330209e-7,1.811582995746086e-7,5.150369116736049e-8,2.1395034394528462e-7,1.7482057045937421e-7,2.7003951752449434e-7,0.00008172452503766133,1.038771872498977e-6,2.766683880682534e-7,1.1579012016378109e-7,5.78628610768481e-8,1.8050091865997536e-7,2.953269401150624e-7,1.77553986557507e-7,1.1359749691124524e-7,9.480142839059371e-7,4.278365404232761e-7,9.08764506458286e-7,2.270194206594788e-8,1.9540000238590913e-7,2.5140118900716904e-7,1.8912071432818047e-7,1.4496810183233077e-8,1.3081971225069146e-7,1.8237336416059653e-7,1.0597114574402983e-6,0.000026882400016071016,2.2474523356380272e-7,1.5175591889442168e-7,2.083350658405971e-7,9.31519312194721e-9,1.662778968101484e-7,2.7024631325593984e-7,8.214946141385485e-8,1.1598986657895283e-7,3.7401609751068187e-7,1.693029429867655e-7,3.71937395437075e-7,2.426028456699911e-7,1.3524434358061074e-7,2.7501078243586135e-7,1.7612012538307136e-7,5.4342788587116776e-8,2.1777699758972006e-7,1.8131121412667606e-7,2.6261297081554537e-7,0.000016577818947997203,1.0626390282002821e-6,2.8061343881823097e-7,1.0940627968547773e-7,5.720896232246051e-8,1.8580678960474666e-7,2.9459899016838316e-7,1.733905901296918e-7,1.1004662693734261e-7,9.379258110640775e-7,4.2671686261557394e-7,9.188995979232476e-7,2.232339424855211e-8,2.0034132449124977e-7,2.519720059681199e-7,1.8399273004053375e-7,1.8974829216420572e-8,1.3614758247018362e-7,1.786664423329354e-7,1.0357118752326224e-6,0.00001137962666825598,2.321022527714079e-7,1.4936336243096086e-7,2.0461541501337842e-7,1.5863285601580083e-8,1.708431425599402e-7,2.6985747520841855e-7,7.943482663502715e-8,1.0569625311523787e-7,3.533367587846931e-7,1.6803553970667414e-7
0.00013885488761506624,0.000049801099152747265,0.000026534872690243475,7.341426485632122e-7,0.000015207319556558644,0.000011586981440596445,5.17301100620557e-6,0.000020260350355589923,0.000015671771626826823,0.00003058603929043683,0.0028862994805245873,0.000034333027280971784,0.000013170499443925434,0.000020034874827634276,6.560025328958813e-6,0.00001061630024917401,0.000015726365503783613,1.9820505026438533e-6,0.00002603597404939479,0.00005486121263677128,0.00013063686870981017,0.0000502842926255221,0.00002661973885377752,7.710220787679742e-7,0.000015221024190640068,0.00001144754805239617,5.4392512108056135e-6,0.00002018074222384271,0.000015485824820342653,0.000031506359080461694,0.004052892562942112,0.0000335874975542674,0.000013383280699176009,0.000020134264262329468,6.299133346544581e-6,0.000010765979740526605,0.000015724905844999295,1.700441850699572e-6,0.000025952667295608782,0.00005447333529583184,0.00013890863417699394,0.00005135729393120782,0.00002636022415786716,8.979431605034345e-7,0.000015388716800959577,0.00001132004216207209,5.552779711225849e-6,0.000020229563803843675,0.000014908999443284245,0.00003164018442816837,0.006746234258282759,0.00003344085257575303,0.000013941362623967144,0.00002009443555017486,6.191111240158862e-6,0.00001090005268774378,0.000015566856973886595,1.5173750766163074e-6,0.000026249972881020823,0.000053337630503215726,0.0001306669346477902,0.000051805695169885296,0.000026445718369371515,1.088453051115566e-6,0.00001539789929352199,0.00001117711327756646,5.817127220539766e-6,0.000020144670449295384,0.000014712927938749092,0.0000324921755614055,0.020258836558483973,0.00003263418001182592,0.000014144365420238806,0.000020188867079549908,5.927752040376586e-6,0.000011046476063724023,0.000015561073469155593,1.263652702347243e-6,0.00002616704026544985,0.00005290812164748052,0.03167780668150915,0.000052918306828358135,0.00002616576833050576,1.2573818652719768e-6,0.000015561415892816675,0.00001104625335861221,5.928442539191574e-6,0.00002018680627784359,0.000014146845308531385,0.00003264342162190056,0.020258835346071705,0.00003250229275446231,0.000014713535170464854,0.000020142334680363028,5.8176092887878065e-6,0.000011177212832983845,0.00001539858568560148,1.0950463737954026e-6,0.00002644392202967892,0.00005181481658610401,0.00013066703094885386,0.000053328491104429796,0.000026251844851980445,1.5129912794018536e-6,0.000015566127328787487,0.000010899926261586043,6.190655125884137e-6,0.000020096819633856593,0.000013940874336632335,0.00003343076339145174,0.00674623326950509,0.00003163088509766953,0.000014906497479026507,0.00002023162025872782,5.552013618962322e-6,0.000011320281271462815,0.000015388424089585514,9.049621962714866e-7,0.000026361445252222815,0.00005134717927343835,0.00013890838124033716,0.00005448358632845261,0.000025951341245163507,1.6948695788028623e-6,0.000015725298845138752,0.000010765773404606298,6.299753973484971e-6,0.000020132200204277408,0.000013385742777091502,0.00003359667835743788,0.004052891127907105,0.00003151649914571782,0.000015486550508362627,0.000020178455580916676,5.439755024849058e-6,0.000011447620518532388,0.000015221667369005672,7.810414952093295e-7,0.000026618016650794253,0.000050293392636474685,0.00013063715757276678,0.00005485205873716943,0.000026037923113898785,1.978966346153207e-6,0.000015725592608329917,0.000010616147224764204,6.559598466346331e-6,0.000020037306340363536,0.000013170131099366685,0.00003432297115227108,0.0028862987162814047,0.00003057668538486258,0.000015669243626286278,0.000020262401390720344,5.172162413042255e-6,0.000011587236936195469,0.000015207075657773004,7.405601651028357e-7,0.00002653604620765547,0.000049791059601667295,0.0001388543818850796
6.103039237734094e-7,1.1112617127660925e-6,3.747257200952037e-7,2.8622299428120894e-7,3.727198029257453e-7,3.1408977460132854e-7,3.6494294635979995e-8,2.987411418068828e-7,5.711309685756676e-7,2.7595364320425835e-7,0.000013745195149216055,9.743271403974676e-7,4.1761641430638846e-7,4.193865978259059e-7,6.489408747232169e-8,2.57070832648845e-7,3.9261653756397345e-7,2.0599242096048313e-7,2.0845152243939186e-7,1.9569275177113893e-7,1.0397133782086753e-6,1.0713586487187552e-7,3.4205848519570955e-7,2.026794785403074e-7,3.691814760344093e-7,2.9257524766933015e-7,4.634300917095885e-8,4.0830073627005887e-7,3.391787215116795e-7,9.458707401407166e-7,0.00001874816161068807,2.709499832200135e-7,4.515591969561045e-7,3.1388433716802244e-7,5.928288175445568e-8,2.837271353769978e-7,3.8976195390392265e-7,3.112487818919e-7,4.5328098247505473e-7,1.1198918055284106e-6,6.080826505332555e-7,1.1362184308407418e-6,3.707018218652641e-7,2.97697771415511e-7,3.742860472629899e-7,3.068887772955946e-7,4.709294913266602e-8,3.0555135864608024e-7,5.569678994519507e-7,2.499817277028738e-7,0.00003182707542438752,9.805811450382957e-7,4.2119590492119333e-7,4.154820238146141e-7,5.4135910844585816e-8,2.6500102644921267e-7,3.9222140223076015e-7,1.9741258659506243e-7,2.2354096469993467e-7,1.9081557403057137e-7,1.041250668562915e-6,1.1496243773206357e-7,3.2888067521916287e-7,2.11105437912896e-7,3.7061676889781474e-7,2.8555292566858723e-7,5.347219490822128e-8,4.123344890844437e-7,3.373004131449022e-7,9.392585928965541e-7,0.00009465848595047173,2.9647569043998354e-7,4.6449299769570063e-7,3.078467171438243e-7,5.0666315137866255e-8,2.9081149525286175e-7,3.8845368117100105e-7,2.998085378471599e-7,4.5523988839836823e-7,1.0953390593597743e-6,0.00014843152439479698,1.1604177813362451e-6,3.66609293579695e-7,3.089596370829543e-7,3.7558047599963806e-7,2.994641984525526e-7,5.79741898887826e-8,3.121945641322333e-7,5.426694560944296e-7,2.2349097163569068e-7,0.00009467028144578496,9.860140628358743e-7,4.244967501787874e-7,4.111924156062896e-7,4.3358958165466025e-8,2.727552067229299e-7,3.914958205044604e-7,1.8883844275016912e-7,2.3838631047698303e-7,1.8585660330957917e-7,1.0414685003156773e-6,1.2230226672902478e-7,3.154817413168526e-7,2.195947802905485e-7,3.717348452527588e-7,2.7834856781771787e-7,6.157501448025097e-8,4.160046310034615e-7,3.3515309493530557e-7,9.317643639486252e-7,0.00003183919526153312,3.215766862786412e-7,4.773535967832781e-7,3.0165712198289666e-7,4.30576656649825e-8,2.9769056481637887e-7,3.8687972233708685e-7,2.8817785358135786e-7,4.5711281908544556e-7,1.0699936717596777e-6,6.069707667359778e-7,1.1838158437995483e-6,3.624368941850052e-7,3.1999425503498635e-7,3.766016504117653e-7,2.918240194259898e-7,6.89641762996389e-8,3.186612970724764e-7,5.282603555961755e-7,1.96524588880247e-7,0.00001875962507395229,9.905823017633596e-7,4.2753527090017423e-7,4.0651528699074973e-7,3.2573417348691264e-8,2.803258960757432e-7,3.904401989492769e-7,1.802763361879968e-7,2.5296187778668046e-7,1.809097031589332e-7,1.0403678485525893e-6,1.2910192951937085e-7,3.018966815117245e-7,2.281382106560894e-7,3.725348357533184e-7,2.709693431414811e-7,7.030667200506394e-8,4.193138346476965e-7,3.327209937731702e-7,9.234321091597463e-7,0.000013757636671503645,3.4619826797134205e-7,4.901171657361258e-7,2.953252200829816e-7,3.7139620496960105e-8,3.043557864782616e-7,3.850418803045775e-7,2.763742210441874e-7,4.589152282539673e-7,1.0439019209922365e-6,6.080860156416186e-7
1.3552563778963152e-6,3.1281211711812924e-8,1.4209051556751786e-7,1.2417409711905767e-7,1.424621004370282e-7,5.864366158271022e-8,7.070872839943111e-8,4.837620434262557e-8,3.3541813139724825e-7,8.02587209411654e-7,0.00001675601359956488,5.528476808106263e-7,2.551170361844456e-7,9.729234186856723e-8,5.0997469475459436e-8,5.765322553230729e-8,9.310941598895258e-8,1.5333169889976488e-7,7.238850254345872e-7,3.831222226062811e-7,1.4981460022244528e-6,3.947031830860644e-7,6.418932703774788e-7,1.254014552149305e-7,1.3032700121387415e-7,6.159650496957714e-8,6.241601024913736e-8,1.0899445045587689e-7,3.9444133448700535e-7,5.967817660145736e-7,0.000023331290318974547,8.890472185845002e-7,3.011760412966159e-7,8.916574686096698e-8,5.4945722167448744e-8,1.1254016595158573e-7,8.964786643591325e-8,1.548497726943765e-7,1.1636041111264118e-7,1.984311584753702e-7,1.3560269293009334e-6,5.612808010935846e-8,1.4816464742349778e-7,1.224805136021502e-7,1.4139791539329772e-7,5.6260980966195015e-8,6.813381153987018e-8,4.5287177643474883e-8,3.47786466314363e-7,8.10579285388181e-7,0.000039111521858298666,5.574372481681376e-7,2.6018843720517245e-7,1.0018283867802518e-7,5.392316185222706e-8,5.926704284970309e-8,9.410919479195662e-8,1.5409130845618556e-7,7.230407431490823e-7,3.6893308300581337e-7,1.498771015546908e-6,4.07063792486084e-7,6.431834764679709e-7,1.273333594856524e-7,1.2973466591925097e-7,6.183856295416906e-8,6.004540269325034e-8,1.0394868692241537e-7,3.900279839098896e-7,5.930477366419722e-7,0.00011714934103298542,8.819117193333457e-7,2.887999258865495e-7,9.354821825363142e-8,5.590758262464892e-8,1.138087821481816e-7,9.079917967487189e-8,1.5454959079597196e-7,1.1350379399280121e-7,1.77920480497136e-7,0.00018280935819004103,8.190469902944777e-8,1.5449942433871293e-7,1.2081479985387655e-7,1.4023480289415205e-7,5.38410489545887e-8,6.548138250173394e-8,4.2415130364905904e-8,3.594188845528888e-7,8.178907957864547e-7,0.00011718868083907935,5.617113566878095e-7,2.649667453834963e-7,1.033075085551439e-7,5.700037422879438e-8,6.090960799503337e-8,9.511005512112732e-8,1.5456871695541628e-7,7.214375714170665e-7,3.54772939271189e-7,1.4986478119937541e-6,4.19533730433383e-7,6.437983008658812e-7,1.2911224650675468e-7,1.2909407398826408e-7,6.209121299553798e-8,5.7690226763895196e-8,9.877406552598653e-8,3.8524659795360227e-7,5.889448671620229e-7,0.000039150054374332656,8.740971791362081e-7,2.757531001173282e-7,9.80154180160157e-8,5.684733060409819e-8,1.1501249899305518e-7,9.182527153666477e-8,1.5417272473601135e-7,1.1092145305182576e-7,1.590089566662388e-7,1.3567270258498732e-6,1.081731565753644e-7,1.6109872242593227e-7,1.1918279404409391e-7,1.389803918498372e-7,5.139322222346764e-8,6.275964325987295e-8,3.977515356268962e-8,3.7030744506893893e-7,8.245072800422127e-7,0.000023371460219145698,5.656398393452326e-7,2.694534795169038e-7,1.0661345670628158e-7,6.020791227595127e-8,6.256685777688277e-8,9.610781995073714e-8,1.547746054814096e-7,7.190795772696193e-7,3.4062963273594467e-7,1.4977759681022974e-6,4.321194239004307e-7,6.437345414873947e-7,1.3073025395132316e-7,1.2840642058198025e-7,6.236000458606409e-8,5.5354641583721396e-8,9.349568410260688e-8,3.8009907179662267e-7,5.845036184271089e-7,0.000016793762108642277,8.656176039615741e-7,2.6204762594864705e-7,1.0256432070317975e-7,5.775472029484331e-8,1.161487622806405e-7,9.272335991717931e-8,1.5372307449476805e-7,1.0857756465019893e-7,1.4218097754895995e-7,1.3566561563103377e-6
1.1319024263334385e-7,1.065702428104437e-7,2.324042676181808e-7,1.462095728728259e-7,3.419383725988767e-8,6.152287349928727e-8,2.000425841490524e-8,1.2504616668185172e-7,1.3883158121470136e-7,3.645258759205043e-7,6.631457337079113e-6,2.81268912914439e-7,4.9840802440779924e-8,5.824616081138514e-8,4.1080902446693695e-8,1.0643823726523768e-7,4.5738969681039044e-8,1.9053513358232997e-7,1.321189132714262e-7,4.298301649350724e-8,2.66851000030503e-7,1.1718150199146222e-7,1.0446086632957688e-7,1.0211052703529675e-8,1.7570855595828488e-7,3.9999264040248945e-8,2.150051070796961e-8,7.214797641973745e-8,6.341232006377223e-8,2.8875232699648504e-7,9.44628734835341e-6,3.561613807705864e-7,1.310681253718558e-7,1.1099880458622904e-7,1.0089431522288093e-7,6.012242893601307e-8,4.410741514566152e-8,5.429886602257149e-8,2.199087652691005e-7,6.831034575130972e-8,1.1332335705263185e-7,1.034577088898926e-7,2.2920680912376837e-7,1.4690045486867186e-7,3.4713268657319306e-8,6.207352422876401e-8,1.9034680901664708e-8,1.338015724527963e-7,1.4029612757753638e-7,3.651395075910842e-7,0.000015526555851930968,2.848143859855581e-7,5.3112037422931936e-8,6.369750700308473e-8,4.2102555185169135e-8,1.0641771659556317e-7,4.453643622177466e-8,1.9724464562631657e-7,1.2752673342098743e-7,4.37540764412324e-8,2.663844470532472e-7,1.168132772736754e-7,1.1131069967900782e-7,6.587954960330858e-9,1.7581855183310498e-7,4.115226256337072e-8,2.10587591370252e-8,8.036740701174884e-8,5.8442324960425684e-8,2.840816663885565e-7,0.000046818298164875675,3.5765994950753935e-7,1.2973429157270795e-7,1.0941641739769753e-7,9.941845191155848e-8,6.133592068880039e-8,4.499352099164193e-8,5.920939963944729e-8,2.2406891924570286e-7,7.428872728990924e-8,0.0000734497756305458,1.0042982322438013e-7,2.261493855226733e-7,1.480594548324245e-7,3.530731977563687e-8,6.263872384273919e-8,1.835649131792291e-8,1.4233282284057368e-7,1.4194532869444644e-7,3.6566912218893627e-7,0.00004677032352798404,2.883845051056296e-7,5.740442274590399e-8,6.9634603076382e-8,4.303500903439172e-8,1.0638382609973583e-7,4.355908863984128e-8,2.038029697708668e-7,1.227391975151989e-7,4.450299367595284e-8,2.6566008038146953e-7,1.1640006826753981e-7,1.1792507405873652e-7,7.494860647093749e-9,1.7578108231276388e-7,4.23748135456319e-8,2.067971289635979e-8,8.843907519410795e-8,5.3900084724999944e-8,2.7944404143553546e-7,0.000015478742956233386,3.5907118576109834e-7,1.2857391113506329e-7,1.0815347571775622e-7,9.780188516301822e-8,6.255404251828653e-8,4.5802015306196604e-8,6.50471796096128e-8,2.2834722763059187e-7,8.024468246813957e-8,1.138794557100665e-7,9.751571108052118e-8,2.2323306236196924e-7,1.4970645487646804e-7,3.597477629503691e-8,6.321805191247735e-8,1.7935772212181167e-8,1.5062253000264618e-7,1.4376754427241022e-7,3.661020065838932e-7,9.398189985395021e-6,2.9197457093863834e-7,6.243201962166587e-8,7.597127892942853e-8,4.3869133364419766e-8,1.0633659083569508e-7,4.2797048789390805e-8,2.1018901735468947e-7,1.1777197394158927e-7,4.522553416258265e-8,2.6467856641375585e-7,1.159453597647694e-7,1.2428999890592472e-7,1.2115041775721116e-8,1.7559309908503538e-7,4.3664263498784993e-8,2.0333619980342503e-8,9.633535165772123e-8,4.9969676847536925e-8,2.7484883360180553e-7,6.58385167750312e-6,3.6040518307330417e-7,1.2757890428795714e-7,1.0725991652514338e-7,9.60418785511839e-8,6.377598527549044e-8,4.65207128099929e-8,7.148251404066321e-8,2.3273126568480036e-7,8.614915831249654e-8,1.1430082028624027e-7
3.9352199550605965e-7,1.1514456584833834e-7,1.5825571092308684e-7,2.7353233660448977e-7,1.1743311135392337e-7,2.8099552756231364e-7,1.0121700898954272e-7,1.927624271811447e-7,3.284769795494084e-7,2.491828911839577e-7,9.504532446553731e-6,1.2496703466167233e-7,3.5370984689644846e-7,1.863868255021694e-7,1.4239805594395031e-7,1.5657446860980683e-7,3.437416905893861e-7,2.3233471235495692e-7,1.7574786108496846e-7,1.512662860271613e-7,4.195822373207351e-7,1.4477848083143502e-7,1.4902802989099708e-7,3.1260235864143535e-7,3.87893690977964e-7,1.947977337413056e-7,1.1617578726903418e-7,2.275722401124068e-7,3.3799422638573055e-7,2.3659738630362326e-7,0.000013311407130644436,1.361511875442541e-7,3.5504722049717204e-7,2.922899799684689e-7,1.4394810956999355e-7,2.1726120832025335e-7,3.024276496621774e-7,2.4629217081215033e-7,1.74027320551273e-7,9.718120396618016e-8,3.937481440256512e-7,1.1568164047473206e-7,1.5029196143085628e-7,2.773174644909518e-7,1.1338542975026098e-7,2.7762000284389694e-7,9.776602588053716e-8,1.9807643036768817e-7,3.2825119413356654e-7,2.5078798124568807e-7,0.000022157808243814783,1.2563614946630856e-7,3.55539050289515e-7,1.7916809221619777e-7,1.5128891340025735e-7,1.6025062876209886e-7,3.404475745074454e-7,2.2553188335205814e-7,1.76487675517882e-7,1.5653201426705028e-7,4.193484220660193e-7,1.4034604072984633e-7,1.4170202931375544e-7,3.20931495609589e-7,3.9056417684444423e-7,1.8766086654563741e-7,1.0653336344963944e-7,2.3404677349565353e-7,3.3463197010989276e-7,2.3509169705271116e-7,0.00006643299058839434,1.322103306156867e-7,3.570956055412684e-7,2.8865331770430186e-7,1.3873014485396977e-7,2.2469696182914412e-7,3.022661905052006e-7,2.4024785732302645e-7,1.799835224535804e-7,1.0160132027970076e-7,0.0001039362697362543,1.1645481881917041e-7,1.4231297472411563e-7,2.809740192511285e-7,1.0934467194713287e-7,2.740670572056101e-7,9.477789253946493e-8,2.0308307039017067e-7,3.2786795691068094e-7,2.5231772353756075e-7,0.00006635673335246025,1.263991589652455e-7,3.571730122796503e-7,1.7183771927079113e-7,1.604284726927688e-7,1.639612287047796e-7,3.369673749900807e-7,2.1842058174404405e-7,1.774058203824289e-7,1.616776425031793e-7,4.1883283259880237e-7,1.3585136252322282e-7,1.3446399571063697e-7,3.28918181197287e-7,3.929584532544472e-7,1.8039452740317106e-7,9.756792824193768e-8,2.4041215160582e-7,3.3105775206038117e-7,2.335507869289692e-7,0.00002208037931351354,1.283207011923735e-7,3.589294928412128e-7,2.8461273928436425e-7,1.3369144884458e-7,2.318898320249797e-7,3.0200403014526185e-7,2.341786982562865e-7,1.8621581929890454e-7,1.0619521662778969e-7,3.936177018206005e-7,1.1747485358484909e-7,1.3433119851278762e-7,2.845063719142289e-7,1.0532221493322668e-7,2.703453408042805e-7,9.23318783527028e-8,2.0778055256916375e-7,3.273222127879567e-7,2.537724144010915e-7,0.000013236376278968135,1.2723774969148515e-7,3.586080781068097e-7,1.6439635537029025e-7,1.6974272291070752e-7,1.676933744107439e-7,3.3331777241585685e-7,2.110031133300547e-7,1.7850441902711252e-7,1.6668776347310925e-7,4.180356751401718e-7,1.3132516484016277e-7,1.2733268732489296e-7,3.3655930687829954e-7,3.9506478892471396e-7,1.7300306687894315e-7,8.953114794177105e-8,2.466662566867897e-7,3.272782515599158e-7,2.31990966352855e-7,9.425989210586982e-6,1.2448591245431175e-7,3.6055115370884676e-7,2.8017311682733226e-7,1.2885232121153628e-7,2.388362121334745e-7,3.0164127058026055e-7,2.2809503456649746e-7,1.9268876728541205e-7,1.1091181084730772e-7,3.932581154640064e-7
9.817180054833852e-7,7.842181885225468e-8,2.657189580045679e-7,7.818450412878348e-8,2.2134880301357178e-7,2.971592749105807e-7,1.6640762519022934e-7,8.28290534241706e-8,9.153352560187337e-8,5.699579532022729e-7,8.3642613994663e-6,5.916009713691184e-7,7.967799140372309e-8,3.392810126184348e-8,1.7506473334032314e-7,2.599303133422166e-7,1.196815396494199e-7,1.9182144655132113e-7,2.952883958289867e-7,1.4072495489537434e-7,9.827517896490382e-7,1.112507644840394e-7,3.155870145533838e-7,5.386039048189431e-8,2.4415119062996175e-7,3.2247994780200084e-7,8.522664471432061e-8,5.025758135714648e-9,1.799042780605393e-7,5.59548713258227e-7,0.0000117435538830225,6.003473530827654e-7,5.9401146197067453e-8,1.0744599270879511e-7,1.0311378054169507e-7,3.8902033222769856e-7,1.6932574913823475e-7,1.52121584375101e-7,2.725723667947911e-7,1.2794487636066628e-7,9.82739799557894e-7,9.016373353740876e-8,2.70088374388157e-7,7.823108550613358e-8,2.1678601981560213e-7,2.970364245234936e-7,1.6769030244366948e-7,8.165226434136848e-8,9.454641537717762e-8,5.708383602842434e-7,0.000019630158744704346,5.930207585083103e-7,8.093608892327205e-8,3.006073465932054e-8,1.7107415336028995e-7,2.6018706930269544e-7,1.2551841867160677e-7,1.898357528868801e-7,2.9146978675991605e-7,1.2746116565439184e-7,9.83001405511496e-7,1.1986438633216272e-7,3.2123496920948475e-7,5.5897206252355474e-8,2.424024480665503e-7,3.229428964004062e-7,9.27201469952269e-8,9.10665434949589e-9,1.7937478634194325e-7,5.577529900029539e-7,0.000059007748199412846,6.017257145683663e-7,5.38109488368523e-8,1.0837873680069628e-7,9.71545091624284e-8,3.9083928388266997e-7,1.7307814055680604e-7,1.5131842876418947e-7,2.687465583842964e-7,1.1307707705857793e-7,0.00009182175650733872,1.0270896508027259e-7,2.7436438745013894e-7,7.806400788653326e-8,2.1198713058171184e-7,2.9628862080931143e-7,1.690023632976761e-7,8.056650293745519e-8,9.783193336132212e-8,5.71338490498769e-7,0.00005909820220042917,5.941030433589131e-7,8.2756103137371e-8,2.6597816686097324e-8,1.6711656945785953e-7,2.598767648591006e-7,1.3121157154464092e-7,1.8766962287325996e-7,2.8750517869329423e-7,1.1435551854827766e-7,9.828388801316488e-7,1.295736940417706e-7,3.267093727573083e-7,5.78779373622504e-8,2.4062720232535305e-7,3.228919374632491e-7,1.0005353330803424e-7,1.3398817298526903e-8,1.7894196244327252e-7,5.556297761385221e-7,0.000019720022664596837,6.027142333784805e-7,4.802272340533554e-8,1.0922095515609038e-7,9.105492459450751e-8,3.9208576542397483e-7,1.7672807515635318e-7,1.504216801040848e-7,2.648772271642855e-7,9.8473199727144e-8,9.836949321137636e-7,1.158531104471555e-7,2.785406709263689e-7,7.768081678830331e-8,2.069736963415369e-7,2.949158310170833e-7,1.7031921327902367e-7,7.958432042587136e-8,1.0132155202071758e-7,5.714608182842688e-7,0.000011834663423862972,5.948406807277594e-7,8.512817466701093e-8,2.3707925489613216e-8,1.632350675636132e-7,2.5900000168300066e-7,1.3673702882028448e-7,1.8532832329178978e-7,2.8340553135667245e-7,1.0142181344710997e-7,9.822646298395083e-7,1.4019026626325617e-7,3.320013432284887e-7,5.976918054326921e-8,2.3884289987545627e-7,3.223275401833551e-7,1.0720373644078681e-7,1.7747597159415417e-8,1.7859821488843113e-7,5.531880240629307e-7,8.45360428886259e-6,6.033081865216879e-7,4.204579665821158e-8,1.0997048386232976e-7,8.483373673133211e-8,3.9276098846902476e-7,1.802479808091134e-7,1.4943476984064147e-7,2.6097400749845815e-7,8.41952809190004e-8,9.836272488643827e-7
7.350179293702148e-7,1.4704556911823312e-7,2.811181334976156e-7,4.694882929883603e-8,2.398423380728794e-8,1.9295606260130207e-8,1.0424858227682747e-7,1.6766902320878872e-7,1.3442584732340858e-7,4.304046099267636e-7,6.237169904367397e-6,4.998019583848503e-7,8.248268893543587e-8,5.1599456349601014e-8,7.797883037598569e-8,1.0032183732826346e-7,9.706804776045826e-8,2.3671911175963365e-7,2.5543696726892933e-7,1.673188952493966e-7,7.479320175436419e-7,1.289534556261405e-7,2.7071038616746846e-7,6.717211697800643e-8,2.1440589329524533e-7,9.888350127885974e-8,1.8752198703788708e-7,1.2891979441854263e-7,1.273525060752004e-7,4.6734117267062485e-7,8.781766090864915e-6,4.600454770443304e-7,9.824445921540536e-8,1.313363846264736e-7,1.3489449752074531e-7,1.0012108600274176e-7,1.9319044751889284e-7,8.63804050138693e-9,2.615450359950117e-7,1.9759735880215743e-7,7.351364798409535e-7,1.5765669178152023e-7,2.8208024019518293e-7,4.674190254032835e-8,2.1901653369777122e-8,1.8819789014405375e-8,1.0220016163698421e-7,1.6886295870536465e-7,1.3227910931559337e-7,4.3195039178269094e-7,0.000014667982528299797,4.993569360812048e-7,8.934893907891694e-8,5.184151282048662e-8,8.617725568861141e-8,9.996496515602003e-8,9.589994995569841e-8,2.357017266574653e-7,2.5329498872015297e-7,1.5661517649167667e-7,7.486320858617967e-7,1.369791531677613e-7,2.719495698011861e-7,6.924636091062003e-8,2.211375892193627e-7,9.733789361059937e-8,1.856772564538926e-7,1.2617576468298924e-7,1.209536862515542e-7,4.6828975520631036e-7,0.000044154002046187104,4.5895493686950354e-7,1.0305686692268628e-7,1.3248607573274085e-7,1.3949279338107388e-7,9.959189884431459e-8,1.9048988574156614e-7,1.2490779545478006e-8,2.629997714742127e-7,1.8803585771342447e-7,0.00006874387122459993,1.6833592210727986e-7,2.8294959041506374e-7,4.6417822463625226e-8,2.1575920465711283e-8,1.8731589568227434e-8,1.0018738126310712e-7,1.697496136354161e-7,1.3031873406547176e-7,4.332624557392837e-7,0.00004425649430870765,4.986536335910551e-7,9.629895575593407e-8,5.229230028024101e-8,9.431391128806026e-8,9.977722893277264e-8,9.488780398679653e-8,2.3435865449322964e-7,2.510105354372767e-7,1.4597731587538697e-7,7.490594325013624e-7,1.45312845722575e-7,2.7309359467515544e-7,7.141754211709631e-8,2.2772454177483036e-7,9.580714373639863e-8,1.8389968379901742e-7,1.232016017345173e-7,1.1467440710280835e-7,4.690274696832203e-7,0.000014771173902423918,4.576254402916822e-7,1.0807060386546619e-7,1.3339305617203822e-7,1.4397641079403213e-7,9.893090348922533e-8,1.8781210530542348e-7,1.620815055063775e-8,2.6438358759746663e-7,1.7857653890160168e-7,7.346921343657825e-7,1.7907415054882022e-7,2.8372190662064797e-7,4.600308499618668e-8,2.3029624992629127e-8,1.9071445569625702e-8,9.82373292136102e-8,1.7032427177574778e-7,1.2853823905349522e-7,4.343416507488194e-7,8.88364288257937e-6,4.976886907469312e-7,1.0331658367297009e-7,5.2925579760338756e-8,1.0236074968648096e-7,9.976178370410592e-8,9.406745171406951e-8,2.326866180614806e-7,2.485911808752967e-7,1.3541073233924183e-7,7.492139326650131e-7,1.5391941783676648e-7,2.741372266935578e-7,7.365323705328621e-8,2.341479115527855e-7,9.42863753451499e-8,1.8221036197180005e-7,1.1999418680375324e-7,1.0853958289726684e-7,4.6955703011143635e-7,6.341147008109788e-6,4.560550047725928e-7,1.1326562260742237e-7,1.3406015415163502e-7,1.4832842260148294e-7,9.813200144642212e-8,1.8517419182603865e-7,1.9798539526629516e-8,2.656942712331928e-7,1.6923087012685265e-7,7.341305728814075e-7
5.410410472722614e-7,8.219956743069939e-8,1.6767072143032115e-7,3.530425017494221e-7,2.1721297041602015e-7,2.670139580483721e-7,6.023757829072445e-8,2.799016228119537e-7,2.2876867421575037e-7,4.005263487204868e-7,0.000011454058979356984,1.8754159521378115e-7,3.7979094512890383e-7,2.3838307030888527e-7,3.2843090454650474e-8,1.5758526856924999e-7,3.3429144673779853e-7,3.032075188003254e-7,2.6018913978286867e-7,1.0722245140268714e-7,6.995953573574584e-7,1.3049324399960223e-7,1.5642277145560236e-7,2.4134727020983677e-7,2.1192699179685316e-7,2.1510607438358318e-7,6.435429742287485e-8,9.711018422338765e-8,3.7109812416217177e-7,3.080787058484372e-7,0.00001585619491296107,2.788001736355259e-7,3.102869469554853e-7,1.9795836116101884e-7,3.1227414074516465e-8,1.6929377777412373e-7,2.939665356697774e-7,1.1569322574293917e-7,1.7015158541588553e-7,1.037672039586906e-7,5.40314794454216e-7,7.89710678078758e-8,1.6252409360872129e-7,3.5154144295688637e-7,2.1634513867088228e-7,2.6136088438229073e-7,6.40213126495473e-8,2.8228765042788226e-7,2.2521346781511703e-7,4.0141636034067393e-7,0.00002659118203881644,1.899736088115159e-7,3.7746185835451215e-7,2.2647943921684782e-7,3.727199715633322e-8,1.6305600257964443e-7,3.353301216395762e-7,2.9453032464469445e-7,2.5869427088910055e-7,1.0730212638946268e-7,7.001693165392083e-7,1.3192532680509233e-7,1.4877434868701505e-7,2.502553150974024e-7,2.1264995798047644e-7,2.1084795512689015e-7,6.066097823576655e-8,1.0741212950615923e-7,3.7208673947278305e-7,3.059109874823543e-7,0.00007939618434179356,2.763859591412849e-7,3.1335998894289146e-7,1.922871770285768e-7,3.45600596233173e-8,1.741428287251683e-7,2.940891503830741e-7,1.1237051557604249e-7,1.7261365447016017e-7,1.118563062501375e-7,0.0001242875324880476,7.707759208450523e-8,1.5749465971066319e-7,3.499025590736302e-7,2.1522543225347578e-7,2.5557992145111423e-7,6.860409975828453e-8,2.8458650135395855e-7,2.2138493811094036e-7,4.0200252646437954e-7,0.00007928069095983153,1.9245679790064806e-7,3.751028200928005e-7,2.1443550004898798e-7,4.327433396811789e-8,1.6847394695265808e-7,3.361621454797081e-7,2.858825919027413e-7,2.575623014721861e-7,1.0789149948314027e-7,7.002788630743285e-7,1.3356669358349645e-7,1.4164831051251773e-7,2.592996031818198e-7,2.1318758627560014e-7,2.0639952488591138e-7,5.766093830250315e-8,1.1794716235123142e-7,3.7310825250605983e-7,3.03675100725207e-7,0.000026476077819448868,2.7374376528995125e-7,3.161735418095159e-7,1.8647193510544102e-7,3.861716818569499e-8,1.7885368491809442e-7,2.9388894427804293e-7,1.0927054180033625e-7,1.7534943211846309e-7,1.202000951856011e-7,5.384820522496999e-7,7.671903392294593e-8,1.5260570836999387e-7,3.4814558571118107e-7,2.1386030012825486e-7,2.496790345040985e-7,7.385075730478291e-8,2.86789887391135e-7,2.17293831581299e-7,4.0228194621747745e-7,0.00001574037536982484,1.9496559720048848e-7,3.7271748541928994e-7,2.0230576683970006e-7,5.033615460585183e-8,1.7381833528648227e-7,3.3678609029720866e-7,2.772866730399408e-7,2.5683672013074523e-7,1.0895872387265214e-7,6.999233351307703e-7,1.3543306886069061e-7,1.3509071198009146e-7,2.6845571811816156e-7,2.135414083369209e-7,2.0176497333366133e-7,5.545662511645614e-8,1.2857731361586805e-7,3.7416544784790647e-7,3.013904225798597e-7,0.00001133940485976008,2.7087817639859285e-7,3.1872005676172935e-7,1.8052919830408874e-7,4.316791016694966e-8,1.8342168775029074e-7,2.933685153519874e-7,1.063837733279638e-7,1.7834039657288687e-7,1.286777026000041e-7,5.373764030337274e-7
3.5555766849651944e-7,1.392821589430891e-7,3.789628122522671e-7,6.566889819326926e-8,2.704676456336945e-7,8.331277131672078e-8,2.4456070909925266e-8,1.6078397342967107e-7,7.071879097942591e-8,3.8983718677123076e-7,8.846035241318044e-6,4.4030855372101874e-7,5.016322504867248e-7,2.192720070543667e-7,5.846879801365459e-8,1.9149287886988477e-7,1.2800452618862231e-7,2.05049534064249e-7,3.8965417998621737e-7,3.787897465993347e-7,4.583207687836677e-7,4.26744701000711e-7,4.277209090447456e-7,3.503800923858233e-8,2.6326956436610274e-7,1.042770150325221e-7,1.7307113772471595e-8,1.6107924164274608e-7,4.771280632387956e-7,4.501026907810494e-7,0.000012161972299347422,3.9159766077396087e-7,2.2321926012165452e-7,1.2930984192184265e-7,4.3210990515837055e-8,1.7733828055851926e-7,1.3150935278982826e-7,2.0191638841067603e-7,2.574959453465735e-7,4.7403891950251284e-8,3.561578125803405e-7,1.438812894656925e-7,3.817213707029352e-7,7.158488726521426e-8,2.711011389790817e-7,7.885210793948491e-8,1.8110830210716024e-8,1.653953396592042e-7,7.06279399903407e-8,3.9530718705873e-7,0.000020435367391714402,4.425008309459532e-7,5.011464381063696e-7,2.183419418260994e-7,5.3566037418368584e-8,1.9582103219092652e-7,1.2914629545590817e-7,2.0248962249316965e-7,3.9784736098946195e-7,3.864504906031135e-7,4.5738707230525777e-7,4.209248612603492e-7,4.227732842762932e-7,3.323049834391241e-8,2.6409779931988263e-7,1.0075975600872531e-7,1.4112810164064109e-8,1.606512953724696e-7,4.799740607267991e-7,4.4733158130117896e-7,0.00006084462840210729,3.927902926878774e-7,2.183545707490573e-7,1.25645511428166e-7,3.787656457226508e-8,1.803970754430081e-7,1.3020908458773052e-7,1.9537811561480278e-7,2.566901730842777e-7,3.617836468999569e-8,0.00009564107688229128,1.4896690582296452e-7,3.8399596228180094e-7,7.725985418363493e-8,2.716314701466228e-7,7.42799604592551e-8,1.1909642352710747e-8,1.7006020241993728e-7,7.127259863159351e-8,4.0100885238163046e-7,0.00006071052440793076,4.4452938802114965e-7,5.000002539572585e-7,2.1713603970825152e-7,4.894504592542223e-8,2.000502481254902e-7,1.3006914267070918e-7,1.9994233149372848e-7,4.055977145558504e-7,3.9390159959772656e-7,4.561350010645147e-7,4.149102411853353e-7,4.1732025053538193e-7,3.156269719288895e-8,2.6471080372377313e-7,9.714474823690124e-8,1.1232449666883695e-8,1.600700401649585e-7,4.822249955021191e-7,4.4442470680223944e-7,0.00002030134809669524,3.942221802631886e-7,2.1306922228570868e-7,1.220409730895218e-7,3.2634619759792466e-8,1.8333358000397087e-7,1.2883624896645504e-7,1.8866237015397626e-7,2.5562224308632493e-7,2.5399930763714876e-8,3.5733670510675485e-7,1.5449132660758983e-7,3.8578665292068007e-7,8.267806717805292e-8,2.7205901088435997e-7,6.960414598888705e-8,6.057933295877491e-9,1.7476341764818047e-7,7.251328611852165e-8,4.068989267522693e-7,0.000012027847477012027,4.4640616920370974e-7,4.981980532142555e-7,2.1564459648707982e-7,4.4679455272396765e-8,2.0417651938220974e-7,1.3077183837121848e-7,1.974007843480293e-7,4.128875744576215e-7,4.011125967060292e-7,4.5456551857170184e-7,4.087326771275813e-7,4.113797079117681e-7,3.008766659975705e-8,2.651079115497919e-7,9.34352419770664e-8,9.066552987363523e-9,1.5934113747495577e-7,4.838768009295675e-7,4.413757966922174e-7,8.712170867554374e-6,3.959101936180379e-7,2.0737515540385265e-7,1.185124329783744e-7,2.7584024786253312e-8,1.8614504596095007e-7,1.2739173143768555e-7,1.8178710726478674e-7,2.542954598172016e-7,1.5842330908193117e-8,3.579116085586153e-7
2.528617013871811e-6,2.779985114532556e-7,5.012557792714165e-7,5.455639549267603e-8,8.604881862617824e-8,1.493589461712066e-7,1.1970133963173356e-7,3.237580207244951e-7,1.8644595318663695e-7,1.3394075399621758e-6,0.000041580579658806176,5.116337102515871e-7,2.483389292494794e-7,2.1832891576051902e-7,8.417942761549792e-8,8.758895542219097e-8,2.1263159711684384e-7,9.062072692706249e-8,4.855929557447324e-7,1.4858896106118767e-6,2.0469810606935493e-6,1.2284848867868635e-6,6.226433168017825e-7,6.493618496738784e-8,1.262763371904506e-7,1.6057507433228912e-7,1.0380417393160392e-7,2.3900567578307106e-7,1.9435837552012496e-7,4.3787588932291513e-7,0.00005891542436032244,1.3654483182381243e-6,1.7979004814564966e-7,2.9372766092938367e-7,8.782172260230566e-8,8.846996663419165e-8,1.923996026446709e-7,1.8141768114269202e-7,4.649386975553872e-7,1.996147901532996e-7,2.5312626954832904e-6,2.915350852264651e-7,4.97352232301504e-7,5.492592889217839e-8,8.821657616071402e-8,1.4728672118384771e-7,1.23015821764425e-7,3.199244962638352e-7,1.755692111200857e-7,1.3400163517008823e-6,0.0000975735926727505,5.051354544327401e-7,2.672192647651872e-7,2.195300223592931e-7,8.156958171189058e-8,8.955893663412999e-8,2.0966134995914783e-7,9.215304585649541e-8,4.82901722674061e-7,1.4450253850942182e-6,2.047627990379569e-6,1.2722366467051386e-6,6.280032492525242e-7,7.28244952016353e-8,1.2766100849948752e-7,1.589184009751331e-7,1.0694852562162522e-7,2.3701144612504266e-7,1.809145542170092e-7,4.324382549751897e-7,0.00029398800099210144,1.3697003071594518e-6,1.886573324799681e-7,2.976396440206066e-7,8.489057365490833e-8,9.080531390537715e-8,1.897264192925019e-7,1.8497590593038237e-7,4.678190960447526e-7,1.842344950692514e-7,0.0004589815685029051,3.0533546408572695e-7,4.93072601962389e-7,5.573474484743032e-8,9.03195182658384e-8,1.4519280926290282e-7,1.2626914324478627e-7,3.15838743261427e-7,1.647916884112146e-7,1.3391233932484018e-6,0.0002941264083141776,4.997291262182291e-7,2.863070839649027e-7,2.2066484665472488e-7,7.889558907620636e-8,9.150096982533219e-8,2.066549380812039e-7,9.434553431511291e-8,4.799747733478428e-7,1.403544940429914e-6,2.048772670448008e-6,1.315420606392088e-6,6.331159567674672e-7,8.07502755871074e-8,1.2903713838651412e-7,1.5721271408571385e-7,1.1004374694673221e-7,2.3497978977776366e-7,1.6835878461823129e-7,4.283437277273617e-7,0.00009771262953804031,1.3724819492015833e-6,1.976345856953339e-7,3.013377485114253e-7,8.191106281347065e-8,9.312457885849913e-8,1.8698498499678797e-7,1.884401968707046e-7,4.7036474599017145e-7,1.693073946175161e-7,2.5309993862984763e-6,3.1943101050700915e-7,4.88429424202866e-7,5.7010661659648025e-8,9.235470836753441e-8,1.430780063934533e-7,1.2946093374209752e-7,3.115103340552578e-7,1.5411669816655404e-7,1.3367845101098875e-6,0.000059053217477574874,4.954611755629957e-7,3.05575078062031e-7,2.2173453147647177e-7,7.616312680443075e-8,9.341109296557605e-8,2.0361501305156219e-7,9.7141656857285e-8,4.768318739816644e-7,1.3615001937527147e-6,2.0504134503814263e-6,1.3579836409414722e-6,6.379570355602467e-7,8.870582624736241e-8,1.304032352879726e-7,1.5545988387064104e-7,1.1308522738001192e-7,2.3290843138685746e-7,1.568521729708396e-7,4.256273234741245e-7,0.00004172026058518197,1.3737347185766554e-6,2.067138747048101e-7,3.0481210606412813e-7,7.888494222526061e-8,9.542524051180062e-8,1.8417721845798552e-7,1.918003118336707e-7,4.72562089001959e-7,1.5480183294222424e-7,2.528088849962252e-6
7.978950261864722e-6,1.8021837402319532e-6,8.633735753730902e-7,2.5709284269457005e-7,7.189349919804102e-7,6.24468762145044e-7,1.2709552114686593e-7,8.635723272694503e-7,6.582971947062178e-7,6.322375920694901e-7,0.00008108550758749843,1.17227196076925e-6,8.334050328378038e-7,7.904190542633568e-7,2.2754864654521598e-7,4.6939337459581034e-7,7.948274860118226e-7,2.6065835654906933e-7,8.953007504591132e-7,1.6808262042539664e-6,4.889452170300195e-7,1.5502147291122007e-6,1.0219569150155922e-6,3.2548436844733895e-7,6.431111054331007e-7,6.107206508580855e-7,2.1172966741962122e-7,7.96745779593219e-7,8.416304528547259e-7,1.0782541599285177e-6,0.00012350623559799888,9.272968247955514e-7,6.777546423750841e-7,8.510728898540117e-7,1.39547544456198e-7,4.842854535383851e-7,8.694793429556757e-7,1.773153332423008e-7,7.165160612620597e-7,2.055357295171868e-6,7.985037298377759e-6,1.8624379044168861e-6,8.449134512800958e-7,2.780231817972107e-7,7.246404164545399e-7,6.108780544565828e-7,1.474743257621052e-7,8.681917510480435e-7,6.395245351904899e-7,6.847661830577928e-7,0.00019495025296996404,1.1579908585536977e-6,8.634675763849434e-7,7.855402685377156e-7,2.0817965704471273e-7,4.844691780086159e-7,7.901566598477957e-7,2.390309178339089e-7,9.043244916344085e-7,1.6611714700760758e-6,4.889500970454871e-7,1.5744572492582808e-6,1.0133245492186913e-6,3.477131096860288e-7,6.484397154730082e-7,5.969212645617813e-7,2.3227929770274248e-7,8.016839483270065e-7,8.12364624060733e-7,1.091240176935713e-6,0.0006016026761335281,8.802318223971437e-7,6.97473716737253e-7,8.468641748962067e-7,1.200194857963602e-7,4.990978401364187e-7,8.646064327164647e-7,1.5591251001421527e-7,7.351572693187665e-7,1.9926000965742453e-6,0.0009306656416846262,1.9241910156578374e-6,8.25824115828366e-7,2.989923484420258e-7,7.297769299618759e-7,5.968877073929844e-7,1.6782933731473652e-7,8.72201077254315e-7,6.205423351386611e-7,7.354787059801543e-7,0.0006017468026868131,1.1439772176947227e-6,8.933509448657754e-7,7.801795560739358e-7,1.886177840747181e-7,4.991843553581284e-7,7.850177946511464e-7,2.1736061712158387e-7,9.127432853134928e-7,1.6398333896878916e-6,4.876066082307245e-7,1.5970599030255275e-6,1.0040844047943615e-6,3.698073587505535e-7,6.533101959220363e-7,5.827451287632892e-7,2.526416650152328e-7,8.061471157031475e-7,7.828988194204848e-7,1.1044538101399499e-6,0.00019509455961613364,8.311635839888897e-7,7.169805986164056e-7,8.420528865259287e-7,1.0043430546407655e-7,5.135294024346247e-7,8.591572207697768e-7,1.3455747569050232e-7,7.532159899950508e-7,1.9313464164632024e-6,7.985944809978228e-6,1.987463828528131e-6,8.061258629576077e-7,3.1998232017317063e-7,7.343407076470398e-7,5.825079891127638e-7,1.881302085190796e-7,8.756027456213427e-7,6.013466485424857e-7,7.841524318207427e-7,0.0001236501796162635,1.130242997416342e-6,9.230243364754333e-7,7.743423965840468e-7,1.688802860626132e-7,5.135282835885995e-7,7.794144023282808e-7,1.9569949485893514e-7,9.205718213162277e-7,1.6168585310908938e-6,4.849110992746317e-7,1.6179770683532255e-6,9.942206041305118e-7,3.9175036306390434e-7,6.577190695194482e-7,5.682024849836886e-7,2.7280239193221947e-7,8.101299472472904e-7,7.532636033643552e-7,1.1178875893317507e-6,0.00008122999290174316,7.802784717008639e-7,7.362795692920212e-7,8.366365751864224e-7,8.082480262672757e-8,5.275691890847655e-7,8.531356265178314e-7,1.1329017478417449e-7,7.706697230261134e-7,1.871575975772616e-6,7.980765403167965e-6
2.365327800924276e-6,4.203729679864236e-8,5.061204141921554e-7,6.101602891401315e-8,8.294151812918794e-8,1.2252301145723532e-7,1.003642760904277e-7,3.001689108909557e-7,7.770724779964393e-8,1.2512013699580055e-6,0.00003992951782337757,2.8972205662863315e-7,1.6685969274689155e-7,1.629486250722244e-7,7.19973169959078e-8,7.212936598584331e-8,1.666565151266339e-7,1.1667836470435255e-7,5.44270243603704e-7,1.3554521854593628e-6,1.9048483462323289e-6,1.2201313226327924e-6,5.205252054350196e-7,8.147696461410381e-8,5.854964495918991e-8,1.4480648967718358e-7,1.2022478927580275e-7,1.8911909553215924e-7,2.6504215891118573e-7,2.020369845901395e-7,0.000056479327928094245,1.380983656941795e-6,1.6632422761667369e-7,2.68961156676547e-7,7.220945532607067e-8,5.594739369348646e-8,1.8806380527118812e-7,1.9271862546225048e-7,2.985879827632362e-7,1.671597059279488e-7,2.3686669065015764e-6,3.8190065785773285e-8,5.013456892759188e-7,5.970972003450017e-8,8.436160479549779e-8,1.216250745523581e-7,1.0198345214454415e-7,2.955045498196197e-7,7.761659898120947e-8,1.2466640312975435e-6,0.00009365048750062708,2.778871752815603e-7,1.8455950813991231e-7,1.6493115649764543e-7,7.01562647547133e-8,7.306174882618917e-8,1.6352772323750246e-7,1.1875903090847529e-7,5.37778151741336e-7,1.313570589821203e-6,1.9044099510777264e-6,1.2625846460697722e-6,5.268237158003797e-7,8.691190274196521e-8,5.964561313356102e-8,1.431019248459447e-7,1.235004903704917e-7,1.8720658691735868e-7,2.4842345175427005e-7,2.03970030414802e-7,0.00028202026191373193,1.3871707393201324e-6,1.7214370929245632e-7,2.723035458430093e-7,7.086379398883955e-8,5.781087117205734e-8,1.860390423963856e-7,1.9566561228315355e-7,3.0420470542470555e-7,1.5917072700418265e-7,0.0004404768572909284,3.668679520433972e-8,4.961381791652352e-7,5.865274656357378e-8,8.576395074198739e-8,1.2072199033890755e-7,1.0358217163975532e-7,2.90630995387244e-7,7.799179970056218e-8,1.240653680412694e-6,0.00028216866210809986,2.6809195196845596e-7,2.0260246467230333e-7,1.669182390627046e-7,6.822286758237252e-8,7.397501267155065e-8,1.6041151458422724e-7,1.2122587513864968e-7,5.310465054268121e-7,1.2710910702389406e-6,1.9046172072126584e-6,1.3045100052702771e-6,5.329314886867993e-7,9.243629059279446e-8,6.080292386677851e-8,1.4135953551647437e-7,1.2667219158315764e-7,1.8527689962991482e-7,2.322533076010863e-7,2.0969755338876461e-7,0.00009379793767130396,1.3919078064009076e-6,1.7804245059779516e-7,2.75429053095097e-7,6.954963438161528e-8,5.968958683403681e-8,1.8394687377454047e-7,1.984654916992224e-7,3.0945737540230044e-7,1.519276849669027e-7,2.36975133083836e-6,3.846615140876043e-8,4.90512308161797e-7,5.791278255776671e-8,8.714299407638124e-8,1.1981382477950816e-7,1.0516055179020389e-7,2.855588889851155e-7,7.88165491761065e-8,1.2332245803275944e-6,0.00005662867001652209,2.606184224616751e-7,2.2094117860536095e-7,1.6891183766725535e-7,6.619693140410854e-8,7.486732834153851e-8,1.5731080351523476e-7,1.2404648486902362e-7,5.241018297183203e-7,1.2280695900780894e-6,1.9054702573001692e-6,1.345851936336679e-6,5.388223537221251e-7,9.802870807672997e-8,6.201832097127108e-8,1.3958063445073774e-7,1.2973882365661548e-7,1.833274103604151e-7,2.166067594189171e-7,2.188710343720753e-7,0.00004007600772137297,1.395139006314422e-6,1.8402819315449182e-7,2.7832760444070735e-7,6.827073014009089e-8,6.157866396016436e-8,1.8178825389117266e-7,2.0111577595770925e-7,3.1433091597738234e-7,1.4537801444171097e-7,2.3674974788901767e-6
4.6822182623597936e-7,2.0499525178938762e-7,3.8803794468584494e-7,1.6493356327390865e-8,2.822193259382442e-7,9.070435694688456e-8,1.7911308128261133e-8,1.8136736408211189e-7,3.5502334909457534e-7,3.075067620131798e-7,9.423091701156942e-6,4.847982883277019e-7,4.2110097339797304e-7,1.491789423703306e-7,5.1607473834910366e-8,2.258247766596201e-7,1.4999027993809258e-7,2.055060140301139e-7,4.172459647631679e-7,3.396865454915109e-7,4.640994940550203e-7,4.824355834621887e-7,3.0305797607043913e-7,1.421613267012914e-7,2.9279467431054804e-7,1.3964513491270025e-7,1.3974164788730954e-8,1.9789523105420275e-7,5.447683737294026e-7,4.1913278916334e-7,0.000012988882607471605,3.012327495886759e-7,2.356461203441181e-7,2.837673647624079e-7,5.927035855339839e-8,1.8286413917224414e-7,1.428832124065528e-7,2.3127873678804487e-7,4.4836354174381463e-7,2.1958200092285874e-7,4.6902957304674753e-7,2.102508114479979e-7,3.883813889294522e-7,1.1512468815152197e-8,2.839603180186672e-7,8.660439747228864e-8,1.5909211325537752e-8,1.841237362257865e-7,3.5301091855037766e-7,3.096617611823231e-7,0.000021790826077085564,4.810595969484959e-7,4.197594748369071e-7,1.4689456706283948e-7,4.559048414471798e-8,2.2967011508969582e-7,1.4952670890944484e-7,2.0000718513038982e-7,4.2599666407154967e-7,3.4268367162755154e-7,4.629396410353476e-7,4.783887444985311e-7,2.948108341898791e-7,1.4920361174082058e-7,2.929212394266939e-7,1.3506950923641735e-7,9.22047716047577e-9,2.0124393055511568e-7,5.459876797537975e-7,4.2229270056498374e-7,0.00006493293994183271,3.0274850775706795e-7,2.366796211543271e-7,2.821851825382675e-7,5.236702472085716e-8,1.8742970452568587e-7,1.4271906866111298e-7,2.2569116615120266e-7,4.492601345168171e-7,2.1314134540755032e-7,0.00010185379365682815,2.1558532202781472e-7,3.8820339291268903e-7,8.141829786008675e-9,2.8559524614839893e-7,8.23892935106234e-8,1.579025615005607e-8,1.8681983697506197e-7,3.507178196735754e-7,3.121736653985647e-7,0.00006478261333903221,4.771266562250496e-7,4.179269935676228e-7,1.4443502916275056e-7,3.9608745446784603e-8,2.333875198824667e-7,1.488495405443988e-7,1.9447867978642226e-7,4.3421889852074104e-7,3.456897118915361e-7,4.617088488103748e-7,4.743396563991402e-7,2.8623211551980214e-7,1.5618774079603466e-7,2.9281085001459226e-7,1.303935818002325e-7,6.7543883211241135e-9,2.043339573753089e-7,5.466104515292079e-7,4.252494452086712e-7,0.000021640157132155696,3.047551824012763e-7,2.3754152760353573e-7,2.805436617507615e-7,4.555103257020274e-8,1.9187231375555546e-7,1.4243036957023282e-7,2.1989050442670872e-7,4.4964835833160967e-7,2.0671545947981148e-7,4.701165403136217e-7,2.2099408267191824e-7,3.8750259178647176e-7,8.187059221123498e-9,2.871237728479148e-7,7.806271432187322e-8,1.7534200895632317e-8,1.8945758954098432e-7,3.481325715430308e-7,3.1501640830758653e-7,0.000012838933100800994,4.7302433686464037e-7,4.156187077661913e-7,1.4179352704147088e-7,3.367006226436545e-8,2.3697391730651473e-7,1.4795944422833036e-7,1.8892197630062697e-7,4.4190640036772504e-7,3.486685381413914e-7,4.604075243873852e-7,4.703217036976304e-7,2.7734732067653257e-7,1.6310857729253033e-7,2.924636618747303e-7,1.2562500997592428e-7,8.837838743980023e-9,2.0717255805080857e-7,5.466284150165721e-7,4.2798708655057457e-7,9.27211804710799e-6,3.0725423794586006e-7,2.3824468167267882e-7,2.7884367255553853e-7,3.892335398104179e-8,1.9618797988244174e-7,1.4201713342502618e-7,2.1388807919033334e-7,4.495342107640763e-7,2.0030753092951885e-7,4.7039290291127665e-7
8.915482406035913e-7,1.3825885550249957e-7,2.8026448059139713e-7,2.3766079302450465e-7,1.6194415782459057e-7,2.559156627825413e-7,2.5468467135130392e-8,6.818980420418748e-8,1.743076889470981e-7,5.491734481923869e-7,0.000011145139386814954,4.765842705625077e-7,3.459858701322508e-7,1.5999989746343526e-7,1.0393494317494383e-7,6.941995674045087e-8,3.018555472105341e-7,7.367692518412462e-8,2.9154372450679187e-7,9.371375659072761e-8,9.812562609484823e-7,8.196849646885587e-8,1.8248124148268035e-7,3.1342862843108955e-7,1.7640833874399362e-7,1.9158391824339812e-7,2.5229147622946276e-8,2.520278415436683e-7,2.609260348789673e-7,5.602024139751555e-7,0.00001542267590729978,4.4559001471308936e-7,2.5505417431783646e-7,1.712103428962875e-7,4.8920898632738084e-8,1.4599066797827412e-7,2.947971538760675e-7,2.293862233011054e-7,2.873118843104869e-7,1.6222059646110176e-7,8.91742330842692e-7,1.4352017004401412e-7,2.847291383583595e-7,2.3531074533353241e-7,1.6229292012296603e-7,2.5226482010459335e-7,2.4485686798513207e-8,6.680202023325103e-8,1.7036524001751873e-7,5.478177987345316e-7,0.000025863946401644525,4.768527373380788e-7,3.391559689651974e-7,1.5128796357370446e-7,1.0643897656107845e-7,7.397559966891486e-8,3.0079438945987025e-7,6.834057813266715e-8,2.897018434783164e-7,8.342623828817252e-8,9.813619326258727e-7,9.483156963325488e-8,1.7626657103885023e-7,3.231946827715196e-7,1.7525246698452867e-7,1.8634212978731573e-7,2.4351463721776898e-8,2.646624776732095e-7,2.6539759843512903e-7,5.602558272453908e-7,0.00007719215248247593,4.4696164630029723e-7,2.6218370447164586e-7,1.716707659709097e-7,5.242811111162997e-8,1.5134993090040942e-7,2.970230998837289e-7,2.328655063351587e-7,2.8238196487754715e-7,1.6206023543133365e-7,0.00012048743011961865,1.4969165906558226e-7,2.88972057321765e-7,2.3266959357458198e-7,1.6230482497520687e-7,2.4848481143751464e-7,2.4935377007736527e-8,6.600496764870041e-8,1.6635976652294757e-7,5.461050699983502e-7,0.00007704304498783621,4.767879719089607e-7,3.322571241372223e-7,1.4293494657423955e-7,1.0912226274095519e-7,7.836440030210774e-8,2.996647755120401e-7,6.514719275932814e-8,2.882040068785371e-7,7.462300955352175e-8,9.810147484271015e-7,1.0791836903028822e-7,1.7093205942099638e-7,3.330090750118829e-7,1.739454481768601e-7,1.8092670749800337e-7,2.6626707353762043e-8,2.7700030104529507e-7,2.6993750079363824e-7,5.59971429014436e-7,0.000025714292945756287,4.480496128260809e-7,2.6903282743782403e-7,1.722185881513912e-7,5.641320615358891e-8,1.5664384523349678e-7,2.9889161394636024e-7,2.3601636001148317e-7,2.773100227409773e-7,1.630503043834766e-7,8.910699270401928e-7,1.5671346400684707e-7,2.929853082322832e-7,2.297490701274038e-7,1.6197568714026082e-7,2.4457924108573083e-7,2.684132095614235e-8,6.580022851001889e-8,1.6231267594871093e-7,5.440415461303359e-7,0.000015274098246860137,4.7638618328842924e-7,3.253082021896538e-7,1.3509935024268893e-7,1.1198382787417178e-7,8.25827179326516e-8,2.984630650078006e-7,6.436656577996804e-8,2.8707589248690797e-7,6.779251584034413e-8,9.802151086703568e-7,1.2120746836352093e-7,1.66523818372996e-7,3.4285295858743764e-7,1.7249076244673962e-7,1.7534321657631402e-7,3.125171159033269e-8,2.8901457304975083e-7,2.745164252211127e-7,5.593558861979463e-7,0.000010994923303751709,4.488448205848357e-7,2.755875984365775e-7,1.7285089985788402e-7,6.073472170632761e-8,1.618602249795259e-7,3.004043636238818e-7,2.3882676996415384e-7,2.721019919373438e-7,1.651087778743069e-7,8.902036664588656e-7
5.624378766835917e-7,7.974344433627454e-8,2.2735941995111368e-7,1.8008726872649254e-7,5.020114703993639e-8,9.021947569303748e-8,8.957507884001811e-8,6.070254535433953e-8,1.6929004720146913e-7,3.363173982075538e-7,6.634961616451174e-6,4.023090105600744e-7,1.3909702165658335e-7,1.967378914887076e-7,1.2924202985670838e-7,6.311098672701348e-8,5.114191183765918e-8,1.2994783697557386e-7,2.0013586540902014e-7,1.1933767255147182e-7,5.048099479368292e-7,9.087344624576591e-8,2.4581847295226644e-7,5.2657613938021696e-8,2.8054858160102953e-7,6.121196576114934e-8,1.4090824529490217e-7,1.2629549298970526e-7,1.746205273007945e-7,3.541690885522873e-7,9.338731866432305e-6,3.939056638876164e-7,1.2278655675185075e-7,8.685851528665711e-8,1.5589602663602806e-7,1.543091345479305e-7,1.703044319783931e-7,1.8810955346534992e-7,1.9891156716719416e-7,1.6029462997610348e-7,5.637579143995157e-7,8.504548464558166e-8,2.2969237756891405e-7,1.8306653727550453e-7,5.6194811913516534e-8,8.950287681593112e-8,8.170774514764944e-8,6.116782310272619e-8,1.653572988742396e-7,3.355905396217003e-7,0.00001560663448877367,4.0024206943920737e-7,1.4086822117265956e-7,1.9649946313994343e-7,1.338963148263087e-7,6.292639586368114e-8,4.533717406039465e-8,1.2801823569136135e-7,2.0359240815839737e-7,1.1084995931983379e-7,5.046452008913909e-7,9.719988155900224e-8,2.4412804110076097e-7,5.286708482614945e-8,2.812322507275928e-7,6.294272471457122e-8,1.3503024917890992e-7,1.2702981689093275e-7,1.7335727847002966e-7,3.5601028598820607e-7,0.00004700526040844967,3.955443108960219e-7,1.2879041197758043e-7,8.672802126503534e-8,1.5462613491111454e-7,1.5756995053232442e-7,1.6324273247441594e-7,1.861423311637346e-7,1.9733968733392474e-7,1.5426007384240204e-7,0.00007361749605735364,9.038634443258563e-8,2.319131963742694e-7,1.85771757505847e-7,6.208280989215419e-8,8.888935130363353e-8,7.37482245655265e-8,6.18982637368473e-8,1.6158240021268586e-7,3.348077732641748e-7,0.00004715579077919129,3.9794906611737403e-7,1.4268403840334662e-7,1.959740919557456e-7,1.3848868845476794e-7,6.268983442588743e-8,3.949948559755057e-8,1.2603495349243424e-7,2.0702553295503138e-7,1.0246201343438931e-7,5.044144009513701e-7,1.041054079642713e-7,2.424126441627178e-7,5.304830671371657e-8,2.818524204900576e-7,6.469874479862542e-8,1.2904587387140872e-7,1.2754463327471972e-7,1.7206160843773096e-7,3.576641036727737e-7,0.000015756121053992537,3.970803350102414e-7,1.3483178248397594e-7,8.638466987755557e-8,1.5360153140999475e-7,1.6080152948807306e-7,1.5606020152453582e-7,1.8411929715039618e-7,1.9570815574378336e-7,1.482061784137181e-7,5.654935279713017e-7,9.576172983013947e-8,2.340107386211525e-7,1.8820476382644141e-7,6.784300722919213e-8,8.837894314893716e-8,6.571857323051515e-8,6.288511016130384e-8,1.5798686864401847e-7,3.339754437522523e-7,9.49027056418411e-6,3.954357955928203e-7,1.44554572332518e-7,1.9515991188241802e-7,1.4299865371623148e-7,6.239206001732526e-8,3.3681620106446506e-8,1.239879702348039e-7,2.104264171497364e-7,9.418352433486391e-8,5.041181458920812e-7,1.1150080843339762e-7,2.4068090283425455e-7,5.322455569753025e-8,2.8240117612285707e-7,6.64899815252686e-8,1.2297492571707686e-7,1.2784657514651985e-7,1.7072769437570744e-7,3.591240695594957e-7,6.7833716735778495e-6,3.9850417616990426e-7,1.408953734393295e-7,8.583121018793832e-8,1.52813986974402e-7,1.6400263810902497e-7,1.4877528897849444e-7,1.8205405728807164e-7,1.9403297724952497e-7,1.4213111380774386e-7,5.659080080776542e-7
5.947712330771818e-7,1.2241297827481222e-7,2.732418261857364e-7,1.4470626355842545e-7,3.333338897652319e-7,2.488723296900637e-7,1.1334909379082134e-7,1.1124102792715386e-7,3.0220707026903324e-7,3.113327140585354e-7,7.98214129283951e-6,4.217389968650211e-7,1.9839776941051103e-7,1.8734743860614484e-7,1.4113341198132608e-7,3.7625032744141536e-7,2.48414183848275e-7,2.3741338845208733e-7,1.430438435807381e-7,1.1157512314914683e-7,6.014465276731525e-7,9.712721426550808e-8,1.9352822301190563e-7,8.855369200526432e-8,2.176685314254507e-7,3.87127817254127e-7,1.4142825775670985e-7,1.624734177442759e-7,2.3231876640594102e-7,3.336886513170115e-7,0.000011218205107924128,3.939621260837149e-7,2.250551784908759e-7,1.3480862135371294e-7,1.411143852468287e-7,3.283868783532877e-7,2.3093960247601083e-8,2.4093810658972175e-7,2.3160859182288893e-7,1.3153467278326105e-7,5.953266304368413e-7,1.218590902969324e-7,2.7568753138077243e-7,1.511025343638437e-7,3.313925158444164e-7,2.483746735475368e-7,1.2279647286586032e-7,1.15862281880038e-7,2.994169763466864e-7,3.100689740509032e-7,0.000018752218414697437,4.2114526686283854e-7,1.993931454480918e-7,1.8594554791661637e-7,1.3401832187079919e-7,3.8053131385968135e-7,2.5318420192018064e-7,2.3351137199079122e-7,1.4636023733976906e-7,1.0341072685701414e-7,6.022227077294252e-7,9.831583672218942e-8,1.9253147164192408e-7,9.201582802157838e-8,2.1475255744301573e-7,3.862853326338054e-7,1.398866871997545e-7,1.6452782812458617e-7,2.322584916391662e-7,3.3593582439143793e-7,0.00005642276106765279,3.9560138135560063e-7,2.2879920087815632e-7,1.2991868271800675e-7,1.3713299412797108e-7,3.282277110833322e-7,2.711245141864427e-8,2.3662682513421358e-7,2.324488815894574e-7,1.271317285094526e-7,0.00008829880213505558,1.2177244065276525e-7,2.78082571494569e-7,1.5728470972760212e-7,3.2931219809621337e-7,2.4745938502848907e-7,1.3210881403887343e-7,1.2041844216718617e-7,2.9651033246733633e-7,3.087417361198069e-7,0.00005656556501862131,4.202968477884129e-7,2.003008082928587e-7,1.8433226185872481e-7,1.267743442250984e-7,3.8424623840830093e-7,2.576971158554054e-7,2.294620866317684e-7,1.498755840774895e-7,9.56697927170201e-8,6.028168260589552e-7,1.0044893268921661e-7,1.9165348136421954e-7,9.548336361982879e-8,2.116596916208454e-7,3.848021337315496e-7,1.384217218239698e-7,1.664929462060646e-7,2.321084602936089e-7,3.3796961288573406e-7,0.00001889569416736327,3.9711601215698124e-7,2.325028144055862e-7,1.2499463717017373e-7,1.3343438197758238e-7,3.2753769940682585e-7,3.161858296987027e-8,2.322055439806578e-7,2.3326622138078557e-7,1.2288471593085157e-7,5.955136054241723e-7,1.221741943885284e-7,2.804151442204447e-7,1.6324658123920588e-7,3.2710612766142415e-7,2.461225826342104e-7,1.4125601115299384e-7,1.2490379439598469e-7,2.9349201960348766e-7,3.0736269637777273e-7,0.000011360295270890749,4.1919402462171495e-7,2.0112993768162262e-7,1.8250605004846972e-7,1.1942087224136607e-7,3.8739686303448175e-7,2.619339906255925e-7,2.2526612806724167e-7,1.5357206886619122e-7,8.84266137514179e-8,6.032284244291377e-7,1.0350772110367701e-7,1.9090079485331723e-7,9.895196590900737e-8,2.0841289787629063e-7,3.8267956839322065e-7,1.3701736540119656e-7,1.6837035255010375e-7,2.3186163967481598e-7,3.397865511565849e-7,8.126247071171766e-6,3.984964939129311e-7,2.3615989752138445e-7,1.2004076049474748e-7,1.3009091013073206e-7,3.263210329036218e-7,3.6348131964962526e-8,2.276859365971418e-7,2.340691190055037e-7,1.187946632722638e-7,5.951458680943257e-7
1.0063938229733813e-6,9.575935440862217e-8,2.3725656903624784e-7,2.7356513249540236e-7,1.5114736752295995e-7,2.589091846399794e-7,1.2378444791145502e-7,1.3632043656780614e-7,1.607560960523134e-7,5.941100843453549e-7,9.804471728596904e-6,5.53143454050488e-7,2.5711009062159684e-7,1.532702947427744e-7,1.231084009409139e-7,2.5991305873481014e-8,4.0821060675893475e-7,1.680846062259212e-7,2.9835902351606793e-7,1.2560141516862847e-7,9.691547631400587e-7,5.825635844305966e-8,2.4754449926745337e-7,2.1125172337477824e-7,1.8478320030130627e-7,1.464111897136555e-7,1.6835990994302864e-7,2.0549329256411283e-7,1.6651496627096953e-7,6.108757611700916e-7,0.000013732568585516551,5.020134945193129e-7,2.444447462491786e-7,7.511963145827419e-8,9.596853650711965e-8,1.3797496356674698e-7,1.695621087211231e-7,1.4818557521740506e-7,2.949620614822745e-7,1.0719460176263396e-7,1.0062969838899154e-6,1.0746344919948275e-7,2.43229671965865e-7,2.7723498658350875e-7,1.539549170898823e-7,2.5326394702542555e-7,1.2891148979927824e-7,1.4073529375603114e-7,1.6074856054071534e-7,5.909249740649544e-7,0.000022848738462884946,5.540313113367418e-7,2.55312607850904e-7,1.4914563491267842e-7,1.316590453320238e-7,3.256607167172162e-8,4.088304964965229e-7,1.663398526988329e-7,2.94113526756522e-7,1.1938663543426456e-7,9.697954519806942e-7,6.907981026147488e-8,2.4752584143612985e-7,2.1496604020955723e-7,1.8900697914223496e-7,1.441727594510581e-7,1.6049581020230303e-7,2.0758465336887533e-7,1.6957792397247124e-7,6.11058746008115e-7,0.00006846249201368943,5.045779821702259e-7,2.438416051384246e-7,6.995595029099561e-8,1.0380686991353611e-7,1.4100914283039582e-7,1.6688888567572317e-7,1.4548275145541836e-7,2.885521478721784e-7,1.0120285937324203e-7,0.00010652161927590355,1.196012757278759e-7,2.491864454844937e-7,2.80702703195842e-7,1.5682300161701208e-7,2.4749931843682074e-7,1.3438970582331863e-7,1.4489968868816926e-7,1.6091194512120027e-7,5.87395448243165e-7,0.0000683228780942039,5.545127845716104e-7,2.5333580027331347e-7,1.4493375731945296e-7,1.4019855702987615e-7,3.9010894347194044e-8,4.0923485684189983e-7,1.643166850742847e-7,2.8989963458636403e-7,1.1530144668430702e-7,9.700908661846258e-7,8.135833011390122e-8,2.4766958926564704e-7,2.185174840398004e-7,1.9312216412808984e-7,1.4178156442959587e-7,1.5248313625493346e-7,2.0954858050838074e-7,1.7259059513735865e-7,6.108180294065147e-7,0.000022709965862278614,5.068645205927424e-7,2.4333230388890055e-7,6.48782875150033e-8,1.1159832938068955e-7,1.4392736391797842e-7,1.6420734052791643e-7,1.425099683422788e-7,2.8200023028922104e-7,9.667950350190691e-8,1.0046204085493928e-6,1.3209025343815157e-7,2.550977921958185e-7,2.8396105393843343e-7,1.597322436225733e-7,2.4162183263849057e-7,1.4018318476500997e-7,1.4880784456923614e-7,1.61231383099648e-7,5.83535398695722e-7,0.000013592065750476196,5.545852528121237e-7,2.511911060533914e-7,1.406355218467906e-7,1.4869204082030462e-7,4.532025503266641e-8,4.09428843359912e-7,1.62012213255081e-7,2.857243720836498e-7,1.1349042167165438e-7,9.70040439799782e-7,9.462215588441882e-8,2.4797699335566683e-7,2.2190637578216006e-7,1.9711154218132017e-7,1.3923952109318287e-7,1.443384095049701e-7,2.113856944093139e-7,1.7552756321541402e-7,6.101558639391681e-7,9.666491246506498e-6,5.088600448519165e-7,2.429243094928161e-7,5.994678234523687e-8,1.1931578978461346e-7,1.467253096625873e-7,1.615365234924806e-7,1.3926660520095528e-7,2.753208276576811e-7,9.377362013058978e-8,1.0030419942742416e-6
6.807310981726625e-7,2.7966814195134203e-7,1.965003808590975e-7,1.8825310095550664e-7,1.794147640297e-7,1.3325982314491843e-7,4.157638402743023e-8,2.1209814673843636e-7,2.0770711148981136e-7,3.4348048951367517e-7,6.247794378002307e-6,4.4263075615659323e-7,2.251205850329851e-7,2.6361647825980545e-7,5.057182088667133e-8,1.106485702582144e-7,8.200597197266765e-8,2.272367458715709e-7,2.916616748066835e-7,1.8172725526718659e-7,5.258783946207458e-7,2.0814053957019387e-7,3.089111523090846e-7,5.299234001085728e-8,1.7695270907710145e-7,4.50758744286501e-8,8.675909611587466e-8,1.2935260409157297e-7,2.5483601651699034e-7,4.37278022120055e-7,8.905540043783256e-6,3.4286633510340694e-7,1.1140856777853725e-7,8.770583672508309e-8,4.703624520765693e-8,1.6650962473861473e-7,1.4665084987604445e-7,8.188856592181278e-8,2.625492343139972e-7,2.64825432067729e-7,6.815667767463975e-7,2.845170879811306e-7,1.999954316071851e-7,1.8421116259489775e-7,1.7905067913636906e-7,1.3106620758007858e-7,4.2358441178587414e-8,2.0698576076156767e-7,1.96283003964065e-7,3.450695637669e-7,0.000014613390497784352,4.380448504775347e-7,2.2594870927134765e-7,2.5489397959131657e-7,4.5400400726488245e-8,1.1343220616476302e-7,8.17826726598251e-8,2.1864698837847817e-7,2.9977484659861464e-7,1.7290096811011294e-7,5.251329874591262e-7,2.156392915558393e-7,3.0259144335346394e-7,4.386860499013974e-8,1.7910609232487634e-7,4.3372681013514286e-8,8.818201887982316e-8,1.3645600645160846e-7,2.548919081825913e-7,4.416651534563038e-7,0.00004402478092223026,3.438531470653721e-7,1.2192127019488412e-7,9.153460949587489e-8,4.454746468443208e-8,1.6808590263165645e-7,1.463637062500842e-7,8.49798348440544e-8,2.5878238786100494e-7,2.5838015762353944e-7,0.00006838255775875689,2.8928183247210475e-7,2.0322623764629258e-7,1.7996776187046873e-7,1.784876262094868e-7,1.2887959598946605e-7,4.3354869199629534e-8,2.019205037969387e-7,1.8461320393010894e-7,3.4659514932146745e-7,0.000043901833012193775,4.3323035721461845e-7,2.2691508133734614e-7,2.4586528783643833e-7,4.015377845706743e-8,1.1615390652309936e-7,8.157977067083892e-8,2.1040566662418122e-7,3.0796195124352964e-7,1.641838250201445e-7,5.244170869107944e-7,2.2340770252595395e-7,2.9633339454968874e-7,3.6919414579774684e-8,1.8128678080458754e-7,4.163094256159478e-8,8.954030936329213e-8,1.4351626797732391e-7,2.5505621978530585e-7,4.4578911832812796e-7,0.000014489529115509148,3.4480130513839553e-7,1.322524007175521e-7,9.584674311528774e-8,4.217124239883184e-8,1.6961965797512268e-7,1.4584784698753758e-7,8.793320697092935e-8,2.546740174941335e-7,2.518261281438422e-7,6.822954920370911e-7,2.939683626168719e-7,2.0618018423927086e-7,1.7553786435768383e-7,1.7772542975162142e-7,1.267061928332215e-7,4.457698504730319e-8,1.9691635320674046e-7,1.7271471213979655e-7,3.4806658210484135e-7,8.783421169724827e-6,4.281996936618017e-7,2.2803002671858059e-7,2.365493664293035e-7,3.488892550338843e-8,1.1880880167207483e-7,8.139184251865469e-8,2.0254561086891377e-7,3.162116841709509e-7,1.555899685424905e-7,5.237314146649849e-7,2.3141955635464538e-7,2.9015141744244564e-7,3.3759371121539064e-8,1.8349728935260598e-7,3.9859238112045885e-8,9.082070151733082e-8,1.5048430893628493e-7,2.55321261193192e-7,4.496415249237052e-7,6.122940172878033e-6,3.4570053096383487e-7,1.4238678755971957e-7,1.0059256064903845e-7,3.9913625228086715e-8,1.71109508327477e-7,1.451100295161101e-7,9.073321237082324e-8,2.502380696806728e-7,2.4515695162620337e-7,6.82186923759056e-7
7.773976752364155e-7,1.4977375285741554e-7,4.801507396169413e-7,1.1469626716994573e-7,2.2043976274774922e-7,1.2306493674861294e-7,5.948314570544415e-8,1.5438612453447699e-7,5.065687897688323e-7,2.943560382819697e-7,0.000017370853959573358,4.0272185609257414e-7,1.4161532618592744e-7,8.659920469992697e-8,3.0016529430985145e-9,1.46525078745527e-7,1.4565322048979984e-7,2.2462999080539414e-7,2.2361418199484539e-7,3.084270729425781e-7,8.741692489301931e-7,1.7692205069335242e-7,3.6207199977196445e-7,2.0958212901677908e-7,2.2270702855678457e-7,1.236226272266e-7,5.351392937462572e-8,1.2081101740573078e-7,1.2402512750146866e-8,2.909727747555876e-7,0.0000241774149397589,3.831081463324297e-7,5.86302687005315e-7,1.7567105807689146e-7,1.0501323413285634e-8,1.805135846645402e-7,1.343755502817245e-7,3.031257843242994e-7,3.3257134568655417e-7,1.57596112871099e-7,7.774791306010739e-7,1.4484553034747546e-7,4.7505271137630243e-7,1.1777045371065003e-7,2.20209924627699e-7,1.1996950287468e-7,5.668860172499908e-8,1.5302639975922705e-7,5.124106950473904e-7,2.9790710444608035e-7,0.000040552187611119085,4.002576275357627e-7,1.383978471444665e-7,8.09259192974682e-8,7.010060174960281e-9,1.4977242136574164e-7,1.4485990650154382e-7,2.1926263568963252e-7,2.2277874207581636e-7,3.03227969721541e-7,8.755080430796991e-7,1.8093271319313086e-7,3.651238224003716e-7,2.1506561428428414e-7,2.2196336840280236e-7,1.2045147791871479e-7,4.848570482774821e-8,1.273228275925875e-7,1.5041524950649188e-8,2.978823392185655e-7,0.00012149605270422335,3.803377003252249e-7,5.840667809593686e-7,1.728705236401735e-7,1.1355572211470686e-8,1.844433785852671e-7,1.363234048830446e-7,3.00772557695222e-7,3.417032405594213e-7,1.6197897096306979e-7,0.000190380285426454,1.4121775753851253e-7,4.694870690309455e-7,1.2089135703295116e-7,2.1975598476617361e-7,1.1679090956342957e-7,5.3984446142904694e-8,1.5164494843911922e-7,5.176122695110063e-7,3.012725391007479e-7,0.0001216116696995107,3.976315572240793e-7,1.3484322922792465e-7,7.530753070726884e-8,1.2588931371750878e-8,1.5289312384398883e-7,1.4398750019729257e-7,2.1367236730023876e-7,2.214847740308198e-7,2.982735915816592e-7,8.763713889870544e-7,1.8531215817204396e-7,3.6763834412214475e-7,2.202599242220629e-7,2.2110004056168176e-7,1.1724854725307726e-7,4.39571748405131e-8,1.3387056777828726e-7,1.860460459916606e-8,3.0475611282292397e-7,0.000040668095118760224,3.7728660334511645e-7,5.811450867614171e-7,1.6982211076085632e-7,1.4886436200477222e-8,1.882765410087418e-7,1.3805121435222823e-7,2.9834773184113384e-7,3.504145930290148e-7,1.6760968207141966e-7,7.770338303805543e-7,1.3911093169148167e-7,4.6346814131295944e-7,1.2406780805643782e-7,2.1907759941969117e-7,1.1353512216156159e-7,5.141140764389412e-8,1.5024075477073773e-7,5.221686460661592e-7,3.0442197626961444e-7,0.00002429270240370255,3.94847337041387e-7,1.3096989112588963e-7,6.97628598385604e-8,1.8397945903938145e-8,1.5588378099977662e-7,1.4303621054507577e-7,2.0787849700894033e-7,2.1973386492490843e-7,2.935580803344877e-7,8.767601161792793e-7,1.9006344153570669e-7,3.696133578010387e-7,2.2514902792103657e-7,2.201177862594889e-7,1.1402995733419873e-7,4.0071118638783306e-8,1.4043631744984198e-7,2.240633722914416e-8,3.1157381439217477e-7,0.000017487013131368396,3.7397372278587326e-7,5.775452812928349e-7,1.665209734567565e-7,1.9635835304848145e-8,1.920078227928133e-7,1.3955613246116342e-7,2.9584632109546436e-7,3.5869344495973914e-7,1.742623429660206e-7,7.765084019610033e-7
4.549692471911269e-7,8.680611525395468e-7,1.5423144832009037e-7,2.394734937940334e-7,2.204093134238e-7,2.5004646003218727e-7,1.408670881657309e-8,1.6837303534279142e-7,2.1117486117133905e-7,1.0853301331968381e-6,0.000012255214538587472,3.354876489023418e-7,2.3714972367256764e-7,2.400097769969433e-7,1.7110923695640024e-8,1.3206683662883528e-7,3.285427951116235e-7,4.6008475152135945e-8,1.5940988767953026e-7,3.8794221945693216e-7,2.95843184676545e-7,3.3563853131020265e-7,2.464824573810071e-7,1.7870723480052826e-7,2.3727551176316076e-7,2.3630601743268373e-7,5.5657443019023565e-8,2.4942786121262793e-7,1.8205509806394978e-7,3.3258079213257976e-7,0.00001654038287219198,9.358560067385956e-7,3.3446520566904536e-7,1.57452224977715e-7,4.2135972766110416e-8,1.4960206659637869e-7,3.5274532574530775e-7,1.4269748447913123e-7,1.312688467553178e-7,1.011113166564163e-6,4.581682356767221e-7,8.817883803192394e-7,1.507039189179011e-7,2.4633772025555287e-7,2.2138086155960763e-7,2.4503647521264413e-7,1.9519332573434398e-8,1.7329995418474566e-7,2.0723428892604058e-7,1.0627615825204748e-6,0.000028294546437429312,3.4096148934052154e-7,2.37263099828905e-7,2.3638835441580006e-7,1.7124673930038237e-8,1.37830813304505e-7,3.284896673330517e-7,4.1551835020148555e-8,1.4841351647876477e-7,3.6889696610425634e-7,2.9602756952033595e-7,3.5656090035123994e-7,2.5223264120499116e-7,1.8295727721129127e-7,2.3721114725441082e-7,2.3107203546104365e-7,6.026602540245871e-8,2.531818803074241e-7,1.8537082583080785e-7,3.2942076404415293e-7,0.0000839185046358419,9.601269632080055e-7,3.403307305698048e-7,1.5133527383812717e-7,4.1793964457158345e-8,1.5577654863538285e-7,3.520568089798771e-7,1.3751660588202155e-7,1.3206600091488006e-7,1.000655316575231e-6,0.00013258354252367567,8.946949231645516e-7,1.471626505941389e-7,2.529931919766736e-7,2.2216273088772986e-7,2.398378083274702e-7,2.6505565610042254e-8,1.7819008566454597e-7,2.031400685368903e-7,1.0393952308202341e-6,0.0000840173768061507,3.4604321332983045e-7,2.374088816723657e-7,2.325221554005049e-7,1.9772447928229288e-8,1.4347089344949528e-7,3.2819320321265593e-7,3.709874701412802e-8,1.377745572824086e-7,3.4926948420964434e-7,2.954231420198493e-7,3.7697166874696133e-7,2.5855001407064784e-7,1.8715578168468046e-7,2.3689981530836685e-7,2.2571222758414603e-7,6.54941065848717e-8,2.5668232697066155e-7,1.8870315957701117e-7,3.257866926108615e-7,0.00002839213397681009,9.836834053939678e-7,3.4604797899351377e-7,1.4517733146911113e-7,4.289179781453196e-8,1.61771074468214e-7,3.511599471700839e-7,1.3217752255223543e-7,1.3285078171971744e-7,9.893589820574315e-7,4.6106327226660657e-7,9.067410557019131e-7,1.436046352691055e-7,2.5942859149975533e-7,2.2275458759943674e-7,2.344551693091445e-7,3.408402040932917e-8,1.830349879196915e-7,1.9890997697438744e-7,1.0152744056389083e-6,0.000016640531100596207,3.506701066217652e-7,2.376144574593259e-7,2.2840991709656293e-7,2.4183433141971663e-8,1.4898089603443644e-7,3.276531958549319e-7,3.2667853241546574e-8,1.2758041065194068e-7,3.291086545312156e-7,2.9402317010242957e-7,3.968164509589086e-7,2.6538999457562644e-7,1.9130162612846652e-7,2.3634207730898174e-7,2.202328470646774e-7,7.120592365095453e-8,2.5992870036331167e-7,1.920041001541859e-7,3.217340497633843e-7,0.000012351519186870873,1.0064765506120991e-6,3.5159782996382504e-7,1.3899094208068566e-7,4.534078754604614e-8,1.675804538113073e-7,3.500551959028856e-7,1.2670582146812836e-7,1.3360588649568272e-7,9.772619253672324e-7,4.607784311132144e-7
0.0002208526006731887,0.00008272237842205354,0.000044677562903142006,1.1670276826531116e-6,0.000025262461274823618,0.000019395065203997363,8.748945857908972e-6,0.00003378265912929756,0.000026493648829382737,0.000051806634247783936,0.004822822941226823,0.00005719833960726849,0.00002187328839417797,0.000033571892961447435,0.000010836301901531668,0.000017728143555802642,0.000026421724493139082,3.2214999170136754e-6,0.00004329083284867746,0.0000921177346910389,0.00022915028562925962,0.00008428918479807805,0.00004437321532759601,1.315748704801596e-6,0.000025493457116340915,0.00001918031673148058,8.991430419640248e-6,0.00003382675800936062,0.000025652457692192297,0.000052273661630947904,0.006745700693068869,0.000056742160773607724,0.000022682751415310674,0.00003355699592924294,0.000010605729809530994,0.000017959779947251083,0.000026213010958242917,2.8747044901931855e-6,0.00004367443283897055,0.00009043657022737809,0.00022093101032236674,0.00008527446030389951,0.000044399478668163794,1.5608724734404156e-6,0.00002556485859674406,0.00001894903684435768,9.384652947636767e-6,0.00003373243200452241,0.000025204255328821045,0.00005350562603027265,0.011257907545440178,0.00005566188478725928,0.000023148567639755437,0.00003367177009271087,0.000010219351086077518,0.00001820257880208396,0.000026155593147727962,2.442531267171227e-6,0.00004366219847632756,0.00008951472258642391,0.0002292084970933304,0.00008688060399169414,0.00004406816909792464,1.8434137438915301e-6,0.000025788846502222472,0.000018728585404249284,9.623563948266958e-6,0.00003376588330747512,0.000024373883528448373,0.000053974975102484436,0.03376335217502071,0.000055203131285738065,0.00002396964759597543,0.000033646194565103174,9.985098780053515e-6,0.000018428719816775752,0.000025939398553821165,2.1136511404607173e-6,0.00004401855920186708,0.00008787821103362187,0.05282213669693982,0.00008783042265629122,0.00004408836674415717,2.2216567297986567e-6,0.000025852856323385498,0.00001849158239054124,0.00001001331967881521,0.00003366236407091438,0.000023915864231378373,0.00005512398798900503,0.03376344026496529,0.00005404381889368618,0.000024425965479729257,0.00003375197821298342,9.594886085755113e-6,0.000018665971670914023,0.00002587465456229092,1.7358738215158757e-6,0.00004400006389024117,0.00008691728964766716,0.0002292087079379278,0.00008947854991224612,0.00004372989764064425,2.5495226840652017e-6,0.00002606962617456197,0.00001826554119989691,0.000010248568436974702,0.00003368513210546564,0.000023096688768327133,0.00005559318009227744,0.011257995500549603,0.00005358491471355515,0.000025258325578877532,0.000033715749166519895,9.357033350099047e-6,0.000018886500532702723,0.000025651186215017715,1.456482347822484e-6,0.00004432933927554977,0.00008532271708264541,0.0002209316935265517,0.00009038925229494209,0.00004374390738643966,2.9808943745198976e-6,0.00002612625763243143,0.000018022966834170315,0.000010634541640709167,0.000033572649122175157,0.000022629245137171453,0.00005666317804442306,0.006745788915168804,0.00005234263598150457,0.00002570474978465352,0.00003381231178442065,8.963302231190487e-6,0.000019118053772169157,0.000025579102299072066,1.2227068764222604e-6,0.00004430470776778402,0.00008432638585471502,0.0002291509181830932,0.00009208207270519498,0.00004335812214009758,3.3259165130843516e-6,0.000026335602619488237,0.000017791452414406203,0.000010866050175614464,0.000033584710026766415,0.000021821603963559984,0.00005712978136288725,0.00482291075888089,0.00005188605137002729,0.000026548014420662127,0.00003376546597667787,8.721939864978963e-6,0.000019332857082305414,0.000025348570855988448,1.0953582290626863e-6,0.00004460709265156462,0.00008277110178927015,0.00022085396698430954
9.650482590832959e-7,1.281241966544427e-7,3.216314339190087e-7,1.6971098031948646e-7,3.9724456079409603e-7,2.654993578442422e-7,4.4630754604104545e-8,3.8609741107696547e-7,3.645107487045783e-7,9.026877049060195e-7,0.000012989786321514451,4.5349951306248653e-7,4.139071795195045e-7,3.1712288314230503e-7,6.726401702392848e-8,2.9931080772897976e-7,3.4853155328620834e-7,3.4307985023057995e-7,4.2869477301801185e-7,1.091501456655892e-6,6.032537555124178e-7,1.1306631597531416e-6,3.444079534346135e-7,2.477250846274965e-7,4.069483472982016e-7,2.768383095637662e-7,2.4132839937832166e-8,2.9030542749661207e-7,5.597062720099804e-7,3.9170726795497643e-7,0.000018713567039022452,9.075228051457882e-7,3.9200372939483535e-7,4.09757806324736e-7,7.16656114025724e-8,2.8258973681758345e-7,3.4471182515038665e-7,2.3244104816076778e-7,2.444763809192718e-7,2.69129450144081e-7,9.672825128485363e-7,1.395829094680188e-7,3.113514335994924e-7,1.775198816809234e-7,3.987648415388013e-7,2.5852388954816996e-7,4.85762468002972e-8,3.905971954327831e-7,3.622202358257262e-7,8.97292018314703e-7,0.000030574219819314886,4.7565944594852217e-7,4.257617022679203e-7,3.1132994959857843e-7,5.7234244185669854e-8,3.064153481328575e-7,3.475073844482808e-7,3.3212422181532813e-7,4.316083379696081e-7,1.0687754959630307e-6,6.010923201199141e-7,1.1535273320999205e-6,3.3962915916159165e-7,2.5894364680957763e-7,4.0843326470844003e-7,2.695889082960674e-7,3.416815888896769e-8,2.97050408067191e-7,5.463577465621882e-7,3.707666099662527e-7,0.0000925548949145856,9.121845532865596e-7,3.957018391526172e-7,4.0588063523817027e-7,6.103394007403766e-8,2.902000821813636e-7,3.442425365141586e-7,2.239929182910826e-7,2.5743487341668266e-7,2.5957022880417437e-7,0.00014400948695076515,1.5055938271286221e-7,3.0109221910007086e-7,1.8542854089409784e-7,3.999702385989703e-7,2.5137168323001674e-7,5.414819548978803e-8,3.9474176822278185e-7,3.5970195137173005e-7,8.910431674323054e-7,0.00009247552828245273,4.976859294315239e-7,4.375312632158926e-7,3.05374339311276e-7,4.757378681274817e-8,3.133097397011475e-7,3.462198633804998e-7,3.2095343282201195e-7,4.3443638637366603e-7,1.0452187050533243e-6,5.997410266163086e-7,1.1756018347430432e-6,3.347313053213074e-7,2.6995377328190456e-7,4.096457687131947e-7,2.621303723978877e-7,4.461185669130219e-8,3.036361154535523e-7,5.328757623121131e-7,3.49953631520523e-7,0.00003049451074837022,9.160720682444251e-7,3.9919388921052876e-7,4.0162865455772013e-7,5.044068605515731e-8,2.976263949727751e-7,3.4345094664170736e-7,2.1552723805337354e-7,2.7035746134801566e-7,2.49769077060807e-7,9.680414181163362e-7,1.6101485562999893e-7,2.909114566269602e-7,1.9342071872595692e-7,4.008597649355045e-7,2.440504926934738e-7,6.089577101139424e-8,3.9853322558913466e-7,3.569403484923713e-7,8.839858941965213e-7,0.00001863449680420588,5.194824260564147e-7,4.49194233526584e-7,2.9926489549313376e-7,3.862026762773601e-8,3.199862641687475e-7,3.446706549249937e-7,3.0958208377888775e-7,4.3719318892278235e-7,1.0208744255279462e-6,5.992052392599056e-7,1.1968451114296598e-6,3.297060670565304e-7,2.8074149771945903e-7,4.105844411928886e-7,2.544718489908731e-7,5.5186906237611416e-8,3.1005299313928785e-7,5.192838028307248e-7,3.294579923267844e-7,0.000012909686106773967,9.191430865684184e-7,4.0249732233993575e-7,3.9700002994837644e-7,3.9937408570719954e-8,3.048621409047776e-7,3.423375604684254e-7,2.0704743222810763e-7,2.8319131094722024e-7,2.3979838262677656e-7,9.665701282998952e-7
1.484992637680327e-6,4.0134638875709663e-7,5.876943524538272e-7,1.7259752556057272e-7,7.227511233479436e-8,1.046890030287893e-7,5.351902701010226e-8,8.655101123376559e-8,3.5885551568207e-7,6.30621863861047e-7,0.000016822852171660788,8.467217889882717e-7,3.592149347457873e-7,1.2403580821445062e-7,6.209056053335897e-8,6.368806364129313e-8,1.426797005789941e-7,9.388003932198645e-8,2.51308890705037e-7,2.2338410978753207e-7,1.3564997569566852e-6,8.81726145192741e-8,2.3742902523264105e-7,1.7247005753452449e-7,8.296417649938317e-8,1.0143923901685343e-7,6.073298223699382e-8,9.845036476302024e-8,3.639176559902656e-7,8.076498543925316e-7,0.00002373732898550226,5.555017054962377e-7,2.1367965993794062e-7,3.9897783534800064e-8,5.853853096711047e-8,1.0276298834732056e-8,1.485739649002899e-7,1.0346266791827181e-7,7.036852857927335e-7,3.5373659881239034e-7,1.4856228165268661e-6,4.1362185009306156e-7,5.893102085964476e-7,1.760813206516836e-7,7.148106713171668e-8,1.0404552328946466e-7,5.165515835462928e-8,8.135946842676111e-8,3.5540377713126725e-7,6.28261171136142e-7,0.00003938865074274378,8.409200078660837e-7,3.4951466780455e-7,1.284961650385036e-7,6.367124529656614e-8,6.453454089121351e-8,1.4371785770780273e-7,9.494791037917573e-8,2.4999642577103365e-7,2.0563187287595447e-7,1.3571290968291336e-6,1.0620886547490696e-7,2.391385640239526e-7,1.7029629987356086e-7,8.160794863330948e-8,9.911011780822583e-8,5.88937830881969e-8,9.691342683245936e-8,3.735424669260938e-7,8.14805937379903e-7,0.00011843793650245873,5.574322838540866e-7,2.1823953787239196e-7,4.359205544703332e-8,6.233620077955278e-8,1.1665989578891102e-8,1.494284086221585e-7,1.0384511923456126e-7,7.022341462057566e-7,3.391198386868113e-7,0.00018441683660956246,4.260722432356651e-7,5.903129288268294e-7,1.793947814683695e-7,7.065919014887946e-8,1.0334186127216673e-7,4.991171427407381e-8,7.603431233120534e-8,3.5164148380078185e-7,6.255006409715578e-7,0.00011838315403255535,8.344786793342052e-7,3.3927866919626997e-7,1.3296612725107977e-7,6.514206201610636e-8,6.536479980945345e-8,1.4461041529818823e-7,9.591541803693959e-8,2.4866083291703355e-7,1.896743878212636e-7,1.3574470113328948e-6,1.268965163075202e-7,2.4094975816953043e-7,1.6807245055063814e-7,8.019824252985415e-8,9.673476007587492e-8,5.710360088192677e-8,9.539962648756539e-8,3.825679256038582e-7,8.212923267864844e-7,0.00003933464119218013,5.590582855486413e-7,2.2260438938206637e-7,4.78694185168908e-8,6.616999177385574e-8,1.3496403075717675e-8,1.5025270630256108e-7,1.039582296123546e-7,7.000551483104698e-7,3.2457529449664807e-7,1.4847402098694412e-6,4.3869859833041964e-7,5.906981553397756e-7,1.8252903599039844e-7,6.981072297514566e-8,1.0258105271898993e-7,4.830110645083816e-8,7.059737458555576e-8,3.4756559832788873e-7,6.223663218980551e-7,0.00002368175742233127,8.274107022216928e-7,3.285352247128938e-7,1.37445562292582e-7,6.649894887996248e-8,6.617321380147609e-8,1.453556235370136e-7,9.678616484474689e-8,2.472752676148244e-7,1.758824202891753e-7,1.357453089394624e-6,1.492826803331424e-7,2.428884692503833e-7,1.6580642193781986e-7,7.87515185011047e-8,9.43180346634438e-8,5.538764111924433e-8,9.39043320461197e-8,3.909716976620574e-7,8.270969232640474e-7,0.000016769597226078645,5.603556217930306e-7,2.26782486671505e-7,5.253271946883032e-8,7.003509495306075e-8,1.5563771558218776e-8,1.5104452628570203e-7,1.0382070658490429e-7,6.971527393105384e-7,3.100958349625727e-7,1.4832267230078811e-6
2.429223424871655e-7,5.596125754357628e-8,9.56091842806895e-8,5.184337746004162e-8,1.2883905878924376e-7,2.8019304881218617e-8,2.462072245162014e-8,1.1940888868681613e-7,3.485807857495543e-8,3.1371491817163383e-7,6.632253460538315e-6,3.372224308327444e-7,1.488883397088395e-7,5.956600166572415e-8,8.390414168619012e-8,1.421762839577301e-8,8.878097549291998e-8,2.0402298366128816e-8,1.9787013849361976e-7,1.2647465388706935e-7,1.850907238114128e-7,8.305796762225628e-8,2.5332560598425196e-7,1.5316453060042912e-7,2.2089353541010485e-8,1.0619839504821928e-7,3.0208079773980713e-8,7.828974446114724e-8,1.0267272760907863e-7,3.4982352954632474e-7,9.112545233060491e-6,3.2845420718937615e-7,4.538601162718542e-8,9.635088675420138e-8,5.824752036016301e-8,8.38507626265681e-8,9.550370181303746e-8,1.7557641364829993e-7,1.3184461250558263e-7,4.522615456252415e-8,2.431725053288154e-7,5.207156148974015e-8,9.577721756935577e-8,5.8778933653181544e-8,1.287829753184861e-7,2.8606943914983496e-8,2.6509149395990014e-8,1.2723225748373984e-7,3.1428177689431346e-8,3.1037137022363564e-7,0.000015394146968933546,3.394715872317984e-7,1.5146409221070622e-7,6.009412143419421e-8,8.370205877159753e-8,1.5322681334418347e-8,9.024674547427671e-8,2.7344710957024035e-8,2.003042953814266e-7,1.3038238113915435e-7,1.8524485354574485e-7,7.985535971040395e-8,2.53048471402982e-7,1.5240704366281008e-7,2.160885691616364e-8,1.0624584495372416e-7,2.9719516819287363e-8,8.653613942495303e-8,1.0469378668256542e-7,3.4848032783740835e-7,0.00004592523259448893,3.3051494201851047e-7,3.835506683159982e-8,9.80643351481874e-8,5.8083629005188795e-8,8.329985154051365e-8,9.360820173174748e-8,1.842322663007974e-7,1.2861941866408638e-7,4.4430022083242635e-8,0.0000725103745274184,4.811086492570709e-8,9.651208829474899e-8,6.588387660654645e-8,1.285861606970339e-7,2.923813503950135e-8,2.837120691629638e-8,1.3494149968747531e-7,2.897917807198071e-8,3.0705090651271375e-7,0.00004597135741760025,3.416778786847614e-7,1.542026322836382e-7,6.13111770368392e-8,8.336093704778117e-8,1.648362375724964e-8,9.151404706573179e-8,3.478723688255929e-8,2.028709615936438e-7,1.3427076375951519e-7,1.8526380586700087e-7,7.66360915077097e-8,2.5279370775695325e-7,1.5194868442162378e-7,2.1183158594529235e-8,1.0629346405179981e-7,2.943142421451098e-8,9.465680005628648e-8,1.0702939466159122e-7,3.4708483211386046e-7,0.000015440088054099,3.325217713590374e-7,3.170394730135265e-8,1.0036155675742835e-7,5.782177386991521e-8,8.277038592880135e-8,9.18928019801269e-8,1.9268968624524662e-7,1.2542531396081409e-7,4.4134417312471567e-8,2.431930519400438e-7,4.4092063058766106e-8,9.775591575128644e-8,7.313611702590972e-8,1.282449022508626e-7,2.991418311578498e-8,3.016517559128126e-8,1.4250253546946375e-7,2.7840078843960615e-8,3.0375453259489996e-7,9.158780304524551e-6,3.4384420867930915e-7,1.5706825385387653e-7,6.322322440899987e-8,8.287569652129167e-8,1.7691467947208456e-8,9.258458491275509e-8,4.2326068729862224e-8,2.055665916771497e-7,1.3812166517047827e-7,1.851483356446699e-7,7.341546530816395e-8,2.5254846257280206e-7,1.5182128724539635e-7,2.0817792875110446e-8,1.0634117171943413e-7,2.9332454411322376e-8,1.0261627157469359e-7,1.0966433796684626e-7,3.456291636089676e-7,6.677935573446534e-6,3.344785582721599e-7,2.563946957358184e-8,1.032336364220009e-7,5.7459765717093184e-8,8.226282942335226e-8,9.03543253974393e-8,2.0093051656138626e-7,1.2229317072008473e-7,4.4337012593166075e-8,2.429675390411943e-7
2.8830338551649116e-7,1.5930493868106833e-7,1.675573463969701e-7,2.66743693712322e-7,4.310408116002993e-7,1.768763791024466e-7,1.3953680400982377e-7,2.3289869549519773e-7,3.669867124021106e-7,4.103478517230973e-8,9.542121743514151e-6,1.3665590952578598e-7,3.4506496122968923e-7,2.867065415001627e-7,1.599047893939646e-7,2.493033524165363e-7,2.9490254310589425e-7,2.951635111083321e-7,1.2216710903903888e-7,9.883512142920742e-8,3.07591958387409e-7,1.1684879626189376e-7,1.515054829990887e-7,2.7208432922984114e-7,1.5007366508745523e-7,2.648127034946803e-7,8.814662401291882e-8,1.8801608521758024e-7,3.5515212700057475e-7,9.656451819323665e-8,0.000013359716715451262,1.1110639413833036e-7,3.5097951695111453e-7,2.2032255233976503e-7,1.297339896393159e-7,1.7962291982238407e-7,3.0107839232791857e-7,2.6341224827508533e-7,1.3615539672540785e-7,1.4404031496700835e-7,2.881663459284555e-7,1.5347408984102197e-7,1.5953136728747624e-7,2.754068278398531e-7,4.334266355297547e-7,1.6973652275007506e-7,1.303678503751255e-7,2.394144948479427e-7,3.643137036656876e-7,4.229218412258989e-8,0.000022293151522639638,1.3583537334584676e-7,3.4794279439233656e-7,2.8298059254851835e-7,1.5379995227635577e-7,2.569191414357562e-7,2.9338558318715794e-7,2.8900735793373134e-7,1.3140314807081136e-7,1.0325886437355902e-7,3.085475735098007e-7,1.1365131972968819e-7,1.4609411829800484e-7,2.764033394487836e-7,1.4756192709311902e-7,2.611316971043758e-7,8.323187486100447e-8,1.9380291597292239e-7,3.5431462425054546e-7,9.984459475211793e-8,0.0000668883821917776,1.0910934477371723e-7,3.5254594062254196e-7,2.1377849575943782e-7,1.396491774957908e-7,1.8342908725878007e-7,2.984095242207122e-7,2.565294548607893e-7,1.4236009121617938e-7,1.485946836083068e-7,0.00010480332947368461,1.4745604687007357e-7,1.5153784887156646e-7,2.837622853252986e-7,4.3553119434104424e-7,1.624392316270978e-7,1.216284329041445e-7,2.4577086371220623e-7,3.61381671512558e-7,4.3938044824984296e-8,0.00006690309907407533,1.352918543800959e-7,3.506208451968339e-7,2.788690530119636e-7,1.4790712457106557e-7,2.6430748252966335e-7,2.917585051340199e-7,2.827836773986854e-7,1.4068016451032004e-7,1.0755440122033787e-7,3.0923299935843956e-7,1.1035018185416658e-7,1.4087947929312845e-7,2.805499218212172e-7,1.4507387464810439e-7,2.573097106884866e-7,7.894469690024542e-8,1.9932602011440632e-7,3.5331476581395155e-7,1.0326957524245933e-7,0.000022309098818579404,1.0713875552378649e-7,3.5388893804671076e-7,2.0707859767811093e-7,1.4965861508077347e-7,1.8720495645794944e-7,2.955842694201925e-7,2.49362700751301e-7,1.4862681006717148e-7,1.5300050130295258e-7,2.8732239860567337e-7,1.4126300548863491e-7,1.435983717044941e-7,2.918080305330827e-7,4.37344561920919e-7,1.5498813469443188e-7,1.1346223671256812e-7,2.519678085836813e-7,3.581955830245982e-7,4.596557329699987e-8,0.000013373190907493038,1.350127554017575e-7,3.5309883049737033e-7,2.7437562017139753e-7,1.4225434047783176e-7,2.71464323534039e-7,2.900259914797381e-7,2.7650424537794394e-7,1.4998537708928328e-7,1.1171406967628712e-7,3.0964708811541845e-7,1.0695052968173471e-7,1.358867406681681e-7,2.8452678982196307e-7,1.4261239618718974e-7,2.5335682869104306e-7,7.543238013646364e-8,2.0458243831094513e-7,3.5215114318501153e-7,1.0682940451069421e-7,9.559282814509981e-6,1.0519420316041386e-7,3.550068869844635e-7,2.0022340676141435e-7,1.5970646287238922e-7,1.9094008494110729e-7,2.926183061718003e-7,2.4191318265504724e-7,1.549398216974506e-7,1.5724514728975666e-7,2.866169715007826e-7
1.025336058581116e-6,9.59259612933293e-8,2.9613861373469494e-7,9.090744636695503e-8,1.9423886521313227e-7,3.676888882409091e-7,7.630501276423799e-8,5.995226357980662e-8,9.079482702423882e-8,6.072530764312798e-7,8.31349717048521e-6,6.006960359062805e-7,1.0268265760391653e-7,4.870915605934056e-8,1.0139413418098444e-7,3.608245659150101e-7,1.8733403942758076e-7,8.877223377768175e-8,3.1655834302267295e-7,1.4374902068338702e-7,1.022911481116092e-6,9.150824549926066e-8,2.8562220213837583e-7,1.3603585579116325e-7,1.8474944547419978e-7,2.5865214923788514e-7,1.6824764450285034e-7,3.0325851744968473e-8,9.465075735601847e-9,6.087101468791712e-7,0.00001166385586269147,6.059345167503083e-7,2.9103281078669127e-8,2.842466022760524e-8,1.7661727835705846e-7,2.639042390233751e-7,1.724541572465343e-7,1.347079638474094e-7,2.957316827084738e-7,1.293328374886396e-7,1.0256279432336013e-6,1.0822700623812999e-7,3.0147105105176114e-7,9.073899568433189e-8,1.9173872820499747e-7,3.678141242890168e-7,8.283000146306766e-8,5.790251032586111e-8,9.254416842146037e-8,6.060864662368777e-7,0.00001946106956783387,6.028058664679722e-7,1.0074694682670667e-7,5.066700551975227e-8,9.517559470669141e-8,3.6177440609035283e-7,1.8963714548623655e-7,8.91223634739807e-8,3.1155382197506076e-7,1.30121516005816e-7,1.0236568226771293e-6,1.057341139011172e-7,2.9031470859060975e-7,1.37093828105677e-7,1.7949406995658e-7,2.589014693108951e-7,1.7111303251495573e-7,2.6959308250027327e-8,1.663271213642875e-8,6.086974786648756e-7,0.00005842452638826555,6.065098389312509e-7,2.1971451803486613e-8,3.092958065065165e-8,1.737258445181374e-7,2.6457696559882197e-7,1.779743591521125e-7,1.3406044265285545e-7,2.9116846683611075e-7,1.1487578225881688e-7,0.00009075407268107201,1.2131628834401982e-7,3.066707247312778e-7,9.051880105055479e-8,1.8919980551023696e-7,3.6738531052780427e-7,8.921725300357134e-8,5.589340192125744e-8,9.458138908697295e-8,6.04536154711852e-7,0.00005842555784679533,6.045428856565933e-7,9.902521157179159e-8,5.27091002858303e-8,8.878315140425027e-8,3.621748240160323e-7,1.919556835698011e-7,8.940053141590558e-8,3.063995316924255e-7,1.1709808167962079e-7,1.0240013512753797e-6,1.2014666041970669e-7,2.948607908168555e-7,1.3795379084396007e-7,1.740320503628025e-7,2.5854713881066796e-7,1.7401121687167938e-7,2.3916399660265437e-8,2.3775060499227017e-8,6.083027757318214e-7,0.000019462694396718312,6.067071864632753e-7,1.4708571748407917e-8,3.378506797759761e-8,1.7083696240866002e-7,2.646438057236968e-7,1.8329618792943522e-7,1.3321381110517197e-7,2.8645503262138974e-7,1.00620176074596e-7,1.025004989959949e-6,1.3501119177616773e-7,3.117289909785573e-7,9.023364949683957e-8,1.8664811913326997e-7,3.6640170615137283e-7,9.544648809755878e-8,5.3938851001832006e-8,9.685602411101067e-8,6.026089893411554e-7,0.000011664296190525708,6.059001414461969e-7,9.755897241441792e-8,5.481584885869276e-8,8.223742831839177e-8,3.620255511408436e-7,1.94264975750934e-7,8.962070536459003e-8,3.011038135507859e-7,1.0484582511028354e-7,1.023944578835271e-6,1.347291460206033e-7,2.9925246999663934e-7,1.3861312123081093e-7,1.6838528192327848e-7,2.575894437026767e-7,1.769088035655642e-7,2.137057197402437e-8,3.079128195550758e-8,6.075309809610892e-7,8.315713450493402e-6,6.065216397728318e-7,7.429127240413438e-9,3.6891333354470027e-8,1.6798295958389813e-7,2.641052721253043e-7,1.88397934574565e-7,1.321711233055134e-7,2.8159950757880556e-7,8.659673444307127e-8,1.0240910594716014e-6
8.010614560491973e-7,1.2868438578883277e-7,2.7819881292141633e-7,4.6976351333470213e-8,1.8088060492569918e-7,8.101934698156947e-8,1.851259127910442e-7,1.707329291581191e-7,1.0486036312054575e-7,5.07075610051693e-7,6.393356525124301e-6,4.7305121081398353e-7,7.775080033352445e-8,1.1568156861112581e-7,1.2203663623557019e-7,5.7801167601194233e-8,1.8744785327464945e-7,5.5652045761898386e-8,2.819183948697996e-7,2.0239118937763712e-7,8.112056375768172e-7,1.7563229743297922e-7,2.8348139825681635e-7,9.459490888547504e-8,3.084761237545648e-8,6.704527565150121e-8,1.0882223179510084e-7,1.1745087177914804e-7,1.0675816092010245e-7,4.723661726943497e-7,8.953963065989015e-6,5.262775580276526e-7,7.732919287599777e-8,5.636383477310712e-8,9.395378519972475e-8,1.0403645196224404e-7,1.2757513128781677e-7,1.9857139120881644e-7,2.773161921914771e-7,1.664077211406208e-7,8.018867011504392e-7,1.3838293625886662e-7,2.783437751027928e-7,4.7186081114796475e-8,1.875132801771487e-7,7.984114132589454e-8,1.8324309370717305e-7,1.687189775111188e-7,9.772507298678334e-8,5.091170544943797e-7,0.000014963658987957843,4.7267885972745875e-7,8.52326146767608e-8,1.1717359725179838e-7,1.2745820735712273e-7,5.719526166909436e-8,1.8332924626739272e-7,5.281628961504775e-8,2.819391361711872e-7,1.9244160405625873e-7,8.11032383183692e-7,1.86658661280926e-7,2.8607018183874477e-7,9.468545732796991e-8,3.639576420021733e-8,6.638001929647516e-8,1.0708710752254744e-7,1.1829448050663498e-7,1.0294388337255022e-7,4.7283594592129296e-7,0.00004490918608566703,5.251716910562774e-7,8.153647450744466e-8,5.849769365308362e-8,1.0073544988079194e-7,1.0258922405150255e-7,1.288268172368052e-7,1.9890958997623643e-7,2.753459023618028e-7,1.5416827966065445e-7,0.000069773825117833,1.4840232376501503e-7,2.784276717568385e-7,4.7776446074015824e-8,1.9403378636576994e-7,7.860089635034454e-8,1.813344963616756e-7,1.664198863441779e-7,9.06572153638552e-8,5.108820469731779e-7,0.00004492713011418048,4.7207887076718877e-7,9.27651131187652e-8,1.1854604451903337e-7,1.3282220223353467e-7,5.6457986355969074e-8,1.791604911137924e-7,4.991058156170282e-8,2.8185566170633087e-7,1.8257926673595683e-7,8.105642320068132e-7,1.9773249461528013e-7,2.885029754667581e-7,9.459943052434324e-8,4.224452722977647e-8,6.590924559143276e-8,1.055409164234689e-7,1.1889499722262361e-7,9.943062340701889e-8,4.7305835284582913e-7,0.000014981052572996206,5.237556079965665e-7,8.610487792099754e-8,6.050618686820599e-8,1.0747434337051372e-7,1.012650659986386e-7,1.3021262071864155e-7,1.9893363374571086e-7,2.7324690141619437e-7,1.4203972507166603e-7,8.027792257479257e-7,1.5870104857378465e-7,2.784496444195419e-7,4.872471727195518e-8,2.0042407029610563e-7,7.729158646403065e-8,1.794193485410491e-7,1.638322999886277e-7,8.366450036612073e-8,5.123715666709023e-7,8.972473522110535e-6,4.7124604387734967e-7,1.0033570916269884e-7,1.1979599135226133e-7,1.3810692202162514e-7,5.5584714212681674e-8,1.7496292421053726e-7,4.6922513266106574e-8,2.81671500192023e-7,1.7281300136096063e-7,8.098018709021698e-7,2.0884728232536977e-7,2.907715725625294e-7,9.433970041437647e-8,4.823329641607402e-8,6.564190829549344e-8,1.0421458771556174e-7,1.1924816523244098e-7,9.623644927003386e-8,4.7303838196554817e-7,6.410214752465604e-6,5.220281723741995e-7,9.099842303062725e-8,6.238614255073758e-8,1.1413820418282874e-7,1.0006890434430585e-7,1.3173948549494123e-7,1.9863871116362963e-7,2.710230522715027e-7,1.300366630660748e-7,8.028458964009181e-7
4.772571921618027e-7,1.1388618149206776e-7,1.8741799455118331e-7,2.0180936552273217e-7,2.64606179344667e-7,2.04676855783775e-7,8.431031561308125e-8,1.1930461370963062e-7,4.1098918227150334e-7,1.2181367448999148e-7,0.000011198685641472283,6.290483752927142e-8,3.1186943812203704e-7,1.9515978299387141e-7,2.0751573970543734e-8,2.1109438256262245e-7,2.9112763009814186e-7,1.726055705827194e-7,6.253726800590645e-8,1.2899946877125252e-7,3.22363843818717e-7,1.1838797474321373e-7,9.083067508802777e-8,3.5703708651027355e-7,2.6844113861269015e-7,2.6514093377072756e-7,4.6942264559706715e-8,2.8838258417822563e-7,2.8213605220417526e-7,1.952068815815078e-7,0.000015850467071557567,7.495467568305319e-8,4.0056512278387736e-7,2.797390301286933e-7,2.4535927079140213e-8,1.910842026557818e-7,3.133414850707788e-7,3.474226903148371e-7,2.1460508824331602e-7,7.242358880748057e-8,4.780479526267895e-7,1.1024998070420463e-7,1.7548910154222704e-7,2.1277955372923022e-7,2.6565622638110504e-7,2.0005805746433721e-7,8.109732181000506e-8,1.3214757960503035e-7,4.127610818009736e-7,1.2120432274744547e-7,0.000026228684759107337,6.009753966179416e-8,3.16512032408154e-7,1.9083219358200294e-7,2.0288529078562133e-8,2.1620960448599878e-7,2.913877372861576e-7,1.7033740175965594e-7,6.748649519337468e-8,1.3658708318076227e-7,3.2191222031794076e-7,1.1179007146745536e-7,8.516576999769832e-8,3.5564202569397395e-7,2.6743329078796355e-7,2.5921204420861337e-7,5.026937014295123e-8,2.8999312001730325e-7,2.7671449782623977e-7,1.961621635230981e-7,0.00007895112869894351,7.049033782188296e-8,3.9851609574167493e-7,2.6700676154220486e-7,2.7018223591830436e-8,1.9705513033876244e-7,3.141913803263667e-7,3.3768434564313314e-7,2.2025266500110062e-7,7.713030829509273e-8,0.00012342423756493616,1.0653102819018089e-7,1.6367154796162738e-7,2.2394762989365824e-7,2.6652300308851766e-7,1.952388846221114e-7,7.848687697904026e-8,1.4476477798034518e-7,4.144581155335553e-7,1.2081671398015752e-7,0.00007891656544344173,5.7276099763052984e-8,3.208769296397292e-7,1.8644078321028101e-7,2.221498557013445e-8,2.2118170420499342e-7,2.9129231924496373e-7,1.6804631117669048e-7,7.2587212964519e-8,1.4394381453793109e-7,3.2135722746801833e-7,1.0513459783865226e-7,7.948201909745338e-8,3.540455915390809e-7,2.661348752643116e-7,2.531677942921364e-7,5.4820638500899646e-8,2.9153509483345926e-7,2.7097737303217323e-7,1.969750239837026e-7,0.000026193869041184716,6.622172202073892e-8,3.963796239997215e-7,2.5400644671733686e-7,3.259123428049306e-8,2.0291249866160072e-7,3.148485690335796e-7,3.2800725512885587e-7,2.2643411231488424e-7,8.174928092471463e-8,4.784488098334891e-7,1.027478450580992e-7,1.5198287971857664e-7,2.352769986719781e-7,2.672079442259054e-7,1.9022376321492602e-7,7.652512218842433e-8,1.5712960282910167e-7,4.1608030054455926e-7,1.2067139249392704e-7,0.000015816191558180348,5.444499151335126e-8,3.249503385867493e-7,1.8200351999753e-7,2.5942597504123216e-8,2.260056295023761e-7,2.90844704941521e-7,1.6571886489485655e-7,7.781097960278983e-8,1.5105647277122698e-7,3.2069847939937804e-7,9.847504931340926e-8,7.378136589202659e-8,3.522631067710212e-7,2.645502129445348e-7,2.470181351176346e-7,6.034413867195693e-8,2.930034543350983e-7,2.6494139314418016e-7,1.9764543482547417e-7,0.000011163652275130953,6.217573690656201e-8,3.9416095167563693e-7,2.407721074464275e-7,4.0062171549038845e-8,2.0864158536203758e-7,3.1531070043338894e-7,3.184142833946159e-7,2.3313012374831782e-7,8.627145913393298e-8,4.780578144860829e-7
2.615903712806283e-7,3.646557082945112e-7,2.9493769321898995e-7,9.434168498355306e-8,2.096911179765383e-7,1.1819807534633509e-7,1.683041923364705e-8,1.0291738384882267e-7,3.892631464670934e-7,5.256690110041881e-7,8.808190671360319e-6,3.0059584981376457e-7,2.981448030725315e-7,7.617285936134753e-8,3.367580712500049e-8,1.3485238106182298e-7,1.4777980418846684e-7,1.733585811834958e-7,3.444096551349099e-7,2.524300748600309e-8,2.7355350906424034e-7,8.620765316094985e-8,4.6722003900629177e-7,6.593551558545963e-8,2.1713606000566908e-7,7.372489008530967e-8,2.8640444551414342e-8,1.3939802160476205e-7,1.2990209035118338e-7,3.0518256681497977e-7,0.000012498656286740816,4.928625416528462e-7,4.3654356329811856e-7,1.616019284821033e-7,4.5277129441777757e-8,1.4644523853034679e-7,1.5129744963264094e-7,1.4018213176363483e-7,2.682711245334159e-7,3.3665745855541103e-7,2.605423240631638e-7,3.557335724075513e-7,2.9038407554995583e-7,9.424002074968866e-8,2.1034335346147327e-7,1.1578324821766573e-7,1.4870171285903952e-8,1.0218604421954207e-7,3.950385949348915e-7,5.246350497046217e-7,0.000020592174151828204,3.0836661838801273e-7,2.9602567062526437e-7,7.236215996404758e-8,3.0617630582724096e-8,1.3704312940863705e-7,1.4696962852852937e-7,1.6910720538846422e-7,3.44150957087269e-7,3.2892924021641696e-8,2.7430050081505367e-7,8.712538241349483e-8,4.6917964959122886e-7,6.875751544612523e-8,2.1748247709386949e-7,6.99696138596043e-8,2.5565639428433367e-8,1.4236944959161502e-7,1.3290705381557967e-7,3.025022408279295e-7,0.0000620113928800795,4.93864998614535e-7,4.3294910252485777e-7,1.606021100195871e-7,4.299592964946251e-8,1.501557177896933e-7,1.5203877948921647e-7,1.3904376403107401e-7,2.7475771042762444e-7,3.475507696536284e-7,0.00009729270117899571,3.4655983675604513e-7,2.853881436439479e-7,9.405126831187089e-8,2.1081019690926786e-7,1.1329698608855785e-7,1.332137839856749e-8,1.0136750091098976e-7,4.002067338133431e-7,5.234472241002877e-7,0.00006194445060035587,3.16391413666064e-7,2.934485948283957e-7,6.861615038953511e-8,2.793397794783494e-8,1.3915424204757216e-7,1.461086909171956e-7,1.6473073280980802e-7,3.434783200692387e-7,4.0701442224903034e-8,2.747810527070744e-7,8.843796045883374e-8,4.7058080892431315e-7,7.146301421277169e-8,2.1775667094981037e-7,6.614132047271034e-8,2.3431488689308858e-8,1.454644634400445e-7,1.357000446677348e-7,3.003289643798516e-7,0.00002052532409932336,4.946614578026105e-7,4.286693963358674e-7,1.59376210014481e-7,4.118708359505468e-8,1.5378939533633413e-7,1.526105162670841e-7,1.3794048600485024e-7,2.809479674858362e-7,3.5818128667048407e-7,2.578135144501814e-7,3.3716657451539716e-7,2.799711119151027e-7,9.377145168221264e-8,2.1109106777328488e-7,1.1074359839429069e-7,1.2399720113492817e-8,1.0046524118027222e-7,4.0476145219487375e-7,5.220887954910811e-7,0.000012431687815317946,3.2465421050569626e-7,2.904170523137834e-7,6.494918242688447e-8,2.5774345382354193e-8,1.4118170408438257e-7,1.4519725919164918e-7,1.60250406847933e-7,3.423915021015289e-7,4.854168709066522e-8,2.749952690390286e-7,9.012872883465916e-8,4.7142374376330125e-7,7.401351402265768e-8,2.1795935781508715e-7,6.225114801390724e-8,2.245624412437037e-8,1.4867132645301399e-7,1.3825595175498746e-7,2.9865503076572745e-7,8.741491202803103e-6,4.952726942960206e-7,4.237089497148507e-7,1.5791562405529506e-7,3.9895206545675374e-8,1.5734173338259064e-7,1.5301017581863153e-7,1.3686798399014453e-7,2.8681210434974236e-7,3.685217201174448e-7,2.5613554051264793e-7
2.201005844651256e-6,1.2474516365405222e-6,6.797427779677549e-7,6.476712488488113e-8,1.6098881803734797e-7,1.6040045679870127e-7,1.0252527195808154e-7,2.5628923015550163e-7,2.4760577419566054e-7,3.4543408957766006e-7,0.00004169750683359682,1.4839734497618039e-6,1.428995706129269e-7,3.2714717560363007e-7,1.052969406707737e-7,1.1522583320506528e-7,1.910042426491579e-7,1.397155341846764e-7,5.458524303182063e-7,1.860615943922756e-7,2.683303403860719e-6,2.8489373409406804e-7,5.252384901212047e-7,3.690805407616283e-8,1.3446731896538277e-7,1.4333443730841298e-7,1.1553369044958936e-7,3.4908115066003167e-7,2.1068031665465643e-7,1.5043567263329247e-6,0.00005782987510106032,4.493820245834849e-7,2.8960676007079947e-7,2.443865265378841e-7,1.0093091993403856e-7,1.22187436391494e-7,1.969541835515482e-7,7.881210828732981e-8,5.768032145411682e-7,1.4869143604881996e-6,2.2010805265891867e-6,1.2942017217307025e-6,6.858360234234909e-7,7.136473215767547e-8,1.6305988099343697e-7,1.5872046078555115e-7,1.0605686903165687e-7,2.5422367653290226e-7,2.2952358993039844e-7,3.535832373445554e-7,0.00009712856303844232,1.4897687720783405e-6,1.5279266015777208e-7,3.315439449680491e-7,1.020184232611471e-7,1.1757014066467886e-7,1.8827534680196505e-7,1.43619750590062e-7,5.499762986927599e-7,1.6864819744119507e-7,2.684990537200279e-6,2.987966796661487e-7,5.203573495508682e-7,3.0821083503577596e-8,1.3686560311190654e-7,1.4086509905156816e-7,1.191770913084245e-7,3.453008786009312e-7,1.9903752511634557e-7,1.5035184501596019e-6,0.00029052106318733933,4.316884023014185e-7,3.104298309253389e-7,2.458455646962098e-7,9.731046791872279e-8,1.243983349271063e-7,1.94031322325126e-7,7.660937491944152e-8,5.731433059806719e-7,1.4427587662623362e-6,0.00045464207543811393,1.3404195853134644e-6,6.916570728353336e-7,7.843597708044895e-8,1.6511534631050324e-7,1.5699252902570572e-7,1.0951993022828156e-7,2.5211344307974137e-7,2.1192838944202565e-7,3.6329551421961045e-7,0.0002905966499566599,1.4940586902748574e-6,1.6277255981406993e-7,3.3570221359013273e-7,9.867971288684005e-8,1.198958296262989e-7,1.8546665932070397e-7,1.475540933377284e-7,5.537051255204e-7,1.5186105940713694e-7,2.684756773815031e-6,3.1316182185581924e-7,5.150478569314969e-7,2.4529157315440097e-8,1.3918307457046553e-7,1.3837303758310555e-7,1.2275565567542427e-7,3.4124634362487625e-7,1.8746666718075466e-7,1.501134130179453e-6,0.00009720356822721501,4.1477830218527066e-7,3.3145300899961574e-7,2.472304499722142e-7,9.358928207972316e-8,1.2656706871355425e-7,1.9107629999434533e-7,7.535606398176438e-8,5.692147379175681e-7,1.3980183518544699e-6,2.2027159443688845e-6,1.3860498130581627e-6,6.971804290229218e-7,8.587015814492282e-8,1.6715274416016926e-7,1.5521877460926726e-7,1.1290978525675964e-7,2.4995689427283763e-7,1.9491577632184513e-7,3.7441787348258035e-7,0.00005790606165223205,1.4967844868810325e-6,1.728384338824299e-7,3.3961166056256736e-7,9.52814437142688e-8,1.222009310327834e-7,1.825805874559274e-7,1.5148709735648932e-7,5.570245456322272e-7,1.356691291416299e-7,2.6826013857234527e-6,3.280253768398894e-7,5.093237083320428e-7,1.803136855913981e-8,1.4141731675619492e-7,1.3585957318727566e-7,1.2626902361396805e-7,3.3692762655133894e-7,1.7596173591706393e-7,1.4972607113906748e-6,0.000041771948051966166,3.987897908323126e-7,3.52646971034297e-7,2.4854215383317687e-7,8.977031854068758e-8,1.28690710878258e-7,1.8809217936952683e-7,7.50884694916511e-8,5.650395220798479e-7,1.3527472736732352e-6,2.2042744008187714e-6
2.5882515426309843e-7,1.5969160178428936e-6,1.0988980605476849e-6,3.1510221429652833e-7,6.957815256375762e-7,6.259153205926949e-7,1.9965897492338483e-7,8.33002267231871e-7,9.364292656937191e-7,1.2298020763506888e-6,0.00008936298732813443,1.0496449173596206e-6,7.055372442995837e-7,9.02313778824156e-7,1.6852643422366577e-7,5.234698757484218e-7,8.734838005459884e-7,2.4969996942715905e-7,8.165794624583125e-7,2.129829886218894e-6,8.191416253170902e-6,1.8920518167548806e-6,9.254723889942082e-7,2.605461471800706e-7,7.774461922021246e-7,6.25646002997939e-7,1.3373786457481738e-7,9.04655753187321e-7,7.256535032355957e-7,8.141369943775991e-7,0.00011528483056517058,1.3008072312611616e-6,8.881666333177208e-7,8.364479713786076e-7,2.366161575416162e-7,5.241036530452275e-7,7.933188477950554e-7,3.118471372963024e-7,1.0156917669390047e-6,1.7122327715603602e-6,2.581967569500698e-7,1.6245802779379725e-6,1.0904165730799873e-6,3.3855108346237817e-7,7.016245657264961e-7,6.117116723233686e-7,2.2108249835751882e-7,8.385426413905045e-7,9.050927311457e-7,1.2434955443595127e-6,0.00020324724558785419,9.998346775129416e-7,7.272182635905244e-7,8.98472202077412e-7,1.4792617963924286e-7,5.388412303649183e-7,8.688172938116011e-7,2.2710236173114857e-7,8.364436343631873e-7,2.0632426517080596e-6,8.19551854910269e-6,1.9559475857327435e-6,9.062628961227173e-7,2.8324891440663614e-7,7.83113407361238e-7,6.112924136969045e-7,1.5498911526401618e-7,9.092987701212278e-7,7.046816521647693e-7,8.698837863262622e-7,0.0005934171960118319,1.286238308127731e-6,9.20141775135748e-7,8.313948834644139e-7,2.1604559461005683e-7,5.393756248412072e-7,7.882813166663301e-7,2.890485373692488e-7,1.0249701308236872e-6,1.688661151049892e-6,0.0009387816161199273,1.6506237799130332e-6,1.081295647794434e-6,3.6190885523910106e-7,7.069895958958172e-7,5.971150953005157e-7,2.4231339498555516e-7,8.435794824544787e-7,8.735403578461236e-7,1.2573951463768096e-6,0.0005935063665666963,9.473026333353102e-7,7.486852257708256e-7,8.939978349620416e-7,1.272275530871365e-7,5.538283140920571e-7,8.635521367106835e-7,2.0455883808818796e-7,8.556665162510831e-7,1.998174297048784e-6,8.195800897289098e-6,2.0213506109107404e-6,8.863753348389138e-7,3.059449515409184e-7,7.881879402094634e-7,5.965352194644006e-7,1.761613637372199e-7,9.133028930749721e-7,6.834984513419884e-7,9.229077640919995e-7,0.0002033363245387449,1.271896184661661e-6,9.519263238125963e-7,8.258322939096622e-7,1.9527041639033266e-7,5.542711230016359e-7,7.827582609193392e-7,2.6624706804801957e-7,1.033604075137255e-6,1.6634243912154093e-6,2.5512937769181643e-7,1.674997927186457e-6,1.0715191845129284e-6,3.851525453217733e-7,7.118727374256004e-7,5.821363954746439e-7,2.633375302111717e-7,8.481076077328059e-7,8.418039023368423e-7,1.2714926522283589e-6,0.00011537409577515107,8.92044012182244e-7,7.699414217912611e-7,8.888877238283703e-7,1.0644558857669872e-7,5.684190547403565e-7,8.576922859963641e-7,1.8210253129522028e-7,8.742277136597568e-7,1.9346065651850213e-6,8.19226332498757e-6,2.088279618809085e-6,8.658287669313125e-7,3.286249013436493e-7,7.92665869562151e-7,5.813857567366418e-7,1.972372485185461e-7,9.166710696855681e-7,6.621008491335304e-7,9.732107107266812e-7,0.00008945197679958769,1.2577913731886954e-6,9.834883808525363e-7,8.197654698310229e-7,1.743052763848051e-7,5.687788813720449e-7,7.767535626069376e-7,2.434980899062192e-7,1.0416089923014992e-6,1.6365718642691756e-6,2.52685680156471e-7
2.1226263951057757e-6,1.274246461373349e-6,5.875082106771812e-7,5.740794920620851e-8,1.1126688370738661e-7,1.5510417785896191e-7,1.1543313499262445e-7,2.3125525577530221e-7,3.303458547819127e-7,1.9477899611647776e-7,0.00004080912681071989,1.522249341103187e-6,1.8011453299125237e-7,3.143905142688467e-7,9.349019944608082e-8,8.806693089395366e-8,1.9149138313422843e-7,1.4165864052488342e-7,4.082081880027566e-7,2.4444217235479476e-7,2.5973764170046373e-6,5.104005359001383e-8,5.739884372452968e-7,4.5387687636009834e-8,1.2780857282523404e-7,1.3577001275801457e-7,1.0700371330550848e-7,3.372351340218325e-7,8.041890321181633e-8,1.429655507413121e-6,0.000056652935577187105,2.8177179526951706e-7,2.0125818894710572e-7,2.1247556515210037e-7,9.050908595767072e-8,1.1055940255628789e-7,1.8506633201877863e-7,1.067056919772188e-7,6.461632469797631e-7,1.391575793737307e-6,2.121715304778749e-6,1.3198050683652194e-6,5.933882270274217e-7,6.504007230371428e-8,1.1326943241681704e-7,1.5309124441459652e-7,1.1944677701346828e-7,2.29462107116024e-7,3.1048557557363576e-7,2.202182884737028e-7,0.00009510500114974774,1.528225271757855e-6,1.890720521038839e-7,3.181460631383376e-7,9.079045844962796e-8,9.051669146686595e-8,1.8920998312460866e-7,1.4563413734041506e-7,4.144295521213859e-7,2.327059221524039e-7,2.5997684360681658e-6,6.313721801172955e-8,5.692527054636654e-7,3.932330623203025e-8,1.3004212276128355e-7,1.3421537498694606e-7,1.0959654540983719e-7,3.326664078650919e-7,7.334689532950528e-8,1.4251901921547687e-6,0.0002845768748532006,2.564519102928368e-7,2.213704432993655e-7,2.1460558964540163e-7,8.76709367176079e-8,1.1189386020756663e-7,1.8206766839431258e-7,1.0632619616267132e-7,6.398152072118791e-7,1.3463897356254939e-6,0.00044534937205781175,1.3648488340998058e-6,5.990382915029521e-7,7.269774139093868e-8,1.152796490636237e-7,1.5103154357177573e-7,1.2334372958386256e-7,2.2762197924040868e-7,2.909169689790957e-7,2.461897087269991e-7,0.0002846785574316145,1.5327048792949828e-6,1.980960538275886e-7,3.2164867007904566e-7,8.806804844818364e-8,9.295823945171703e-8,1.8684594247651422e-7,1.495464693764258e-7,4.2023686006727056e-7,2.2171719504213586e-7,2.600227929839843e-6,7.653590195069751e-8,5.64062327558274e-7,3.3072917697854204e-8,1.3221704556037403e-7,1.3264837486622284e-7,1.1215080237862516e-7,3.278570655147707e-7,6.662932254644335e-8,1.419190479705414e-6,0.00009520743820507176,2.3128340155576872e-7,2.4171931078186055e-7,2.1671154572008744e-7,8.473046484761074e-8,1.1319749284629982e-7,1.7906661644866709e-7,1.0662339637252045e-7,6.331868137488782e-7,1.3006291656565618e-6,2.121626913892431e-6,1.409321840306471e-6,6.044328842165786e-7,8.037031681443887e-8,1.172942569722152e-7,1.4892682433215504e-7,1.2712274976335968e-7,2.257331348646134e-7,2.7169042757733764e-7,2.72472918440302e-7,0.00005675386560663016,1.535630855645344e-6,2.071951714458598e-7,3.2488805484260665e-7,8.532586984230131e-8,9.538890657328706e-8,1.844006940451372e-7,1.5337838325018595e-7,4.2561527974259426e-7,2.114320795786099e-7,2.5987554129807367e-6,9.105971501105552e-8,5.584324915202599e-7,2.667789340100722e-8,1.343294352970644e-7,1.310696941956104e-7,1.1466590979711281e-7,3.228178481627434e-7,6.034888227994606e-8,1.4117128845395044e-6,0.00004091232261991095,2.0641302203330765e-7,2.6227592067770726e-7,2.1879474791619436e-7,8.168852078663148e-8,1.1446828489238377e-7,1.76066295894724e-7,1.0758117615028399e-7,6.263045704490951e-7,1.2543515594164365e-6,2.1224503577600505e-6
2.5351844360116493e-7,4.258790638910893e-7,1.7255657450145183e-7,8.63086835818177e-8,2.5707014203692783e-7,1.0650731118850589e-7,2.5130264848235045e-8,1.411617943907056e-7,4.58096744786707e-7,4.7545442588651776e-7,9.121097740008701e-6,2.02343465608025e-7,2.2575461587388276e-7,2.3086654230501548e-7,5.349105249878288e-8,1.4648601263784048e-7,1.230431348415358e-7,1.862966329141913e-7,5.037911948962996e-7,1.4834228837971564e-7,3.4947658623270365e-7,1.668491622169846e-7,4.132888325435095e-7,6.997594318202063e-8,2.475715326754438e-7,6.37715875178562e-8,1.5684869725641167e-8,1.2861026657910848e-7,3.6724432479037006e-7,2.6049911903021125e-7,0.000012920732291610676,5.406822398374287e-7,3.5732442834545047e-7,8.989055245493366e-8,3.9906247700175833e-8,1.977174712836742e-7,1.2465529031366127e-7,1.8541014712598932e-7,2.826808566250498e-7,2.867031353139065e-7,2.5204584709496076e-7,4.181389584671168e-7,1.641339133675284e-7,9.159757652807083e-8,2.57188235933247e-7,1.0228280869391284e-7,2.0673680655613736e-8,1.4435632156336468e-7,4.6251287306319424e-7,4.775860555305471e-7,0.00002129482332669735,2.1291223320007386e-7,2.2542625354007174e-7,2.29782562430288e-7,4.862221577837553e-8,1.5038366669145993e-7,1.2313129227065963e-7,1.8250337863837781e-7,5.043628044373824e-7,1.4542529960752665e-7,3.502405958293547e-7,1.6768716049804593e-7,4.13777586110355e-7,6.877767188530312e-8,2.488590226968681e-7,6.072792099568719e-8,1.1167600706585709e-8,1.3090131323734987e-7,3.6633644176129843e-7,2.5352731967241164e-7,0.00006406427134649542,5.384137926418259e-7,3.524813713318604e-7,8.764098257447283e-8,3.514616429025152e-8,2.0079192934089817e-7,1.244266476829913e-7,1.815504590389395e-7,2.909177988126592e-7,2.9473212093519156e-7,0.00010039050415832035,4.103480524254121e-7,1.553389514201975e-7,9.687348093368444e-8,2.57104722601135e-7,9.794879010802016e-8,1.6428734707612915e-8,1.4732347964099376e-7,4.6630536934499073e-7,4.79506820674221e-7,0.00006395506381702834,2.2381739112895324e-7,2.247738817482183e-7,2.2869447259663462e-7,4.4064304595777175e-8,1.5418802680949175e-7,1.231382674732862e-7,1.7851178643003198e-7,5.043602460091105e-7,1.424766714431718e-7,3.506610505313798e-7,1.685513038100384e-7,4.1372013893244473e-7,6.779960357478346e-8,2.5006131585451226e-7,5.7630876224593613e-8,6.718360466553235e-9,1.3318004496610188e-7,3.6503037011601694e-7,2.4697733149934044e-7,0.00002118572804139181,5.359529818590688e-7,3.4707721543106885e-7,8.526661910474503e-8,3.045779841522777e-8,2.0375399368930299e-7,1.2400467972056723e-7,1.776208410558791e-7,2.9866394416670293e-7,3.026656727634711e-7,2.493080971891674e-7,4.0254815625878074e-7,1.4619473258134606e-7,1.0212444899045445e-7,2.5682041472207575e-7,9.35088818457908e-8,1.2667094496596677e-8,1.5007155254943463e-7,4.6946454608494824e-7,4.811933006525535e-7,0.000012811486186442705,2.3500930709922426e-7,2.2380069891350576e-7,2.2760108924419614e-7,3.9963226821194026e-8,1.5789449838610594e-7,1.2306340552694222e-7,1.7433252087025055e-7,5.037863075100317e-7,1.394950731803856e-7,3.507372832484347e-7,1.6944815313954158e-7,4.131170680978162e-7,6.700986823513623e-8,2.511784307377252e-7,5.449305743000523e-8,2.430814874711644e-9,1.3545076753656037e-7,3.6332133878307e-7,2.4088511483881725e-7,9.01219049903047e-6,5.333270935514079e-7,3.4112591659492576e-7,8.276143809492123e-8,2.586207163163057e-8,2.0660113679162445e-7,1.2339014659216687e-7,1.7362408840402815e-7,3.059139409056971e-7,3.104612276703748e-7,2.4804561418570326e-7
7.250950107500626e-7,6.181373742589337e-8,1.8923732003113345e-7,3.3833497546702377e-7,2.1860183341857694e-7,2.1809716790945503e-7,1.3986887494853342e-8,2.671880808207361e-7,3.337453886402392e-7,4.172860165410416e-7,0.000011081327051357682,2.487279735238243e-7,2.840429599952275e-7,2.295953038762794e-7,3.607288600314471e-8,1.895997966914551e-7,3.083034002643181e-7,2.851433042753313e-7,2.0960799113149805e-7,1.5084386689442827e-7,6.479161187152745e-7,1.6019306327840583e-7,1.895803200846077e-7,2.3433125652182088e-7,2.1838637914828797e-7,2.6592378022256425e-7,9.247759410495855e-9,1.2082397760042464e-7,2.481877909291823e-7,3.792687418873432e-7,0.000015671713621119702,3.1453111888030454e-7,3.991334178871304e-7,1.7509564112268797e-7,1.0311476040695837e-7,1.1666967762254971e-7,3.1529518779851975e-7,1.2145460083555756e-7,2.5218067277398406e-7,6.896993423835487e-8,7.252772385905364e-7,6.761452772641685e-8,1.7636167752363134e-7,3.485989998589304e-7,2.178756031325722e-7,2.1243723478805136e-7,6.420571173847324e-9,2.807533781848407e-7,3.368309005634806e-7,4.188382610565098e-7,0.000025903492199792502,2.499256764647289e-7,2.916737245387086e-7,2.2958233070747747e-7,3.705104306049726e-8,1.9532400738850197e-7,3.104378616693444e-7,2.877185298633624e-7,2.0542074963016685e-7,1.5477374295870606e-7,6.477300251445971e-7,1.6086332716881358e-7,1.930832848016006e-7,2.33627612755165e-7,2.187756796681716e-7,2.61584748560279e-7,1.023133915000396e-8,1.2152675246939146e-7,2.432469669251266e-7,3.771529191602528e-7,0.00007788719966876883,3.132646473238965e-7,3.9445337135357176e-7,1.6406819047555377e-7,1.0526964506904949e-7,1.2161506723977967e-7,3.142547555017231e-7,1.0992511647204332e-7,2.558861334001248e-7,6.927226468520953e-8,0.0001214862813292194,7.427846007281074e-8,1.6373949886448033e-7,3.5894197014990854e-7,2.1699347486786968e-7,2.065982177320837e-7,9.33224078162984e-9,2.939756417136893e-7,3.3989148710501504e-7,4.2016609227924553e-7,0.00007775801089405558,2.5100700462102466e-7,2.9899543126884435e-7,2.295917782850687e-7,3.95655938888585e-8,2.0098145156172765e-7,3.1222046023229127e-7,2.8999896249981437e-7,2.011037181234281e-7,1.5915544717526256e-7,6.472550216370324e-7,1.6193212461575732e-7,1.963907814744366e-7,2.326733325181577e-7,2.1880787801511574e-7,2.5710230456901814e-7,1.4825605550902223e-8,1.2248268297643646e-7,2.3810081768956306e-7,3.748192446952879e-7,0.000025774679536201947,3.1179491834685386e-7,3.8966852488045693e-7,1.5304642505985618e-7,1.0774968607342923e-7,1.2638289366406595e-7,3.1309608166379213e-7,9.902227126887502e-8,2.6009129444737504e-7,7.126844844413209e-8,7.245508537160103e-7,8.164782796133726e-8,1.5141332884976924e-7,3.6934311788016954e-7,2.1595951535162328e-7,2.00587510453525e-7,1.8024206905780988e-8,3.068332664041954e-7,3.429101983781344e-7,4.2127250608084077e-7,0.00001554218568297989,2.5195869679108676e-7,3.059899014563604e-7,2.296226145663583e-7,4.3288590527974495e-8,2.0655920740332257e-7,3.136512268803412e-7,2.919729249105552e-7,1.9666307833030617e-7,1.6390432468708435e-7,6.464913675923514e-7,1.634288068089864e-7,1.9949354596082234e-7,2.314797220625607e-7,2.1847892169044375e-7,2.5248062230571005e-7,2.0876314577352955e-8,1.236734508639093e-7,2.327692668299311e-7,3.7227630091890366e-7,0.000010952929725505135,3.1012149375960643e-7,3.8478981337359336e-7,1.4212949615688028e-7,1.1054848889879197e-7,1.309681582900548e-7,3.1181637450127084e-7,8.895696955315226e-8,2.6477925892513397e-7,7.47579265796895e-8,7.236429816640175e-7
6.761746086506992e-7,1.0505407184321402e-7,2.7134784029887404e-7,8.963270163288677e-8,2.447988011260032e-7,7.515165019482929e-8,1.3863850299261617e-7,1.0731223119065337e-7,1.4028136788678435e-7,4.4540932059645555e-7,6.542928004299483e-6,4.5137977820783705e-7,8.44008702852845e-8,3.3564791139578965e-8,1.4201969457933385e-7,1.3580854834087655e-7,1.4307141925432006e-7,1.708156592577846e-7,2.436137558202328e-7,1.976947428942483e-7,7.214814266259765e-7,1.241099474682653e-7,2.6133285984060325e-7,1.4717860214069718e-7,1.042880658294664e-7,4.400836823931683e-8,1.0365815935681196e-7,7.440814623125543e-8,1.3812705613575092e-7,4.046784074650493e-7,9.185837925002842e-6,4.773930351438976e-7,1.035248828343797e-7,2.0283801246101054e-7,1.484975052327081e-7,5.2456637744904356e-8,9.156825847744914e-8,9.769267509995147e-8,2.382786710897048e-7,1.3915209739923914e-7,6.760529503582092e-7,1.1496793875665942e-7,2.7128662149625475e-7,8.728080060494159e-8,2.4429190013931234e-7,7.778774039385192e-8,1.3312606236843975e-7,1.069634274860961e-7,1.394486359874171e-7,4.476100116083282e-7,0.00001538431539477735,4.5290205459815574e-7,9.150058587655739e-8,3.36178286755065e-8,1.4126186934762355e-7,1.382128605493314e-7,1.3600396036517008e-7,1.6962277886501334e-7,2.4061069362494573e-7,1.8904138372694278e-7,7.226197818821817e-7,1.3176917699598337e-7,2.636564593387592e-7,1.504632169021592e-7,1.1028906919517462e-7,4.3401761828900216e-8,9.639054620329442e-8,7.351033457084551e-8,1.3236875913826514e-7,4.0423270585085066e-7,0.00004628656704120998,4.750699331726742e-7,1.0659499393937501e-7,2.0361948798046503e-7,1.519820068504283e-7,5.250890157937292e-8,8.580244807778871e-8,9.670114344212464e-8,2.407917811583501e-7,1.2865861814321385e-7,0.00007225794009418183,1.252934069790158e-7,2.711667492600461e-7,8.463680446702588e-8,2.437755506473291e-7,8.041698054834575e-8,1.274772911816109e-7,1.0636113308137468e-7,1.3871711553090943e-7,4.4953533239430797e-7,0.000046425042175279745,4.5425140353666445e-7,9.862997494299108e-8,3.343138335583394e-8,1.408037022484692e-7,1.4066188333666105e-7,1.288142502040554e-7,1.6830702174098714e-7,2.3743516050223731e-7,1.803909992840357e-7,7.2342404936791e-7,1.3948591158817444e-7,2.658395910352444e-7,1.5348587868541216e-7,1.1616311140570935e-7,4.2951051718076454e-8,8.909855192184285e-8,7.28298838011485e-8,1.2681268410282917e-7,4.036533127333089e-7,0.000015523591594560988,4.724594977279028e-7,1.09847751822182e-7,2.0408137378062886e-7,1.5537367103456588e-7,5.2402640389545404e-8,8.001432208399755e-8,9.578929962858184e-8,2.432864021665882e-7,1.1831258988375637e-7,6.753730014476028e-7,1.359558927394088e-7,2.709929276455465e-7,8.169930978409368e-8,2.432450096610028e-7,8.30467043004195e-8,1.217102736274277e-7,1.0550602063633276e-7,1.3807201626409974e-7,4.511812144626667e-7,9.323581765472587e-6,4.554181389534067e-7,1.057774674176388e-7,3.3010301338767415e-8,1.4063371163317896e-7,1.431522879784755e-7,1.2152269875148388e-7,1.668788088152744e-7,2.3410029415429157e-7,1.717444082109743e-7,7.238936186410736e-7,1.4725596909067601e-7,2.678722086483796e-7,1.5624951429030664e-7,1.218904552730304e-7,4.265122140779411e-8,8.181975623743983e-8,7.238135559365749e-8,1.2149903843553243e-7,4.029480989166187e-7,6.683073955501701e-6,4.695651095587161e-7,1.1328697689881323e-7,2.0422451907176248e-7,1.5865483175764753e-7,5.2130861228007655e-8,7.423609351418367e-8,9.494619695119633e-8,2.4575439414248745e-7,1.0813166626782305e-7,6.748158079718599e-7
8.220034238108703e-7,8.811278890262879e-8,2.3145522278376685e-7,4.142627486033129e-8,2.308466279595661e-7,3.49592928863532e-7,1.572433144056619e-7,1.316345679086257e-7,1.7231898920417362e-7,4.6547367385680134e-7,8.070312602671683e-6,5.115893026100017e-7,1.603727842731431e-7,9.223516373836962e-8,1.6094262578282335e-7,2.8176473604485937e-7,6.008849549504773e-8,2.286035028951083e-7,2.7119115664119615e-7,1.4130284952395458e-7,8.17773931179815e-7,1.22903796829398e-7,3.0683818443627866e-7,8.983135720904114e-8,2.944001386520652e-7,2.715714275359928e-7,1.0320005422991947e-7,6.249256138312138e-8,2.5423283821731805e-7,4.4859649794345704e-7,0.000011340452184731978,5.309503886999363e-7,1.2304437544584083e-7,1.566778586298612e-7,1.1817655607293646e-7,3.986143550180281e-7,1.9697321162267554e-7,2.017352178634987e-7,2.0769004675520757e-7,1.1881572474642222e-7,8.229596255532069e-7,9.408931648584689e-8,2.3365373010117622e-7,4.291295830973474e-8,2.270864428376624e-7,3.4910341556514215e-7,1.5702504324827175e-7,1.3218803751083723e-7,1.7355962141402333e-7,4.672028019629408e-7,0.00001896828152770608,5.132568840851664e-7,1.638058058669399e-7,8.777360625748728e-8,1.5640475211389923e-7,2.816653689631425e-7,6.602779180858037e-8,2.2527271781548953e-7,2.694538033305665e-7,1.3212569011925728e-7,8.18106453612837e-7,1.2651559752650397e-7,3.113016772644692e-7,9.513531788978526e-8,2.928090474178328e-7,2.722427528801854e-7,1.1180166151275084e-7,6.678921099026467e-8,2.520339486451693e-7,4.468588094728846e-7,0.00005707143207818468,5.313109543090304e-7,1.2188374438527506e-7,1.5642325887470306e-7,1.1189903450129336e-7,4.017664953959183e-7,2.0169091689298514e-7,1.9929148972904836e-7,2.0690484180221733e-7,1.0601958611580403e-7,0.00008905246698203694,1.0135409304330632e-7,2.3587198153522926e-7,4.4331670263356655e-8,2.2309659157586173e-7,3.479734527633205e-7,1.568339046210861e-7,1.327044171493555e-7,1.748367108372198e-7,4.6861632399511794e-7,0.00005721466137617249,5.146798596640315e-7,1.6735897686922373e-7,8.3379232825086e-8,1.5199037020832907e-7,2.8103136857479837e-7,7.188167398244293e-8,2.2179121250157438e-7,2.676243314613627e-7,1.2318034915232733e-7,8.180680628943652e-7,1.310636302396931e-7,3.1562464867293437e-7,1.0021604138512066e-7,2.9115178049624236e-7,2.7245332330738727e-7,1.20242686748483e-7,7.112357253347405e-8,2.4980332706904496e-7,4.4490882184256923e-7,0.00001911088212357855,5.313296118386049e-7,1.2076196998545692e-7,1.5599137498739093e-7,1.0549922772475949e-7,4.0433600903937026e-7,2.061776595236761e-7,1.9673365842473826e-7,2.06240544884021e-7,9.34300754398882e-8,8.2403529202502e-7,1.0970205030985862e-7,2.3810627080684354e-7,4.5692955062564355e-8,2.1889913490334604e-7,3.4620352226352326e-7,1.5665102895685065e-7,1.3318614145772413e-7,1.7613035434382475e-7,4.6971368064032874e-7,0.000011484352658600853,5.158496467245375e-7,1.7102412716970498e-7,7.906823462619994e-8,1.477582235417548e-7,2.798650534258876e-7,7.761698438392117e-8,2.181674612593143e-7,2.6571480044830257e-7,1.1449387113494311e-7,8.176591483474212e-7,1.364828591473311e-7,3.1979661560722055e-7,1.0506937819504202e-7,2.894413916734915e-7,2.7220306391683244e-7,1.2849599659155436e-7,7.547847010698892e-8,2.475437686026655e-7,4.427571141146249e-7,8.212328602579914e-6,5.310043191305568e-7,1.197073436207559e-7,1.553811161451908e-7,9.899439554112227e-8,4.063246362052443e-7,2.1041196504293724e-7,1.9406208158734123e-7,2.0570181452198327e-7,8.108252903216193e-8,8.241538102810622e-7
7.412202914080932e-7,9.425041627104244e-8,2.0452796720184753e-7,2.4309886255191486e-7,1.9227116972582223e-7,1.7914295327673603e-7,1.5843895381034667e-7,2.2320152414603775e-7,2.5075793799372204e-7,4.80451453770494e-7,9.758644585827392e-6,3.5358463031910265e-7,3.081418740284876e-7,1.3446361741555396e-7,7.26776114535476e-8,1.754383535310369e-7,1.7851596866882714e-7,2.1059447861141906e-7,2.5031583026760386e-7,1.0175267703845349e-7,7.88135870951887e-7,1.0705752071535303e-7,1.8899277390484504e-7,3.0038083932097315e-7,2.0619937336025826e-7,2.826033550273785e-7,1.3961757542768122e-7,1.9409677964057546e-7,2.461714556714033e-7,4.7358912719491843e-7,0.000013633193658701952,3.9621073367539854e-7,3.191190189208132e-7,2.0264952325453414e-7,1.3174796982671066e-7,7.290071988757411e-8,4.454984526274366e-7,1.819633972187313e-7,2.5330864561554085e-7,1.3409577328959303e-7,7.418104137522587e-7,9.634607739149853e-8,2.003487448784964e-7,2.4852662802558057e-7,1.9530644117287252e-7,1.7624560487779615e-7,1.4946600223460028e-7,2.272637520109449e-7,2.516096540442505e-7,4.813234345497581e-7,0.000022704793894324207,3.5551634425701687e-7,3.08751977172378e-7,1.290119364124684e-7,8.07021532165627e-8,1.7900195119322112e-7,1.7745628475376832e-7,2.0703251728801695e-7,2.4578815609131456e-7,1.0192114538223387e-7,7.876243809526364e-7,1.1285343980979778e-7,1.9039205399462546e-7,3.0529934051150583e-7,2.0958504535963207e-7,2.76189877121678e-7,1.4547266121158857e-7,1.9847848096022713e-7,2.441956728760848e-7,4.704280949299188e-7,0.0000679688303103607,3.960015877690635e-7,3.1942308400384966e-7,1.9770978413927437e-7,1.4000707827168554e-7,7.946216236394165e-8,4.452352595283729e-7,1.7681804723429932e-7,2.5256175927641666e-7,1.3519196307927218e-7,0.0001060322110566192,9.974856639408577e-8,1.9633793062491648e-7,2.5374683786823415e-7,1.9825892151222164e-7,1.7321591605575387e-7,1.4035374456617044e-7,2.3115817203269208e-7,2.5232757212628654e-7,4.818646249477852e-7,0.00006782052444866483,3.57317767151826e-7,3.093288854287983e-7,1.2349065372075321e-7,8.885412542892184e-8,1.8247604907072838e-7,1.763972773292629e-7,2.0322349108406916e-7,2.412418318813269e-7,1.0298426087938646e-7,7.86679541828e-7,1.1918954050133303e-7,1.9206340310559578e-7,3.1006116568436546e-7,2.1292176572948127e-7,2.6961290006160516e-7,1.5164839491106444e-7,2.025758341991603e-7,2.421953650983777e-7,4.670490471456282e-7,0.00002255547348939983,3.9549954471677315e-7,3.1950097037717175e-7,1.926141783655586e-7,1.4837871984817628e-7,8.59202552164957e-8,4.447210124300796e-7,1.7142457044098578e-7,2.520044203446117e-7,1.3754343500198623e-7,7.422358440201604e-7,1.0439704965326557e-7,1.9251704282339067e-7,2.5876032461229246e-7,2.0111162613374923e-7,1.7005868926159041e-7,1.3111941796384684e-7,2.348840069931953e-7,2.5290095155304e-7,4.820756143211339e-7,0.000013485925962350055,3.5897451234596394e-7,3.098734577126e-7,1.1791888247895287e-7,9.7063434373996e-8,1.8585213734318753e-7,1.7535261328899022e-7,1.991666304854391e-7,2.3669705138668543e-7,1.0487552114493067e-7,7.853020027194416e-7,1.260119527413195e-7,1.939745283089232e-7,3.146566949854849e-7,2.161960554707901e-7,2.6287754144158227e-7,1.581077374749788e-7,2.06384210318596e-7,2.4016982985662266e-7,4.634673703767214e-7,9.60833610240789e-6,3.947029598599217e-7,3.193565731979192e-7,1.8736199613325829e-7,1.56809465611878e-7,9.225905263060599e-8,4.439619312224124e-7,1.6577911766946723e-7,2.5163359378453594e-7,1.4102851347328926e-7,7.420698476043704e-7
4.3930624792185997e-7,1.6270039698444652e-7,2.589656022687781e-7,1.1834161727734295e-7,1.6202909264520635e-7,2.591164287639025e-8,8.178635525328716e-8,1.2934423542807282e-7,1.9373029511973172e-7,4.205773467113746e-7,6.517524184539133e-6,3.331352039600188e-7,7.409704915133883e-8,2.4951947724185394e-8,4.66031795187877e-8,1.6036973845178713e-7,1.0939068869383424e-7,1.1346703482306932e-7,2.771669975517069e-7,2.096018631293622e-7,5.652046239618451e-7,2.5254665179367675e-7,1.8497592296414032e-7,1.4376949059009e-7,1.6381115424036123e-7,9.051572300714009e-8,4.868503897297008e-8,1.5066312378695735e-7,1.9864365646729874e-7,3.3562818334519755e-7,8.92080949774965e-6,4.081533150515135e-7,1.7160664775242786e-7,2.3788230648325457e-7,4.497234844899876e-8,8.612373239169495e-8,3.5183677682654635e-8,1.887720083722323e-7,2.339907797699964e-7,1.1363831120575851e-7,4.384695905050092e-7,1.6852978979458034e-7,2.544141771915628e-7,1.0811891024072555e-7,1.641977372269902e-7,2.5868766878904765e-8,8.316604236771062e-8,1.3378430995391404e-7,1.9566418724051203e-7,4.234807424552749e-7,0.000015016865826911283,3.355447648328439e-7,8.183382415575147e-8,3.058907287371256e-8,4.4916298205543826e-8,1.6147970830969532e-7,1.094983474260488e-7,1.1655810187339294e-7,2.738470035607806e-7,2.0479097487655187e-7,5.657988646441916e-7,2.550240357358928e-7,1.8762027498547534e-7,1.4001142141857392e-7,1.6303249883844168e-7,8.892469976364436e-8,4.7911543320700434e-8,1.4496758696389262e-7,1.8877130582057011e-7,3.353036626704033e-7,0.00004460788068078687,4.055554816349789e-7,1.7169150867452038e-7,2.2926894148584718e-7,4.024078775380808e-8,8.841278821599922e-8,3.5655431012061656e-8,1.8012731335597182e-7,2.417811527373766e-7,1.0634486729253348e-7,0.00006989965167366427,1.747129930830183e-7,2.4997636792026267e-7,9.807233047088654e-8,1.664493705362824e-7,2.5971204022641194e-8,8.445805702147294e-8,1.384628162222315e-7,1.9777747217961143e-7,4.261682946333198e-7,0.00004445566565905253,3.379264807517492e-7,8.977089497149747e-8,3.716146051439908e-8,4.338261269734725e-8,1.6256009182159825e-7,1.0941595150273485e-7,1.195885416398637e-7,2.7022884305964413e-7,1.999000810969184e-7,5.660979996866383e-7,2.5744262930867814e-7,1.9011469184238922e-7,1.3613893701903107e-7,1.6202800503434064e-7,8.736164630079103e-8,4.714553222868756e-8,1.3935867546218015e-7,1.787443668227329e-7,3.3496670719334036e-7,0.000014865273025812561,4.028195541335561e-7,1.7196254901543643e-7,2.203645860001145e-7,3.5325339734067e-8,9.063245012270533e-8,3.609084086788997e-8,1.717897155094023e-7,2.497038480984898e-7,9.928957171015052e-8,4.3686977693948247e-7,1.81218044129704e-7,2.456641316264239e-7,8.836708500748492e-8,1.687864963946071e-7,2.622872665887067e-8,8.565155962372886e-8,1.433075886214382e-7,2.0005478843074833e-7,4.286298030269291e-7,8.76798890799327e-6,3.4027309289344454e-7,9.780198712284345e-8,4.430985445392161e-8,4.200635052798624e-8,1.636100050747344e-7,1.0915012729346721e-7,1.225353855973137e-7,2.663273504698418e-7,1.9492424457972096e-7,5.661012830329985e-7,2.59809633684736e-7,1.9244328321142722e-7,1.321788123494924e-7,1.6079579171164822e-7,8.58322578909571e-8,4.641319466563595e-8,1.33853404824175e-7,1.6859556283091376e-7,3.3462648194445875e-7,6.366564075180833e-6,3.9995933205119377e-7,1.7243040060063274e-7,2.1118739488633e-7,3.0233468569578644e-8,9.278041445901296e-8,3.648466692226734e-8,1.6379274365450258e-7,2.5774349101369275e-7,9.250819871527611e-8,4.3610757671022437e-7
1.1313912172044235e-6,2.1077797817673412e-7,4.980349018315246e-7,1.5267771064595724e-7,2.192410317283521e-7,8.901016027126679e-8,6.700317894640614e-8,6.669375382716778e-8,7.772733901008144e-8,4.069677204837019e-7,0.00001704279279317152,5.925241954974428e-7,5.302392656176315e-7,1.663164940143429e-7,2.9163981640017244e-8,1.6504860744353804e-7,7.997161336952624e-8,2.762278785402363e-7,3.3111302706397944e-7,1.6842501256263737e-7,1.0376477962172783e-6,1.7458702285021726e-7,4.4251904221268493e-7,5.6905807987304305e-8,2.1465232194416958e-7,7.60074758283314e-8,6.6881914937503e-8,1.6596844714603804e-7,4.7614418376722387e-7,5.197191072865269e-7,0.00002408540256455874,5.233385023777033e-7,2.0674675199934905e-7,6.341470254817151e-8,1.683279707384322e-8,1.4751991071112797e-7,9.128246349942036e-8,2.312067191569762e-7,3.5245945723512963e-7,3.701297850287056e-7,1.1331140098097382e-6,2.2019773270644073e-7,5.012014234813227e-7,1.5765221225254352e-7,2.1853739680219436e-7,8.654740314986792e-8,6.217603330588288e-8,7.353747330592084e-8,7.500658516979222e-8,4.1142945244032023e-7,0.0000400194336007297,5.888163444673592e-7,5.274323387895854e-7,1.6497637418918138e-7,2.8671488847042704e-8,1.6866498125566095e-7,8.213528547937528e-8,2.7555011542479125e-7,3.3754862815585205e-7,1.626312469189113e-7,1.037683336862397e-6,1.766745098822267e-7,4.3935523564640156e-7,5.888209688367794e-8,2.141792763236267e-7,7.314121785936616e-8,6.454808146231318e-8,1.632155234597075e-7,4.825025539191742e-7,5.236780680608404e-7,0.00012053607108338587,5.228940928612056e-7,2.0659163716948182e-7,6.004438030603866e-8,1.7885766793179784e-8,1.5013512980638167e-7,9.053008609548618e-8,2.2604518364271937e-7,3.516085452850025e-7,3.6149456657951166e-7,0.00018827643184362984,2.2991225448624254e-7,5.037879387199857e-7,1.6235691514056044e-7,2.1773521721265623e-7,8.410962885843674e-8,5.757228997768443e-8,8.043829606405944e-8,7.2576879927182e-8,4.157458267820123e-7,0.0001206865536396276,5.846466103252744e-7,5.240091132820045e-7,1.6345110284962031e-7,2.918146496597372e-8,1.721926384409929e-7,8.411103639815094e-8,2.7481457340910667e-7,3.4370467508575383e-7,1.589869778591942e-7,1.03744331228508e-6,1.8071078852481008e-7,4.3582676259437605e-7,6.093181067715733e-8,2.1349439384077447e-7,7.02041694445466e-8,6.218777149347775e-8,1.604336030233796e-7,4.882810400394552e-7,5.272637961145031e-7,0.0000401694387150682,5.221782882471409e-7,2.0623798640160598e-7,5.707250217384407e-8,2.028301227251396e-8,1.5262817018258276e-7,8.97197594943816e-8,2.2067021490928025e-7,3.5030755141966134e-7,3.531229290580491e-7,1.1349116674422213e-6,2.399088739401319e-7,5.057903114912365e-7,1.6677821296593788e-7,2.1683552198073575e-7,8.171946131355714e-8,5.3237496844392165e-8,8.737853682912651e-8,7.039671267350812e-8,4.1991569192999194e-7,0.00002423635117193789,5.800265913011085e-7,5.199830841900043e-7,1.6173900987545235e-7,3.0603581114099814e-8,1.7562747894257408e-7,8.589270179256464e-8,2.7401363586448845e-7,3.4955833490413653e-7,1.5752313999636457e-7,1.0369284063595516e-6,1.8666541977785936e-7,4.3195256537173183e-7,6.306927102098426e-8,2.1259766452758697e-7,6.720219268279382e-8,5.981749487200586e-8,1.576236611232576e-7,4.93469619171968e-7,5.304599954530617e-7,0.000017192311013901337,5.211820760113163e-7,2.0570807317620295e-7,5.455020775831089e-8,2.364164720958165e-8,1.5499657263400925e-7,8.885146776352536e-8,2.1509790746588675e-7,3.485614287822775e-7,3.4501598196434016e-7,1.1349874087306784e-6
5.666601141829728e-7,3.181361273171314e-7,2.730791057417868e-7,2.0753820289919412e-7,2.4134343618820123e-7,2.7983648512750906e-7,5.384782126882955e-8,3.083779752155534e-7,2.6056482171586266e-7,5.516808734534148e-7,0.000012103377894136482,7.768452874426323e-7,4.127257611561703e-7,2.1917567668043225e-7,2.8535309220397767e-8,1.6424036344100586e-7,3.9718823180347704e-7,1.6264046585514718e-7,1.975250210403338e-7,1.0898886206171338e-6,5.037998924530382e-7,9.063181498060495e-7,2.753189971942661e-7,2.8818902061865077e-7,2.3850363319883905e-7,2.9040365177254647e-7,2.4881197609412223e-8,2.2917850065113678e-7,2.9141258871642354e-7,9.515346916096084e-7,0.000017570942155430325,5.640849485825437e-7,3.0498970508948e-7,2.943977844239622e-7,3.5015432803386086e-8,1.5519993248909046e-7,3.766705274469932e-7,8.463384657856767e-8,2.0170915800708724e-7,3.166731959885746e-7,5.673399536986362e-7,3.368934397117996e-7,2.7135311952761925e-7,2.1373468955722426e-7,2.4176064860002023e-7,2.7392014553494456e-7,6.091355749313895e-8,3.1231582342730125e-7,2.598121593295747e-7,5.500230590088272e-7,0.000028666299409746816,7.99437310597311e-7,4.2156193724899847e-7,2.131367747012352e-7,2.519552632612423e-8,1.7116785023884233e-7,3.9641022456289443e-7,1.5463965589861318e-7,2.0150567721056784e-7,1.0762055278769908e-6,5.062613701696163e-7,9.232857143865358e-7,2.716200521737142e-7,2.968310319394339e-7,2.395520289986805e-7,2.8468835488471935e-7,3.443713482365599e-8,2.343794339291942e-7,2.847126658802735e-7,9.289720113418557e-7,0.00008714419300939427,5.69063447812124e-7,3.0673974361116193e-7,2.904676036090372e-7,3.347204227068562e-8,1.6178930113635041e-7,3.762132385363526e-7,7.891156340401645e-8,1.986771450730994e-7,2.99153784778907e-7,0.00013612553870314743,3.5522901464990594e-7,2.702294278770728e-7,2.1988008509389363e-7,2.4190123171087895e-7,2.6784306998602826e-7,6.84492596231885e-8,3.159572831007351e-7,2.5909102713024534e-7,5.478082869114427e-7,0.0000872917522509763,8.215593101144798e-7,4.302697038623834e-7,2.0701329705722586e-7,2.4672986975425292e-8,1.7790444541402844e-7,3.953953365323402e-7,1.4641590280071472e-7,2.0536546925130318e-7,1.0616809972942393e-6,5.082502027966871e-7,9.394373465107524e-7,2.6788222799338655e-7,3.052504579223685e-7,2.4037854993835804e-7,2.787677747653549e-7,4.396526348479836e-8,2.3948295709085165e-7,2.7787429192867516e-7,9.057492823702783e-7,0.000028814802619960574,5.735020296989138e-7,3.0841754941644005e-7,2.86252940625952e-7,3.37985683953407e-8,1.6822557050695037e-7,3.75482530279429e-7,7.327612691832882e-8,1.9642937153742243e-7,2.811039392466665e-7,5.660974767074425e-7,3.730852961344773e-7,2.69735011198932e-7,2.259737601465154e-7,2.4176518483328034e-7,2.6161069149885666e-7,7.631203023877524e-8,3.193024682041805e-7,2.5837267307822853e-7,5.450807489898435e-7,0.00001771756066471963,8.4314710241742e-7,4.3882923046844467e-7,2.008162224761601e-7,2.7175710858130354e-8,1.8444387292099162e-7,3.9414445437916675e-7,1.3798020576066354e-7,2.0909895434576926e-7,1.046352410855805e-6,5.097713206332982e-7,9.54733665800343e-7,2.6409799006070797e-7,3.1343677792413744e-7,2.409823679752774e-7,2.7264719878657247e-7,5.3455124963292796e-8,2.4448149227766946e-7,2.7091460991288025e-7,8.819157897072238e-7,0.0000122528210497823,5.773508421311239e-7,3.1004164584553235e-7,2.8175255293916963e-7,3.593628726348376e-8,1.7450325127063144e-7,3.7447873118866627e-7,6.776124251410113e-8,1.9496961614668608e-7,2.625713080952311e-7,5.641668002379468e-7
0.0006800419551963258,0.0002489852301339232,0.00013413476455899625,3.3757342100214705e-6,0.00007614380863108912,0.000058295216629993095,0.000026104519396615824,0.00010169328470979207,0.00007942723928405418,0.00015541532903980625,0.014454076868637493,0.00017289408974740684,0.0000661940722101105,0.00010081728245987193,0.00003272918904957789,0.0000533439676081486,0.00007919480193757573,9.938399723060665e-6,0.00013079042606150147,0.00027581113143879013,0.0006719362398759228,0.00025256540873051043,0.00013388783692591105,3.8081268583429342e-6,0.00007652575486140827,0.000057622264911791,0.000027139320043928895,0.0001015579539063765,0.00007769523362096637,0.00015843774359946538,0.020256556036498743,0.0001703555208236715,0.00006794991816685702,0.00010103978491359635,0.00003172747780459483,0.0000540679398314459,0.0000788785383978449,8.684079289784946e-6,0.00013115633236859847,0.0002723253609189277,0.0006802948637114294,0.0002567264328745884,0.00013327828858196108,4.559481863118552e-6,0.00007705265812209952,0.000056954280875420094,0.000028015918843963174,0.00010154276587636145,0.00007556930107346513,0.00016060354278689144,0.033762097477765526,0.00016835585201216687,0.00007005103355597938,0.00010111473006540193,0.000030873488405219616,0.00005476991030034414,0.0000783955204553761,7.558324693921776e-6,0.00013188594635406495,0.00026807507735183305,0.0006720990994653562,0.00026027865145934807,0.00013299224477281954,5.536263649360686e-6,0.00007741276357391121,0.00005626400050589973,0.0000290404861412037,0.00010137808033541785,0.00007382807679386203,0.00016345821126932664,0.10132115169716438,0.00016566036146019363,0.00007179993274779644,0.00010130873079830443,0.000029860105240209717,0.000055477402332718517,0.00007805706575073027,6.384779109984254e-6,0.00013221186808688316,0.0002645520707480946,0.15847171241284436,0.0002644855261213583,0.00013232241887719753,6.562063193997511e-6,0.00007791796972117782,0.00005557895680386334,0.000029906367589948136,0.00010133229716758341,0.00007171437795041688,0.00016554309554509415,0.10132129490562544,0.000163578793121631,0.0000739144224362393,0.00010135326144215623,0.000028994944146955384,0.000056162690796110176,0.0000775519255059364,5.3583225447847e-6,0.0001328807543097171,0.0002603493217378522,0.0006720995767327746,0.0002680051810704679,0.00013199684431424347,7.7334922822381e-6,0.00007825604647244997,0.000054871762742206814,0.00003091996861388672,0.00010113868508633152,0.00006996506693617657,0.00016823549790777868,0.0337622407297934,0.0001607210298523295,0.00007565521653295816,0.00010151832876094944,0.000027970586028195502,0.000056853278117562427,0.00007719145675259035,4.385025876201931e-6,0.000133167123325811,0.0002567937647433138,0.0006802957322740767,0.00027225960283243724,0.0001312662647394701,8.856926505276686e-6,0.00007873915080502917,0.00005417004250777592,0.00003177465133556104,0.00010106247670526008,0.00006786470915081728,0.00017023849429562707,0.02025669919664366,0.00015855853076116434,0.00007778197255459112,0.00010153227536537403,0.000027094736652403128,0.000057521501319029495,0.00007666459911052672,3.6470982526245096e-6,0.0001337757569726129,0.0002526368525014155,0.000671937671633839,0.00027574200997415474,0.0001309007282660934,0.00001010900098362872,0.00007905502165315932,0.000053446359301331996,0.000032776590280452283,0.00010084036949249617,0.00006610846770963603,0.00017277398324916788,0.014454220159466699,0.00015553301640987445,0.0000795135278785002,0.00010166798080378571,0.00002606013816066181,0.000058194768984115614,0.00007628230413021332,3.250802481437051e-6,0.00013402298857134276,0.00024905335024448945,0.0006800436922793368
5.647507131946075e-7,1.0917635050690856e-6,2.8871685882754843e-7,1.8470077874118022e-7,4.134928094628538e-7,2.333004901537973e-7,1.4387729864346141e-8,2.5125726772485504e-7,5.208423712514789e-7,6.376662573765596e-7,0.000013107433644111352,7.542691688242554e-7,3.329348208557056e-7,3.763598822248031e-7,8.233768245067403e-8,2.7919393543162325e-7,2.869901651967145e-7,2.4467213408437146e-7,2.601054835780111e-7,3.3894659376211655e-7,8.01637337816535e-7,2.0116423829432238e-7,2.6491027498157317e-7,1.2743905280338527e-7,4.0016519557128916e-7,2.171470698948968e-7,4.233421069523634e-8,3.4370697549792237e-7,3.5302363164158623e-7,7.710606843599012e-7,0.000017761217612347048,6.997731097364667e-7,3.567337345681428e-7,2.88935302892729e-7,5.8504311568487475e-8,3.0008718070668385e-7,2.919654385005258e-7,3.3696770254134633e-7,3.652228651196321e-7,1.0147484489396314e-6,5.624582733053442e-7,1.11163189927627e-6,2.840053278279928e-7,1.9510212540364672e-7,4.150440059366522e-7,2.2644161342149893e-7,1.5988489729637762e-8,2.5782589130546035e-7,5.095746058100379e-7,6.178406473840546e-7,0.00003018953555283802,7.58042131487502e-7,3.359097362499752e-7,3.7294590809420345e-7,7.264225377411974e-8,2.8632002709686465e-7,2.869103287355391e-7,2.371046625478349e-7,2.674573666407403e-7,3.2499479230428173e-7,8.032310942771691e-7,2.162892217568885e-7,2.596773012333697e-7,1.3420267562138312e-7,4.0132623586989697e-7,2.1031985593956547e-7,4.425771783697118e-8,3.481338341160792e-7,3.506850566513105e-7,7.66172476773201e-7,0.00008948720080525891,7.221153945801745e-7,3.6642486672808495e-7,2.8343431177769643e-7,4.829237877432475e-8,3.067097795272609e-7,2.910259493004469e-7,3.270037161395935e-7,3.687225821507178e-7,9.94811332217369e-7,0.00014055075272261913,1.1307261295423832e-6,2.791505802124068e-7,2.0529707280829036e-7,4.163363787412783e-7,2.1937960427304183e-7,2.2489312435122682e-8,2.6427524051332703e-7,4.981544781679953e-7,5.977687591554625e-7,0.00008934657192842836,7.611820512189916e-7,3.3876559467361324e-7,3.691904005344262e-7,6.306777561113555e-8,2.9327260063055386e-7,2.8652714303088353e-7,2.2949766208158478e-7,2.752228598965682e-7,3.10632808812644e-7,8.037513904829337e-7,2.30925951693886e-7,2.5489414393435836e-7,1.4108015205151378e-7,4.021874771431313e-7,2.0333045094102973e-7,4.7896260276569755e-8,3.522353261987652e-7,3.481816155977403e-7,7.605672662310774e-7,0.000030049467220274605,7.440383581031513e-7,3.7600118910171707e-7,2.777921196450622e-7,3.819665183552324e-8,3.131187325913853e-7,2.8983900323382105e-7,3.168172130367809e-7,3.72159084751746e-7,9.74054045010208e-7,5.586562751555824e-7,1.1490061871536393e-6,2.7414927720261957e-7,2.152738654067654e-7,4.173686695167896e-7,2.1212293368909912e-7,3.088702867361184e-8,2.705954585359473e-7,4.866041556707067e-7,5.775457401287394e-7,0.000017619985669322375,7.636468785491709e-7,3.4152232620245387e-7,3.6509199325818716e-7,5.369419715690205e-8,3.0004589507664756e-7,2.8584063837904344e-7,2.218526229803512e-7,2.8332927636836415e-7,2.959195963482867e-7,8.032012642151065e-7,2.4503267926049836e-7,2.506254330555531e-7,1.480494013523842e-7,4.027484162269848e-7,1.9618648071355406e-7,5.2893037178131384e-8,3.56013303134629e-7,3.454974553531556e-7,7.542916602047311e-7,0.00001296788209622958,7.654798962807235e-7,3.854431202003626e-7,2.7201664880448377e-7,2.840362835222108e-8,3.193078389007947e-7,2.884059656130671e-7,3.0642055463984325e-7,3.755433098755208e-7,9.525182683370888e-7,5.57152231752608e-7
1.2439425816648078e-6,1.2521020791274698e-7,3.1024045136772315e-7,2.2996085743535195e-7,4.9407757801686416e-8,1.4603656387266094e-7,4.78356211755158e-8,1.3784800572101353e-7,4.3486774650972453e-7,7.262572369052291e-7,0.00001716276025427363,5.082867572299469e-7,1.4709921040268026e-7,3.421502704520473e-8,5.682368111014217e-8,3.7952218326911755e-8,1.9140691192393074e-7,1.1368927078332064e-7,6.274710723880041e-7,3.1113044162280445e-7,1.3564036531775905e-6,3.9087058729374284e-7,4.855678085904114e-7,2.063787134939161e-7,4.38032550266375e-8,1.3617394982166882e-7,3.7868652941428835e-8,6.188328468290996e-8,2.9065937170683124e-7,6.032653312893105e-7,0.000023854817816233204,7.190042752437022e-7,4.2906778755025143e-7,1.506791588940987e-7,6.496489652966441e-8,3.4943046587239385e-8,1.8680590724934405e-7,3.553649348918388e-8,3.6056819542633103e-7,2.092710177055797e-7,1.2446860413309824e-6,1.3329131302850557e-7,3.07947807643344e-7,2.290958715669852e-7,4.719380267690337e-8,1.4319250784368665e-7,4.6422305474561986e-8,1.379784689466656e-7,4.4134159789423357e-7,7.326368428254558e-7,0.000039935239293009124,5.073472402265369e-7,1.5081185826158823e-7,2.7356178405950917e-8,6.099906785289866e-8,3.9297769017010805e-8,1.9230257482045323e-7,1.1128331911914147e-7,6.260890117617863e-7,2.977404739215124e-7,1.3563250994658151e-6,4.018067395380169e-7,4.869390648435021e-7,2.1102408786029102e-7,4.382346758656487e-8,1.3454811799766724e-7,3.623911772702577e-8,5.922892222397729e-8,2.8862569975870967e-7,6.022847608697683e-7,0.00011943302817729448,7.142442793711102e-7,4.217716938497667e-7,1.5454028959336325e-7,6.697956360519708e-8,3.723319283642995e-8,1.876822062363129e-7,3.724451304557978e-8,3.6170904613338536e-7,1.9772326112877487e-7,0.00018644966534103023,1.4449964141155674e-7,3.055259345722633e-7,2.281672340554404e-7,4.4786927042081936e-8,1.402719054625863e-7,4.530863897791065e-8,1.3801502020925756e-7,4.472881007568321e-7,7.384339995682395e-7,0.00011930617774182869,5.061757028496603e-7,1.5447227984343622e-7,2.0622654350674493e-8,6.527142738821341e-8,4.085815616296562e-8,1.9313261493414578e-7,1.0861222362870518e-7,6.240426055602346e-7,2.8450077446200575e-7,1.3556046388764132e-6,4.1297550824086975e-7,4.877821873228472e-7,2.1547452870009147e-7,4.3823360623558005e-8,1.328225196908564e-7,3.5042989505470344e-8,5.692103136865403e-8,2.8635302147343956e-7,6.009498362744702e-7,0.000039807730348854846,7.089541509197214e-7,4.139616008400846e-7,1.5838192946388617e-7,6.889105054335209e-8,3.9468582812077314e-8,1.8837530133752542e-7,3.8864126094788887e-8,3.626336322884029e-7,1.8826775339371588e-7,1.2452416501496636e-6,1.5830731661165459e-7,3.0300299874751613e-7,2.2718386789745893e-7,4.219037132864906e-8,1.3727835755382475e-7,4.454410224310053e-8,1.379545740492171e-7,4.526827303743399e-7,7.436378417847042e-7,0.000023728601102072635,5.047592603195474e-7,1.580987394153383e-7,1.4114556268693428e-8,6.962802130969002e-8,4.258326299576385e-8,1.9389564498196536e-7,1.0568959654816452e-7,6.213353570681625e-7,2.7141269788669014e-7,1.354241944375377e-6,4.2437443084831124e-7,4.880932786925772e-7,2.1971815451124273e-7,4.380304597349671e-8,1.3099958457922794e-7,3.431610558311594e-8,5.50413775333652e-8,2.8383197554482317e-7,5.992788816019524e-7,0.00001703457073432709,7.031470283354014e-7,4.0566053661078453e-7,1.6220368594733074e-7,7.069450425227852e-8,4.16434288739899e-8,1.8888482902391526e-7,4.038893040473426e-8,3.633204948005119e-7,1.8111672822506352e-7,1.2450526377410962e-6
3.925963063353077e-7,1.2987428626104192e-7,2.652515940930379e-7,1.459199686535819e-7,6.575239252478076e-8,1.4163511770693967e-7,3.810044881351959e-8,1.9675892724818026e-8,8.205681050190535e-8,3.426210273113263e-7,6.34146180462471e-6,3.8492662998377423e-7,1.2915720517519624e-7,1.2674237653845903e-7,7.47756970839553e-8,5.394304491567455e-8,1.3977952069466525e-7,1.3372227327598014e-7,1.8409753973089073e-7,1.2001967268492827e-7,3.2699618055427387e-7,3.334115082697769e-8,1.7230361024542588e-7,1.1667022218323488e-7,7.211225245893525e-8,5.773067195794217e-8,2.9545200790003425e-8,1.7621448288913238e-7,1.0241942796882826e-7,3.574959884317424e-7,9.078112529089747e-6,3.3075486700003313e-7,1.6539141578034263e-7,7.438686377834208e-8,6.354752789772158e-8,3.9565259537051066e-8,1.3072906694706474e-7,8.022870423809978e-8,1.8799807995922133e-7,2.0050694283992463e-7,3.9277075912609704e-7,1.3170171529363583e-7,2.6757833138972944e-7,1.4376766777774304e-7,6.567954458795048e-8,1.4113382385116524e-7,3.838749438514371e-8,2.403627767129574e-8,7.978065680171299e-8,3.401320395726271e-7,0.000014971450284264813,3.8471548564045564e-7,1.2466805383184e-7,1.2468926801967105e-7,7.399378577871197e-8,5.2964022747774626e-8,1.3746077203112818e-7,1.4360795232003055e-7,1.8513939962552345e-7,1.15560950867066e-7,3.2766163457397193e-7,3.565374665972206e-8,1.6643318296562983e-7,1.2454568005867338e-7,7.17167342152975e-8,5.6440872554739084e-8,3.337512668958383e-8,1.8458625468630276e-7,1.0240009007141524e-7,3.572302196789174e-7,0.000045329654241033974,3.3255739115924597e-7,1.7220797487260925e-7,7.976730506048802e-8,6.428720018872406e-8,4.051738969191766e-8,1.3207574605560896e-7,8.390862000775052e-8,1.8782679916889534e-7,2.010284742752842e-7,0.00007111087364840868,1.335402995853902e-7,2.6977004653499556e-7,1.4169492950416564e-7,6.549992407924456e-8,1.406168321905323e-7,3.885907630624582e-8,3.009547687564413e-8,7.812226583629454e-8,3.376041247552871e-7,0.00004545213992259128,3.843543963326597e-7,1.2042868706814544e-7,1.2301919231937788e-7,7.310216595218622e-8,5.204838250148034e-8,1.352803926477376e-7,1.534222540354334e-7,1.8635114534739402e-7,1.1146708995624396e-7,3.282981121111922e-7,3.89712686141472e-8,1.608486982052378e-7,1.3266463696642558e-7,7.11958772786919e-8,5.51116733460229e-8,3.702461627350632e-8,1.92734769192645e-7,1.0272401541366759e-7,3.5693177959248324e-7,0.000015094250586224076,3.3435148896501995e-7,1.790400237371752e-7,8.536076394949351e-8,6.491173441859163e-8,4.15316386933083e-8,1.3319261996650132e-7,8.778336258024145e-8,1.8769235019646814e-7,2.0152780126537735e-7,3.924000606939648e-7,1.3539231462845655e-7,2.7180931363062073e-7,1.397350627632011e-7,6.52069505906357e-8,1.4008467503196643e-7,3.951088004217949e-8,3.6916291522648685e-8,7.716170585199271e-8,3.350373547992474e-7,9.200174771074459e-6,3.838525038432327e-7,1.1646983978686255e-7,1.2179128595815275e-7,7.21049257907224e-8,5.119762690544494e-8,1.3323611565623969e-7,1.6312223624580928e-7,1.877365662759032e-7,1.0777401609607867e-7,3.289062608838922e-7,4.310421106104594e-8,1.555687682476143e-7,1.409969360998166e-7,7.05464913949244e-8,5.3746172501113776e-8,4.0489141126344495e-8,2.0063850644805982e-7,1.0338525525456174e-7,3.5659126947214505e-7,6.464463863094303e-6,3.361322799346471e-7,1.8584493398404408e-7,9.113608882371365e-8,6.54117906319489e-8,4.260144612943273e-8,1.3408319108985985e-7,9.177075675800633e-8,1.876072334323452e-7,2.01994259304366e-7,3.9185625611762025e-7
5.180208633767972e-7,1.1517556931990766e-7,1.8741257265627474e-7,2.4316202634504316e-7,1.7121852626922637e-7,2.3289560342244213e-7,8.997993954111013e-8,1.5828853772569064e-7,3.4917080948817105e-7,1.850040242283136e-7,9.559351938507977e-6,3.0841366619128154e-7,3.14998855111957e-7,2.4092295441065093e-7,1.1814797826431653e-7,1.817785019953503e-7,2.4806461859618036e-7,2.768018742137295e-7,1.404238544577434e-7,1.253319555093298e-7,4.737190694489274e-7,1.543087595929521e-7,2.0603733396236185e-7,2.1636600477374237e-7,4.525783579357905e-7,1.363496799174872e-7,1.4785412829940863e-7,2.2317320408065075e-7,3.5926939057376775e-7,1.9903414439731835e-7,0.000013424408918268648,3.0609350458562224e-7,3.068184387442793e-7,2.539185292460641e-7,1.6080149705129702e-7,2.7037785347789563e-7,2.6317199291340155e-7,3.152413100933455e-7,1.3637967409745047e-7,1.1090837048654909e-7,5.195175309959325e-7,1.1089692559417787e-7,1.8764984392589704e-7,2.477138002895017e-7,1.7045687771374742e-7,2.2930644136293897e-7,8.267869369816895e-8,1.6428543383412377e-7,3.483001387087617e-7,1.8467446775256522e-7,0.000022406904530137713,3.075591207906382e-7,3.1593081671355474e-7,2.356806500042375e-7,1.2824532778893855e-7,1.8544223788615307e-7,2.457878032925619e-7,2.7071918164497607e-7,1.4781331324754239e-7,1.265317251817496e-7,4.7368360713587144e-7,1.488513766667114e-7,2.0197339026658648e-7,2.240745591514903e-7,4.5408974534539355e-7,1.2946511221136462e-7,1.3927624277863936e-7,2.2914505714940952e-7,3.5763492104493983e-7,2.0051267567878693e-7,0.00006735929525604768,3.0846661945193377e-7,3.09657458820492e-7,2.4991437802179923e-7,1.5440574497472535e-7,2.7761697828875387e-7,2.6046735743461186e-7,3.095356624865089e-7,1.4132125301365683e-7,1.1077383700924218e-7,0.0001054744770325159,1.0663201780742347e-7,1.8811135777762665e-7,2.52050976893245e-7,1.697206124631101e-7,2.256011542900238e-7,7.569721876088431e-8,1.7011025806099586e-7,3.4731003026310215e-7,1.844118280083838e-7,0.00006746062657902331,3.065125606883366e-7,3.1665549586845155e-7,2.3026170535633674e-7,1.3830338142845078e-7,1.8902563207106858e-7,2.4337854702189265e-7,2.6438727944861435e-7,1.5521501360131388e-7,1.2812263960898143e-7,4.73478309746223e-7,1.4366553358843684e-7,1.9814809400064947e-7,2.315040249947654e-7,4.553257797239817e-7,1.2243286701684488e-7,1.3097512720550724e-7,2.3493962830882124e-7,3.557418802312132e-7,2.0186996646560253e-7,0.000022507052082881234,3.1080775753757473e-7,3.1235663174367124e-7,2.455700815264024e-7,1.4828011284914157e-7,2.8465444120591785e-7,2.576668675533878e-7,3.037197819643899e-7,1.4662411929919566e-7,1.1088852067789983e-7,5.214536289886156e-7,1.0240626435324173e-7,1.8878406378475368e-7,2.561746185086249e-7,1.6900462582798237e-7,2.2178916729849245e-7,6.918368266260837e-8,1.7575413764191475e-7,3.462008722336567e-7,1.8423136594203127e-7,0.00001352686023826503,3.05273804029306e-7,3.1717550954181897e-7,2.246662964205748e-7,1.4829149598838634e-7,1.9252041164282152e-7,2.40852551450111e-7,2.578055912855186e-7,1.626132826234499e-7,1.300531442505673e-7,4.731040039670662e-7,1.388267608010574e-7,1.9458766040924628e-7,2.3865639080079705e-7,4.5627840277924165e-7,1.1526040233821806e-7,1.230467476808117e-7,2.40558267583051e-7,3.5359201070056604e-7,2.0310994884473076e-7,9.658255899355657e-6,3.130993484071384e-7,3.149146806835609e-7,2.408898925678078e-7,1.4245930858155665e-7,2.9148620231925144e-7,2.5477903999452125e-7,2.978057132943876e-7,1.5225988855644684e-7,1.1122856492934346e-7,5.218917687561406e-7
9.653570601932349e-7,9.72649712793431e-8,2.8262368997597763e-7,1.8428293051370753e-7,1.3804402524776238e-7,2.5039074948991345e-7,1.593151501640677e-7,2.7512224700326742e-8,9.179067892890595e-8,5.89658701342803e-7,8.271554972412819e-6,5.630862752768312e-7,1.0436178890941559e-7,8.48008088412311e-8,1.714445189938818e-7,2.9885584550252695e-7,2.0328334446732095e-7,7.187094567819954e-8,2.7800891974814903e-7,1.2681735872968997e-7,9.70464111480244e-7,9.264877891908452e-8,2.5975572916742317e-7,1.478945817485162e-7,1.7678552397437127e-7,3.982269225619032e-7,8.657235465256704e-8,1.1310066843435004e-7,4.3645427283353656e-8,5.966016202928631e-7,0.000011580966573976542,5.471536235608302e-7,1.8105408858652116e-7,1.5449841706763247e-8,1.0742106130461452e-7,3.1784665720501956e-7,2.385792499840666e-7,5.682803794943226e-8,3.2966919569295697e-7,1.3898607445889122e-7,9.661541489402913e-7,1.0969447558648916e-7,2.865187830658887e-7,1.8679636733893733e-7,1.3258552170943364e-7,2.51609447457698e-7,1.6319112960634773e-7,2.9705393489522032e-8,8.865264725639236e-8,5.891733947634881e-7,0.000019295719130122768,5.630350627209236e-7,1.0115681571777851e-7,8.58022266877194e-8,1.7006158272998874e-7,3.005548135653967e-7,2.0838764020723806e-7,7.247414062666622e-8,2.7402947893369007e-7,1.1377014591700454e-7,9.703791338725463e-7,1.0707073974724892e-7,2.6337057783385273e-7,1.48840962706505e-7,1.7298687787831392e-7,3.970401503614868e-7,9.260421315808281e-8,1.1226336803867493e-7,4.92848998288554e-8,5.959146852992461e-7,0.00005783097385726764,5.493281651235703e-7,1.818837692586038e-7,1.1099321379762226e-8,1.0013824703124823e-7,3.1776504098633495e-7,2.401732497285075e-7,5.469306308939438e-8,3.2447851472999106e-7,1.2928961860039003e-7,0.00008984283857854487,1.2232281804018404e-7,2.9028436868063506e-7,1.891396183791686e-7,1.2695285044666106e-7,2.5226219674384065e-7,1.6717527774204233e-7,3.253394976315685e-8,8.59930069699249e-8,5.883457295651282e-7,0.00005774313607278393,5.626151980411933e-7,9.814924760151253e-8,8.687317680087822e-8,1.6865460451169813e-7,3.016256486489026e-7,2.1328498069108473e-7,7.286387607365707e-8,2.699519885464492e-7,1.0125688640504228e-7,9.699379459088512e-7,1.2172597537264317e-7,2.6695474164913597e-7,1.4970326767420807e-7,1.690523321575044e-7,3.9527490496580255e-7,9.85100134274526e-8,1.1131888123792578e-7,5.479283454639693e-8,5.948423601041993e-7,0.000019207259400389384,5.51188111590324e-7,1.828020501396417e-7,6.802879088915996e-9,9.267807521791672e-8,3.171725772558522e-7,2.4176411210188033e-7,5.248679108294963e-8,3.1911026106195966e-7,1.2056945963845667e-7,9.66538961791291e-7,1.3512913218150026e-7,2.939095747872125e-7,1.913069143457402e-7,1.211701952734357e-7,2.523475702232814e-7,1.7122256135085163e-7,3.5856849307240406e-8,8.383408065634233e-8,5.87182703935253e-7,0.000011493683558915273,5.618243185239844e-7,9.540092800093387e-8,8.800279818420782e-8,1.672484915863908e-7,3.0206754959811575e-7,2.1795367123600132e-7,7.304210300017585e-8,2.657828335978355e-7,8.943507621655656e-8,9.691410209440429e-7,1.3658142900879023e-7,2.7049868094129053e-7,1.5047935368285095e-7,1.6500992490311982e-7,3.929310094240202e-7,1.0427194903708633e-7,1.1026961844426298e-7,6.014312836297328e-8,5.933892016397607e-7,8.18240937398176e-6,5.527246103184236e-7,1.8381388304772616e-7,2.805691205365351e-9,8.506450867415186e-8,3.160697984469071e-7,2.433347788960789e-7,5.024915040260434e-8,3.135731966642662e-7,1.1300366590584463e-7,9.6612579647193e-7
8.080061010827502e-7,1.77129683917451e-7,2.646846004886991e-7,1.3581761803110466e-7,7.673344820364684e-8,1.1107089848739833e-7,1.243149048570962e-7,5.8426928923679597e-8,9.583074746799498e-8,4.816477106533672e-7,6.5302031399177e-6,5.105059873059907e-7,1.0062156236064038e-7,7.811683391842168e-8,1.0671291636912244e-7,9.877683339212668e-8,1.866711500427874e-7,1.4266790306087404e-7,2.8405542179203555e-7,1.6328028210528806e-7,7.770534493073798e-7,1.2769662310057157e-7,2.690613836201499e-7,6.309520311850676e-8,1.3611000317457966e-7,6.085382122298289e-8,1.7280945072196116e-7,1.9555899672060663e-7,9.263043211332672e-8,5.101297657363798e-7,9.158101414214292e-6,4.531759334597079e-7,9.259850869656253e-8,9.450399007289847e-8,1.071581313160827e-7,1.1964064021737108e-8,1.596955925070101e-7,1.0893895936051675e-7,2.839580852454782e-7,1.7866105747862352e-7,8.078369765542756e-7,1.8746200982919639e-7,2.6828812425754317e-7,1.366365211915379e-7,8.330487578864955e-8,1.094201609541452e-7,1.2337386322417151e-7,5.914892236883542e-8,8.934765941223744e-8,4.813112225502611e-7,0.000015237668593939774,5.091882244467516e-7,1.0176518485547734e-7,8.016628256220071e-8,1.1268141567915816e-7,9.641946008846698e-8,1.8798930477242003e-7,1.4467991277722403e-7,2.8298464151446686e-7,1.508896423356292e-7,7.776774265098829e-7,1.3839893541597203e-7,2.67860566552185e-7,6.300295774110595e-8,1.4223163977152003e-7,6.029235882351473e-8,1.7040954740543674e-7,1.942367087711259e-7,8.672015937977011e-8,5.126572300403448e-7,0.00004568892246990124,4.5331792277061053e-7,1.0003582533363152e-7,9.584454365077882e-8,1.1347693475513301e-7,1.07257454642586e-8,1.5446978134254609e-7,1.0585112596502436e-7,2.8263828190052986e-7,1.693678878395141e-7,0.00007093520662476759,1.9782354217097378e-7,2.717095644992016e-7,1.3729920891133053e-7,8.989435559567832e-8,1.0788143242298308e-7,1.2270010986808807e-7,5.967580406100865e-8,8.301211363120674e-8,4.807404803362818e-7,0.000045614339063677485,5.075518239237981e-7,1.032003141990753e-7,8.196257782933645e-8,1.1857796082801831e-7,9.41180261544132e-8,1.8935444527343665e-7,1.4639722692949206e-7,2.818182478526505e-7,1.3867503016312255e-7,7.780923808009847e-7,1.4933914071615023e-7,2.6662587137930093e-7,6.317211483012271e-8,1.4828366125093088e-7,5.958487147658113e-8,1.6793256624848478e-7,1.9259585257696785e-7,8.096771270536824e-8,5.148818017944343e-7,0.000015163662941030844,4.5326735027325167e-7,1.075763093030388e-7,9.722717962482442e-8,1.1977857580066498e-7,9.371242054281075e-9,1.491481105283993e-7,1.0255378036339741e-7,2.811859052916448e-7,1.601501424066784e-7,8.065024465699399e-7,2.0821020204921058e-7,2.7493831488696634e-7,1.3779897693037071e-7,9.64599866007126e-8,1.064602223605124e-7,1.2231796891186124e-7,6.00018084355154e-8,7.685611598012736e-8,4.799435990921083e-7,9.082861112544155e-6,5.05598046772204e-7,1.049392132752305e-7,8.351089214952325e-8,1.2437807184352819e-7,9.187317511156969e-8,1.9077070105474205e-7,1.4781389190087526e-7,2.805561476367988e-7,1.2666917581419666e-7,7.782978628698509e-7,1.6048702581669393e-7,2.653611279773632e-7,6.361453807270335e-8,1.5424598178063274e-7,5.872786111407134e-8,1.6539645495277822e-7,1.906345220389409e-7,7.538458409257179e-8,5.16802500309033e-7,6.456695617066331e-6,4.530168627223183e-7,1.1518963969999737e-7,9.86417035813019e-8,1.2603364322638991e-7,7.894038873718543e-9,1.4375318895979675e-7,9.904081719153885e-8,2.7960864943746607e-7,1.5101484835854154e-7,8.053383693975702e-7
3.911098560702182e-7,1.5120616130163369e-7,1.1263594850682431e-7,3.3612636874652427e-7,3.031620307119134e-7,2.4762826991105955e-7,3.8640894763349514e-8,2.6999742178980674e-7,3.1252855756786805e-7,3.238780248760534e-8,0.000011213166715470326,2.4605647527584977e-7,3.8916455316983e-7,3.1213585036154635e-7,1.9495229664131505e-8,2.0193171424086637e-7,2.6964437766704567e-7,3.7780061872263946e-7,1.655366806985641e-7,5.890985755356117e-8,4.930098166335608e-7,9.064142079645592e-8,2.2340445566968078e-7,1.544087719927274e-7,3.0077125878325573e-7,1.7209297370130968e-7,9.87420841442177e-8,1.4394210483168843e-7,4.1751540312603643e-7,1.2464345737015224e-7,0.000015551744128706357,1.6631083856611588e-7,2.88343716881747e-7,1.6715177067505146e-7,1.3407523272975806e-8,2.439560627125019e-7,2.648623921567443e-7,2.1183224081459048e-7,8.998124899491269e-8,1.5409657166400402e-7,3.917331517589097e-7,1.4460223185012867e-7,1.1391772188367792e-7,3.3476713692787394e-7,3.0214036946923676e-7,2.4182186957134573e-7,3.768070776286591e-8,2.70787675232115e-7,3.061506985405252e-7,3.191236536729446e-8,0.000026138863461472667,2.432764895335879e-7,3.8695777146590865e-7,2.9924566089120737e-7,1.2786203311184272e-8,2.0818344800532325e-7,2.7058881114290305e-7,3.6740807544546943e-7,1.7721853733736661e-7,6.046701370362072e-8,4.936864963533078e-7,8.440717336923623e-8,2.138934524799978e-7,1.6638830821624084e-7,3.0190469899541916e-7,1.672436626875307e-7,9.61146635979706e-8,1.5668270460771606e-7,4.205919676898285e-7,1.2771754535676202e-7,0.00007821043037038145,1.6885953567376762e-7,2.936295275630788e-7,1.6439337054043693e-7,8.019919804730111e-9,2.4890489818337934e-7,2.649454265003079e-7,2.1111337875534016e-7,8.933915901280352e-8,1.5794576756334095e-7,0.00012267604908736026,1.3782983091347871e-7,1.1528627359651188e-7,3.331392040926215e-7,3.0078965147124163e-7,2.3591107383086915e-7,3.860498276408235e-8,2.715483837218849e-7,2.9942732644922394e-7,3.163748312787224e-8,0.00007826918544986118,2.404320133348622e-7,3.846538993487308e-7,2.8599210904106104e-7,1.2387040429053063e-8,2.142893718821005e-7,2.713639364060357e-7,3.570705454543345e-7,1.8918371478928659e-7,6.254664216615083e-8,4.940284269930502e-7,7.817640148791439e-8,2.047444297208378e-7,1.7865248667993817e-7,3.0287957935880403e-7,1.6220202706790362e-7,9.396724205617722e-8,1.691990266106684e-7,4.2355419265228987e-7,1.3080205663962322e-7,0.000026197870557612574,1.7137023184739894e-7,2.9864886295197916e-7,1.6170428946754495e-7,7.489393367271894e-9,2.537059883342113e-7,2.646627585190966e-7,2.1022817538211763e-7,8.874025992764941e-8,1.6176702557009932e-7,3.9237722609371654e-7,1.3091370281183437e-7,1.1672711319120445e-7,3.312547803366406e-7,2.991111958605918e-7,2.2990728503979765e-7,4.134235338678583e-8,2.722781950141333e-7,2.9237650640936256e-7,3.161581086630345e-8,0.000015610219254073072,2.3752425188706376e-7,3.8226287312892014e-7,2.7239783159494244e-7,1.891770320990635e-8,2.2023835578888933e-7,2.7196625274237406e-7,3.4681049171620294e-7,2.0139864615662248e-7,6.50572886696759e-8,4.940352482698036e-7,7.199796277316405e-8,1.96004468843338e-7,1.9114136860841941e-7,3.036979658154854e-7,1.5697329217563574e-7,9.231545861211092e-8,1.81457468035531e-7,4.263971602982731e-7,1.338925732561297e-7,0.000011272400182520907,1.7383049434869825e-7,3.033848145559985e-7,1.5910328327529837e-7,1.2275381201842927e-8,2.583545797081609e-7,2.64018675572391e-7,2.091644643623117e-7,8.820775719733048e-8,1.6552614847415502e-7,3.923970174845851e-7
2.644417731576029e-7,8.313407697768147e-8,5.089673289293637e-7,1.1755451807944494e-7,1.5845679679388685e-7,1.1363089684742226e-7,3.519804512255746e-8,1.7024520992354577e-7,1.8438527642831792e-7,2.4080429155862086e-7,9.06324177104384e-6,5.057948032256701e-7,4.25027176478664e-7,1.2888651396255828e-7,3.0206832726361106e-8,1.0079398272427041e-7,2.0440377218767262e-7,9.016341363204922e-8,1.3654060955917006e-7,3.4049594050217164e-7,9.47996870746778e-8,3.107656612564688e-7,2.2380132573766752e-7,1.4298109317936682e-7,1.537247180939729e-7,1.605099343356379e-7,2.113746665978901e-8,5.792773381046306e-8,3.3416377286611283e-7,5.537627929723049e-7,0.000012503415492092221,2.383588120783593e-7,3.46465635434565e-7,7.873671647723133e-8,1.7793512758609117e-8,8.812941490026864e-8,1.9849444040663117e-7,1.2485413441269134e-7,3.983985121868759e-7,1.0252522443688466e-7,2.650946174269527e-7,8.262551953725168e-8,5.10556954342656e-7,1.2023751966350062e-7,1.5860319175127358e-7,1.1042322242221591e-7,3.5456147094728426e-8,1.7152269043312641e-7,1.8700549469636926e-7,2.2922248325897314e-7,0.00002104261161600303,5.055937754805484e-7,4.206445846948358e-7,1.2714692985650092e-7,3.043391962155466e-8,1.0461558181125491e-7,2.049272409960615e-7,8.825260746339974e-8,1.4417596510278976e-7,3.515000717370608e-7,9.461897586480657e-8,3.002849824191072e-7,2.1717606104831118e-7,1.4496360478977124e-7,1.541074595697006e-7,1.5815512167716098e-7,2.3278049038674665e-8,5.843950607945139e-8,3.413032689591321e-7,5.54496281219935e-7,0.00006283590044577311,2.500071083183633e-7,3.462702014601057e-7,7.596270458416095e-8,1.813878861569245e-8,8.989300331563913e-8,1.9764034442295314e-7,1.2311908742959974e-7,3.983284674088721e-7,1.0626018315328296e-7,0.00009908689980127457,8.212484105906118e-8,5.115581343407413e-7,1.2277741146775965e-7,1.5869175783222916e-7,1.0715066504629912e-7,3.656933922159808e-8,1.7287910930206764e-7,1.892553790113455e-7,2.1788223016453504e-7,0.00006286200778718247,5.051485550658483e-7,4.1556588289259935e-7,1.252123149970654e-7,3.1303430199753805e-8,1.0836586465576807e-7,2.052822205124482e-7,8.644247668064984e-8,1.5157940583537669e-7,3.6235515632422455e-7,9.454666778865437e-8,2.89526033117801e-7,2.100571679318921e-7,1.468517953896216e-7,1.5431688713811008e-7,1.5571138508967403e-7,2.578374266555722e-8,5.893213613863808e-8,3.478004317894413e-7,5.550532081258647e-7,0.000021068646087548152,2.617638327959912e-7,3.4561950480208276e-7,7.325627814390951e-8,1.9333804796227316e-8,9.163072238532934e-8,1.9672397741764842e-7,1.2137738339770423e-7,3.9774886656494386e-7,1.0998864766098969e-7,2.650748669090419e-7,8.163443086593793e-8,5.119690598793977e-7,1.2515595917304022e-7,1.5872360556381555e-7,1.0382095523154253e-7,3.8434225352204625e-8,1.7431500460359938e-7,1.911331122648588e-7,2.0682685604042495e-7,0.00001252957397037459,5.044837337064199e-7,4.097946248621267e-7,1.2307368147987086e-7,3.2741079185601506e-8,1.120393121573962e-7,2.0546663698285272e-7,8.474445878403891e-8,1.587014559362666e-7,3.7302519139824903e-7,9.458920171015628e-8,2.785172311783725e-7,2.0245421711005778e-7,1.486418380289486e-7,1.543526413384783e-7,1.531815427020914e-7,2.857867461485551e-8,5.940680894077405e-8,3.536518039340904e-7,5.554094883671875e-7,9.089188207114905e-6,2.7360437434836374e-7,3.44516312538953e-7,7.061705578323565e-8,2.1262311223240902e-8,9.333435417331847e-8,1.9574512752092748e-7,1.196573875523361e-7,3.9665962119751364e-7,1.1369113574622493e-7,2.644034296690738e-7
2.709109514643402e-6,2.531657039805306e-7,5.020386502181801e-7,9.704839808845186e-8,1.6667817357471672e-7,1.2592872819110756e-7,1.0083912594663667e-7,3.5193174220688395e-7,2.2429526715746769e-7,1.574930118712949e-6,0.00004082664051332439,3.774646287296238e-7,2.839404346342453e-7,2.4579159090328375e-7,1.1923587527006493e-7,1.4168417831244668e-7,1.655884165708258e-7,7.720962230330735e-8,6.208440301868528e-7,1.4902446909045103e-6,2.228222327820911e-6,1.2914049625342839e-6,6.853336940210668e-7,8.56938666892168e-8,1.7951242049281344e-7,1.4324644204390794e-7,9.699494309041003e-8,2.4781372248845674e-7,2.58220549294026e-7,2.602787100243759e-7,0.00005777091075550524,1.5053899659588023e-6,1.0233183354181976e-7,3.4068020854712856e-7,1.1284544203568402e-7,1.3106704284443225e-7,1.6895625642331549e-7,8.719094255890702e-8,5.813456811054191e-7,1.3643869077617846e-7,2.7116860290803278e-6,2.6560437889706167e-7,4.969427889461433e-7,9.221372132666371e-8,1.692496779516097e-7,1.233440336909625e-7,1.0436256691016697e-7,3.4854645266588593e-7,2.1320221849633836e-7,1.5739155084419145e-6,0.00009568853346379105,3.51223537612007e-7,3.0472764740401475e-7,2.475459210524627e-7,1.1531747695832435e-7,1.4397011716592718e-7,1.6300433414723618e-7,7.048460413890281e-8,6.164075395192467e-7,1.4451735806115322e-6,2.228115891243537e-6,1.3387186194152546e-6,6.917856607160584e-7,8.859441293982696e-8,1.8214714676618148e-7,1.4167424154492155e-7,1.0045812812236156e-7,2.45683476266686e-7,2.379627426023735e-7,2.8332928641232604e-7,0.00028808114336225217,1.5113218629140863e-6,1.121149156587837e-7,3.45333259851304e-7,1.0969843097434954e-7,1.3313655236086957e-7,1.6635832746392805e-7,9.166773802015244e-8,5.861685763581355e-7,1.195965182510289e-7,0.00044943360458889816,2.786331202873971e-7,4.913914049336758e-7,8.735619909791141e-8,1.717361370050108e-7,1.2073884649023043e-7,1.0783211522679224e-7,3.4487542002241404e-7,2.0217984845185982e-7,1.571294306955139e-6,0.00028806455615161086,3.2498868690614055e-7,3.2578446289070447e-7,2.4923170413758817e-7,1.1127954078015005e-7,1.4621029497440033e-7,1.6039852620703455e-7,6.421670785685524e-8,6.116803195439406e-7,1.3994952170419733e-6,2.2285359238166608e-6,1.3854794831907013e-6,6.979457201709581e-7,9.231003523890153e-8,1.8476938839013804e-7,1.4006120308779207e-7,1.0382981268551696e-7,2.435126957629893e-7,2.1801913522052514e-7,3.0679585035924224e-7,0.00009567257291550142,1.5157039992465338e-6,1.2195227527279013e-7,3.497350216298259e-7,1.0649718859731092e-7,1.3518845621530118e-7,1.6368365659985938e-7,9.626879539458269e-8,5.905496951157678e-7,1.0350203117985084e-7,2.710984593513752e-6,2.922916081890865e-7,4.853983096346051e-7,8.252017152042403e-8,1.741354887615654e-7,1.1811506731492753e-7,1.11246929091034e-7,3.409287378400055e-7,1.9121823497321485e-7,1.5671235046785883e-6,0.00005775370195795641,2.988372568817283e-7,3.470733613250385e-7,2.508502944315654e-7,1.0712329535689321e-7,1.4840229007595824e-7,1.577743686062304e-7,5.855086121350748e-8,6.066871056166396e-7,1.3532643610845534e-6,2.2294817051235745e-6,1.4316312260062697e-6,7.037870412136854e-7,9.675403886321886e-8,1.873760594867771e-7,1.3840963664570966e-7,1.0710736158190665e-7,2.4129994414338106e-7,1.984435528989062e-7,3.305282675287482e-7,0.000040811313359704293,1.5184790114066056e-6,1.3185537252569645e-7,3.5387504963672264e-7,1.0324228375788098e-7,1.3722137689706414e-7,1.6093543875098656e-7,1.0092906251685339e-7,5.94474642996064e-7,8.81353291847159e-8,2.7077053793718624e-6
0.001053688000727695,0.00038910319004659344,0.0002099085138902205,5.149421980770324e-6,0.00011886380910389092,0.00009090451072506715,0.00004092517894322484,0.0001588056446980603,0.0001242830571101082,0.00024386119792114305,0.022630247860883988,0.0002701090362281989,0.00010297445907888529,0.00015762342409961794,0.00005113573138850736,0.00008335459713501338,0.00012361954948232696,0.000015401263822640035,0.00020441154391538175,0.0004318521399010266,0.0010621652436510226,0.0003954212270619647,0.00020910008634622662,5.758789400776232e-6,0.00011966089060365612,0.00008987170135127134,0.00004234322533466584,0.00015876525083146275,0.00012106058086490272,0.0002475393531940693,0.03168953263417867,0.0002668817883691007,0.00010615420590849817,0.0001578053814470543,0.000049769048224459776,0.00008446635577870558,0.00012292501468175887,0.00001358059320855762,0.00020548615387680938,0.00042538178344697815,0.0010540719098966317,0.00040117344109287214,0.00020859030085573497,6.894330903762366e-6,0.00012028558471133556,0.00008881164383279093,0.000043906692106396495,0.00015856535734730336,0.00011823396643185542,0.00025191751041146135,0.05284588704276363,0.0002629659814014917,0.0001089941059304113,0.0001580965106719636,0.00004823989147859124,0.00008557912593331319,0.00012236891363925884,0.000011709446105589439,0.0002061315020632322,0.0004196865660389878,0.001062427158969814,0.00040754139703959226,0.0002076938890879588,8.323577065248068e-6,0.00012104905714954272,0.00008775191348344602,0.00004530844386662547,0.0001584774383399634,0.00011502397990240939,0.00025544506981110685,0.15854963247005774,0.0002595887151883277,0.00011218983186245798,0.00015823162604794273,0.00004685527901677929,0.0000866651777870792,0.00012163962883707447,9.998961342565674e-6,0.0002071166624469583,0.0004132678527617169,0.24800706159377986,0.00041326785276171626,0.00020711666244695932,9.998961342561796e-6,0.00012163962883707392,0.0000866651777870775,0.0000468552790167791,0.00015823162604794092,0.0001121898318624583,0.0002595887151883297,0.15854963247005774,0.00025544506981110485,0.0001150239799024114,0.0001584774383399635,0.000045308443866622745,0.00008775191348344849,0.00012104905714954826,8.323577065246423e-6,0.00020769388908795867,0.00040754139703959226,0.0010624271589698118,0.0004196865660389879,0.00020613150206322638,0.000011709446105590132,0.00012236891363925852,0.00008557912593331171,0.00004823989147860142,0.00015809651067196428,0.00010899410593041413,0.0002629659814014922,0.05284588704276363,0.000251917510411461,0.0001182339664318565,0.00015856535734730395,0.00004390669210639547,0.00008881164383279127,0.00012028558471133725,6.8943309037672545e-6,0.0002085903008557389,0.00040117344109286666,0.0010540719098966341,0.00042538178344698064,0.00020548615387680326,0.000013580593208557226,0.00012292501468175702,0.00008446635577870744,0.000049769048224464275,0.00015780538144705272,0.00010615420590849734,0.000266881788369102,0.03168953263417866,0.0002475393531940681,0.000121060580864901,0.00015876525083146283,0.00004234322533466712,0.00008987170135127471,0.00011966089060365518,5.758789400773039e-6,0.00020910008634622874,0.0003954212270619657,0.0010621652436510194,0.0004318521399010263,0.0002044115439153792,0.000015401263822645042,0.00012361954948232924,0.0000833545971350104,0.00005113573138850866,0.0001576234240996165,0.00010297445907888269,0.00027010903622819675,0.022630247860883985,0.000243861197921143,0.00012428305711010542,0.00015880564469805775,0.000040925178943230105,0.00009090451072506799,0.00011886380910388845,5.1494219807719535e-6,0.0002099085138902273,0.0003891031900465919,0.001053688000727695
2.707705379371864e-6,8.813532918470648e-8,5.944746429960409e-7,1.0092906251685743e-7,1.60935438750988e-7,1.3722137689706331e-7,1.0324228375787541e-7,3.5387504963672947e-7,1.3185537252569568e-7,1.5184790114066077e-6,0.00004081131335970422,3.3052826752875894e-7,1.984435528989012e-7,2.4129994414337894e-7,1.0710736158189953e-7,1.3840963664570678e-7,1.8737605948678348e-7,9.675403886322271e-8,7.03787041213687e-7,1.431631226006259e-6,2.2294817051235804e-6,1.353264361084544e-6,6.066871056166294e-7,5.8550861213509416e-8,1.5777436860623117e-7,1.484022900759536e-7,1.0712329535688522e-7,2.5085029443155705e-7,3.470733613250376e-7,2.9883725688172836e-7,0.00005775370195795633,1.567123504678592e-6,1.9121823497321003e-7,3.409287378399989e-7,1.1124692909102046e-7,1.181150673149212e-7,1.7413548876157687e-7,8.252017152042821e-8,4.853983096346069e-7,2.922916081890753e-7,2.7109845935137537e-6,1.0350203117984001e-7,5.905496951157557e-7,9.626879539458359e-8,1.6368365659986357e-7,1.3518845621530274e-7,1.0649718859731474e-7,3.4973502162981013e-7,1.2195227527279178e-7,1.5157039992465308e-6,0.00009567257291550124,3.0679585035924626e-7,2.1801913522051195e-7,2.435126957629812e-7,1.0382981268549682e-7,1.4006120308780025e-7,1.84769388390139e-7,9.231003523891217e-8,6.979457201709607e-7,1.3854794831906874e-6,2.228535923816668e-6,1.3994952170419597e-6,6.116803195439329e-7,6.421670785685833e-8,1.603985262070279e-7,1.4621029497439723e-7,1.1127954078015479e-7,2.49231704137584e-7,3.257844628907022e-7,3.2498868690613467e-7,0.0002880645561516103,1.5712943069551442e-6,2.021798484518536e-7,3.448754200224093e-7,1.0783211522678775e-7,1.207388464902443e-7,1.7173613700501024e-7,8.735619909790355e-8,4.913914049336652e-7,2.7863312028738345e-7,0.00044943360458889734,1.1959651825101242e-7,5.861685763581278e-7,9.166773802015907e-8,1.6635832746392848e-7,1.3313655236086306e-7,1.096984309743471e-7,3.4533325985129797e-7,1.1211491565877819e-7,1.5113218629140904e-6,0.0002880811433622517,2.8332928641233647e-7,2.379627426023778e-7,2.456834762666743e-7,1.0045812812234895e-7,1.416742415449233e-7,1.8214714676619858e-7,8.859441293982916e-8,6.917856607160524e-7,1.3387186194152461e-6,2.2281158912435415e-6,1.4451735806115254e-6,6.164075395192274e-7,7.048460413890524e-8,1.6300433414723936e-7,1.4397011716591913e-7,1.1531747695834102e-7,2.4754592105246246e-7,3.047276474040251e-7,3.5122353761201154e-7,0.00009568853346379089,1.5739155084419208e-6,2.1320221849632338e-7,3.485464526658779e-7,1.0436256691015718e-7,1.2334403369096552e-7,1.6924967795161272e-7,9.221372132665721e-8,4.969427889461527e-7,2.656043788970457e-7,2.7116860290803392e-6,1.364386907761693e-7,5.813456811053983e-7,8.719094255890305e-8,1.689562564233076e-7,1.3106704284443678e-7,1.1284544203569535e-7,3.406802085471225e-7,1.0233183354180905e-7,1.5053899659588002e-6,0.000057770910755505135,2.6027871002438214e-7,2.582205492940199e-7,2.478137224884503e-7,9.699494309040456e-8,1.4324644204391403e-7,1.7951242049281935e-7,8.569386668921541e-8,6.853336940210651e-7,1.2914049625342741e-6,2.228222327820907e-6,1.4902446909045014e-6,6.208440301868435e-7,7.720962230331664e-8,1.6558841657082952e-7,1.4168417831244218e-7,1.192358752700639e-7,2.4579159090327374e-7,2.839404346342388e-7,3.7746462872961676e-7,0.00004082664051332433,1.5749301187129495e-6,2.2429526715746493e-7,3.519317422068732e-7,1.0083912594664409e-7,1.2592872819111753e-7,1.6667817357472133e-7,9.704839808843765e-8,5.02038650218189e-7,2.531657039805201e-7,2.709109514643415e-6
2.6440342966903735e-7,1.136911357462089e-7,3.96659621197516e-7,1.196573875523362e-7,1.95745127520926e-7,9.333435417332099e-8,2.1262311223245134e-8,7.061705578323026e-8,3.4451631253895264e-7,2.73604374348355e-7,9.089188207115183e-6,5.554094883671806e-7,3.536518039340884e-7,5.940680894077399e-8,2.857867461485443e-8,1.5318154270208693e-7,1.543526413384788e-7,1.4864183802894696e-7,2.02454217110061e-7,2.785172311783766e-7,9.458920171012761e-8,3.730251913982467e-7,1.5870145593627096e-7,8.474445878403871e-8,2.054666369828517e-7,1.12039312157397e-7,3.27410791856026e-8,1.2307368147986824e-7,4.0979462486212386e-7,5.0448373370641e-7,0.00001252957397037497,2.0682685604042323e-7,1.911331122648585e-7,1.7431500460359544e-7,3.8434225352202666e-8,1.0382095523154057e-7,1.5872360556381796e-7,1.2515595917303887e-7,5.119690598793935e-7,8.163443086592637e-8,2.650748669090064e-7,1.0998864766097509e-7,3.977488665649456e-7,1.213773833977049e-7,1.9672397741764527e-7,9.163072238533329e-8,1.9333804796227825e-8,7.325627814390393e-8,3.4561950480208223e-7,2.6176383279598133e-7,0.00002106864608754881,5.550532081258591e-7,3.4780043178943847e-7,5.893213613863951e-8,2.578374266555661e-8,1.5571138508967292e-7,1.5431688713811235e-7,1.4685179538962112e-7,2.1005716793189626e-7,2.8952603311780405e-7,9.45466677886273e-8,3.6235515632422227e-7,1.5157940583538018e-7,8.644247668064864e-8,2.0528222051244596e-7,1.0836586465576972e-7,3.130343019975215e-8,1.2521231499706524e-7,4.155658828925953e-7,5.051485550658383e-7,0.00006286200778718441,2.1788223016453324e-7,1.89255379011346e-7,1.72879109302063e-7,3.656933922159419e-8,1.0715066504629746e-7,1.586917578322296e-7,1.227774114677612e-7,5.115581343407374e-7,8.212484105904924e-8,0.00009908689980127766,1.0626018315326654e-7,3.983284674088716e-7,1.2311908742959997e-7,1.9764034442295224e-7,8.989300331564275e-8,1.8138788615694802e-8,7.596270458415563e-8,3.4627020146010653e-7,2.5000710831835325e-7,0.00006283590044577509,5.544962812199284e-7,3.4130326895913126e-7,5.843950607945426e-8,2.327804903867506e-8,1.581551216771586e-7,1.541074595697026e-7,1.4496360478977028e-7,2.1717606104831197e-7,3.0028498241911027e-7,9.461897586478089e-8,3.515000717370588e-7,1.441759651027905e-7,8.825260746339851e-8,2.0492724099605817e-7,1.0461558181125482e-7,3.043391962155507e-8,1.2714692985649947e-7,4.206445846948343e-7,5.055937754805379e-7,0.0000210426116160037,2.2922248325896907e-7,1.8700549469637018e-7,1.7152269043312072e-7,3.545614709472845e-8,1.104232224222134e-7,1.5860319175127641e-7,1.2023751966350044e-7,5.105569543426508e-7,8.262551953723998e-8,2.650946174269148e-7,1.0252522443686814e-7,3.9839851218687725e-7,1.2485413441269255e-7,1.9849444040662805e-7,8.81294149002717e-8,1.7793512758608766e-8,7.873671647722592e-8,3.464656354345665e-7,2.3835881207835045e-7,0.000012503415492092619,5.537627929722988e-7,3.3416377286610976e-7,5.792773381046611e-8,2.1137466659789855e-8,1.6050993433563672e-7,1.53724718093974e-7,1.4298109317936594e-7,2.2380132573766905e-7,3.107656612564702e-7,9.47996870746528e-8,3.404959405021698e-7,1.365406095591741e-7,9.016341363205135e-8,2.0440377218767074e-7,1.0079398272427009e-7,3.02068327263619e-8,1.2888651396255748e-7,4.250271764786612e-7,5.057948032256613e-7,9.063241771044133e-6,2.4080429155861795e-7,1.8438527642832014e-7,1.702452099235403e-7,3.5198045122556595e-8,1.1363089684742135e-7,1.5845679679388817e-7,1.1755451807944676e-7,5.089673289293582e-7,8.313407697766996e-8,2.6444177315756616e-7
3.9239701748457593e-7,1.6552614847415544e-7,8.820775719733437e-8,2.0916446436231363e-7,2.6401867557239275e-7,2.58354579708164e-7,1.2275381201842505e-8,1.59103283275296e-7,3.033848145559971e-7,1.7383049434869743e-7,0.000011272400182520717,1.338925732561333e-7,4.263971602982719e-7,1.8145746803553077e-7,9.231545861211131e-8,1.5697329217563677e-7,3.0369796581548714e-7,1.9114136860842368e-7,1.9600446884333773e-7,7.199796277316543e-8,4.940352482697941e-7,6.505728866967756e-8,2.013986461566243e-7,3.468104917162045e-7,2.7196625274237517e-7,2.2023835578889052e-7,1.891770320990646e-8,2.723978315949441e-7,3.8226287312892014e-7,2.3752425188706369e-7,0.000015610219254072805,3.1615810866304425e-8,2.923765064093604e-7,2.7227819501413223e-7,4.134235338678715e-8,2.2990728503980213e-7,2.9911119586059043e-7,3.3125478033664433e-7,1.1672711319120699e-7,1.3091370281183757e-7,3.923772260937054e-7,1.6176702557010035e-7,8.874025992765262e-8,2.102281753821192e-7,2.6466275851909847e-7,2.5370598833421264e-7,7.489393367271952e-9,1.6170428946754386e-7,2.9864886295197815e-7,1.713702318473976e-7,0.00002619787055761212,1.3080205663962595e-7,4.235541926522907e-7,1.6919902661066744e-7,9.396724205617782e-8,1.622020270679052e-7,3.0287957935880663e-7,1.7865248667993968e-7,2.0474442972083848e-7,7.817640148791531e-8,4.940284269930387e-7,6.254664216615365e-8,1.8918371478928603e-7,3.570705454543343e-7,2.713639364060386e-7,2.1428937188210285e-7,1.2387040429051096e-8,2.859921090410605e-7,3.8465389934873257e-7,2.4043201333485996e-7,0.00007826918544985983,3.163748312787317e-8,2.994273264492233e-7,2.7154838372188434e-7,3.860498276408483e-8,2.359110738308681e-7,3.007896514712441e-7,3.331392040926234e-7,1.1528627359651132e-7,1.3782983091348028e-7,0.00012267604908735815,1.579457675633423e-7,8.93391590128039e-8,2.1111337875534217e-7,2.649454265003104e-7,2.489048981833827e-7,8.019919804730787e-9,1.6439337054043646e-7,2.936295275630789e-7,1.6885953567376595e-7,0.00007821043037038009,1.2771754535676466e-7,4.2059196768982583e-7,1.5668270460771624e-7,9.61146635979723e-8,1.6724366268753265e-7,3.0190469899541964e-7,1.663883082162419e-7,2.138934524799984e-7,8.440717336923588e-8,4.936864963532973e-7,6.046701370362158e-8,1.7721853733736913e-7,3.6740807544547134e-7,2.705888111429043e-7,2.0818344800532608e-7,1.2786203311181222e-8,2.992456608912055e-7,3.869577714659069e-7,2.4327648953358773e-7,0.000026138863461472217,3.1912365367297516e-8,3.0615069854052514e-7,2.7078767523211444e-7,3.768070776286527e-8,2.4182186957134816e-7,3.021403694692383e-7,3.3476713692787654e-7,1.1391772188367817e-7,1.4460223185013074e-7,3.917331517589039e-7,1.540965716640072e-7,8.99812489949179e-8,2.118322408145921e-7,2.648623921567492e-7,2.439560627125027e-7,1.3407523272971253e-8,1.6715177067505066e-7,2.8834371688175e-7,1.6631083856611273e-7,0.000015551744128706086,1.2464345737015507e-7,4.175154031260363e-7,1.4394210483168914e-7,9.874208414422127e-8,1.7209297370130912e-7,3.0077125878325817e-7,1.5440877199272918e-7,2.234044556696806e-7,9.064142079645595e-8,4.930098166335489e-7,5.890985755356422e-8,1.655366806985643e-7,3.77800618722638e-7,2.6964437766704667e-7,2.0193171424086674e-7,1.949522966413022e-8,3.121358503615475e-7,3.8916455316983145e-7,2.460564752758501e-7,0.000011213166715470135,3.238780248760671e-8,3.1252855756786906e-7,2.6999742178981097e-7,3.8640894763351625e-8,2.476282699110606e-7,3.0316203071191534e-7,3.361263687465259e-7,1.1263594850682349e-7,1.512061613016343e-7,3.911098560702094e-7
8.053383693975479e-7,1.5101484835853516e-7,2.7960864943746035e-7,9.904081719153778e-8,1.4375318895979635e-7,7.89403887371773e-9,1.2603364322639156e-7,9.864170358129927e-8,1.1518963969999579e-7,4.5301686272231234e-7,6.4566956170659475e-6,5.168025003090282e-7,7.538458409257112e-8,1.906345220389406e-7,1.653964549527781e-7,5.872786111406934e-8,1.5424598178063396e-7,6.361453807270479e-8,2.6536112797735765e-7,1.6048702581668522e-7,7.782978628698304e-7,1.2666917581418983e-7,2.8055614763679415e-7,1.478138919008761e-7,1.9077070105474168e-7,9.187317511156982e-8,1.2437807184352488e-7,8.351089214951911e-8,1.049392132752278e-7,5.05598046772197e-7,9.082861112543615e-6,4.799435990921038e-7,7.68561159801262e-8,6.000180843551491e-8,1.2231796891186364e-7,1.064602223605109e-7,9.645998660071113e-8,1.3779897693037085e-7,2.749383148869605e-7,2.0821020204920129e-7,8.065024465699168e-7,1.6015014240667174e-7,2.81185905291639e-7,1.0255378036339651e-7,1.4914811052839917e-7,9.371242054279527e-9,1.1977857580066692e-7,9.722717962482154e-8,1.0757630930303842e-7,4.5326735027324484e-7,0.000015163662941029948,5.148818017944288e-7,8.096771270536675e-8,1.9259585257696666e-7,1.6793256624848126e-7,5.958487147657875e-8,1.4828366125093102e-7,6.317211483012352e-8,2.666258713792951e-7,1.4933914071614168e-7,7.780923808009639e-7,1.386750301631147e-7,2.8181824785264667e-7,1.4639722692949257e-7,1.8935444527343718e-7,9.411802615441338e-8,1.1857796082801496e-7,8.196257782933338e-8,1.0320031419907423e-7,5.075518239237906e-7,0.00004561433906367478,4.80740480336276e-7,8.30121136312058e-8,5.967580406100788e-8,1.2270010986808842e-7,1.0788143242298238e-7,8.989435559567599e-8,1.372992089113296e-7,2.717095644991953e-7,1.9782354217096494e-7,0.00007093520662476337,1.6936788783950491e-7,2.826382819005267e-7,1.0585112596502326e-7,1.5446978134254423e-7,1.0725745464258713e-8,1.1347693475513264e-7,9.584454365077477e-8,1.0003582533362972e-7,4.5331792277060455e-7,0.00004568892246989855,5.126572300403399e-7,8.672015937977013e-8,1.9423670877112608e-7,1.704095474054356e-7,6.029235882351309e-8,1.4223163977152267e-7,6.300295774110644e-8,2.6786056655217777e-7,1.383989354159646e-7,7.776774265098614e-7,1.5088964233562198e-7,2.8298464151446104e-7,1.4467991277722424e-7,1.8798930477242022e-7,9.641946008846616e-8,1.1268141567915607e-7,8.016628256219698e-8,1.017651848554785e-7,5.091882244467443e-7,0.000015237668593938882,4.813112225502567e-7,8.934765941223568e-8,5.9148922368835525e-8,1.2337386322417305e-7,1.0942016095414518e-7,8.330487578864861e-8,1.3663652119153762e-7,2.6828812425753777e-7,1.8746200982918744e-7,8.078369765542547e-7,1.78661057478616e-7,2.839580852454725e-7,1.0893895936051716e-7,1.5969559250700836e-7,1.1964064021736299e-8,1.071581313160847e-7,9.450399007289482e-8,9.259850869656115e-8,4.531759334597014e-7,9.158101414213755e-6,5.101297657363746e-7,9.26304321133258e-8,1.9555899672060626e-7,1.7280945072196013e-7,6.0853821222981e-8,1.3611000317458096e-7,6.309520311850754e-8,2.6906138362014325e-7,1.2769662310056385e-7,7.770534493073571e-7,1.632802821052797e-7,2.840554217920311e-7,1.4266790306087404e-7,1.8667115004278663e-7,9.877683339212669e-8,1.0671291636911885e-7,7.811683391841735e-8,1.0062156236064024e-7,5.105059873059826e-7,6.530203139917319e-6,4.81647710653362e-7,9.583074746799314e-8,5.842692892367735e-8,1.2431490485709444e-7,1.1107089848739744e-7,7.673344820364543e-8,1.3581761803110405e-7,2.646846004886954e-7,1.7712968391744302e-7,8.080061010827285e-7
9.6612579647193e-7,1.1300366590584045e-7,3.1357319666426555e-7,5.0249150402605014e-8,2.4333477889607834e-7,3.1606979844691036e-7,8.506450867415175e-8,2.805691205360996e-9,1.8381388304772055e-7,5.527246103184214e-7,8.182409373981864e-6,5.933892016397626e-7,6.014312836297176e-8,1.1026961844426064e-7,1.0427194903708721e-7,3.9293100942401667e-7,1.6500992490311578e-7,1.504793536828513e-7,2.7049868094129106e-7,1.3658142900878941e-7,9.69141020944042e-7,8.943507621655333e-8,2.657828335978373e-7,7.304210300017821e-8,2.179536712359965e-7,3.0206754959811236e-7,1.6724849158639238e-7,8.800279818420353e-8,9.540092800092888e-8,5.61824318523982e-7,0.000011493683558915417,5.871827039352558e-7,8.383408065633688e-8,3.585684930723682e-8,1.712225613508498e-7,2.523475702232852e-7,1.2117019527344138e-7,1.9130691434573843e-7,2.9390957478720903e-7,1.3512913218149737e-7,9.665389617912897e-7,1.2056945963845336e-7,3.191102610619596e-7,5.2486791082949455e-8,2.4176411210188017e-7,3.1717257725585393e-7,9.267807521791463e-8,6.802879088912268e-9,1.828020501396384e-7,5.511881115903205e-7,0.000019207259400389628,5.948423601042004e-7,5.479283454639707e-8,1.1131888123792241e-7,9.851001342745578e-8,3.952749049657995e-7,1.690523321575006e-7,1.497032676742071e-7,2.6695474164913517e-7,1.2172597537264243e-7,9.6993794590885e-7,1.012568864050375e-7,2.699519885464507e-7,7.286387607365925e-8,2.132849806910788e-7,3.016256486489016e-7,1.6865460451170202e-7,8.687317680087553e-8,9.814924760151041e-8,5.626151980411904e-7,0.00005774313607278465,5.883457295651296e-7,8.59930069699206e-8,3.253394976315299e-8,1.6717527774204465e-7,2.5226219674384256e-7,1.2695285044666678e-7,1.891396183791653e-7,2.90284368680631e-7,1.223228180401826e-7,0.00008984283857854601,1.2928961860038646e-7,3.2447851472999074e-7,5.469306308939354e-8,2.4017324972850614e-7,3.177650409863366e-7,1.001382470312492e-7,1.109932137975878e-8,1.8188376925859916e-7,5.493281651235686e-7,0.00005783097385726838,5.959146852992483e-7,4.92848998288542e-8,1.12263368038673e-7,9.260421315808458e-8,3.9704015036148415e-7,1.7298687787830876e-7,1.488409627065025e-7,2.6337057783384976e-7,1.0707073974724933e-7,9.703791338725444e-7,1.137701459170025e-7,2.74029478933689e-7,7.247414062666827e-8,2.0838764020723452e-7,3.0055481356539345e-7,1.7006158272999298e-7,8.580222668771555e-8,1.0115681571777466e-7,5.630350627209204e-7,0.000019295719130123015,5.891733947634892e-7,8.865264725638902e-8,2.970539348951699e-8,1.6319112960634693e-7,2.5160944745770057e-7,1.3258552170943724e-7,1.8679636733893587e-7,2.8651878306588644e-7,1.0969447558648611e-7,9.661541489402924e-7,1.3898607445888648e-7,3.29669195692955e-7,5.6828037949430747e-8,2.385792499840669e-7,3.178466572050236e-7,1.0742106130461153e-7,1.544984170675963e-8,1.810540885865176e-7,5.471536235608266e-7,0.000011580966573976688,5.966016202928647e-7,4.364542728335361e-8,1.1310066843434639e-7,8.657235465256705e-8,3.9822692256189814e-7,1.7678552397436804e-7,1.4789458174851344e-7,2.59755729167421e-7,9.264877891908598e-8,9.70464111480242e-7,1.2681735872968724e-7,2.780089197481501e-7,7.187094567820032e-8,2.0328334446731441e-7,2.9885584550252435e-7,1.7144451899388372e-7,8.480080884122717e-8,1.0436178890941265e-7,5.630862752768263e-7,8.271554972412924e-6,5.896587013428037e-7,9.179067892890199e-8,2.7512224700324545e-8,1.59315150164071e-7,2.5039074948991673e-7,1.380440252477666e-7,1.842829305137043e-7,2.8262368997597467e-7,9.726497127934128e-8,9.653570601932345e-7
5.218917687561549e-7,1.1122856492933376e-7,1.5225988855644218e-7,2.9780571329439065e-7,2.5477903999452025e-7,2.914862023192513e-7,1.4245930858155784e-7,2.4088989256780394e-7,3.149146806835591e-7,3.1309934840713807e-7,9.658255899356189e-6,2.0310994884472766e-7,3.535920107005645e-7,2.405582675830465e-7,1.230467476808102e-7,1.1526040233821624e-7,4.5627840277924107e-7,2.3865639080080096e-7,1.9458766040924596e-7,1.3882676080104894e-7,4.731040039670843e-7,1.3005314425055804e-7,1.6261328262344372e-7,2.578055912855211e-7,2.408525514501103e-7,1.9252041164282372e-7,1.4829149598838944e-7,2.2466629642057377e-7,3.1717550954181765e-7,3.0527380402930635e-7,0.000013526860238265777,1.842313659420244e-7,3.462008722336543e-7,1.7575413764191163e-7,6.918368266261142e-8,2.2178916729849285e-7,1.6900462582797956e-7,2.561746185086254e-7,1.8878406378475294e-7,1.0240626435323249e-7,5.21453628988629e-7,1.1088852067789062e-7,1.4662411929919042e-7,3.0371978196439134e-7,2.5766686755338613e-7,2.8465444120591775e-7,1.482801128491389e-7,2.455700815264004e-7,3.1235663174366913e-7,3.108077575375746e-7,0.000022507052082882474,2.0186996646559975e-7,3.557418802312131e-7,2.3493962830881856e-7,1.3097512720550407e-7,1.2243286701684335e-7,4.553257797239822e-7,2.3150402499476715e-7,1.9814809400064883e-7,1.4366553358842678e-7,4.7347830974623855e-7,1.2812263960897262e-7,1.5521501360131033e-7,2.6438727944861494e-7,2.4337854702189297e-7,1.8902563207106885e-7,1.3830338142845462e-7,2.3026170535633404e-7,3.166554958684516e-7,3.065125606883367e-7,0.00006746062657902702,1.8441182800837632e-7,3.473100302631019e-7,1.701102580609936e-7,7.569721876088906e-8,2.256011542900208e-7,1.6972061246310985e-7,2.5205097689324646e-7,1.8811135777762517e-7,1.066320178074137e-7,0.00010547447703252175,1.1077383700923234e-7,1.4132125301365061e-7,3.0953566248651126e-7,2.60467357434612e-7,2.7761697828875593e-7,1.5440574497472333e-7,2.4991437802179606e-7,3.0965745882049167e-7,3.084666194519319e-7,0.00006735929525605142,2.0051267567878343e-7,3.5763492104493824e-7,2.2914505714940655e-7,1.392762427786375e-7,1.2946511221136438e-7,4.5408974534539054e-7,2.240745591514919e-7,2.0197339026658683e-7,1.488513766667025e-7,4.7368360713588727e-7,1.2653172518173885e-7,1.4781331324753905e-7,2.707191816449772e-7,2.457878032925611e-7,1.854422378861551e-7,1.2824532778894474e-7,2.356806500042359e-7,3.1593081671355267e-7,3.075591207906379e-7,0.00002240690453013895,1.8467446775256059e-7,3.4830013870876174e-7,1.6428543383412086e-7,8.267869369817034e-8,2.2930644136293878e-7,1.704568777137475e-7,2.4771380028950284e-7,1.8764984392589518e-7,1.1089692559416997e-7,5.195175309959479e-7,1.1090837048654123e-7,1.3637967409744782e-7,3.152413100933463e-7,2.631719929134013e-7,2.703778534778951e-7,1.6080149705129244e-7,2.539185292460612e-7,3.0681843874427995e-7,3.060935045856204e-7,0.000013424408918269387,1.9903414439731497e-7,3.592693905737666e-7,2.2317320408064747e-7,1.478541282994077e-7,1.3634967991748685e-7,4.525783579357904e-7,2.163660047737422e-7,2.0603733396236093e-7,1.5430875959294263e-7,4.737190694489435e-7,1.2533195550932043e-7,1.4042385445773757e-7,2.7680187421372956e-7,2.480646185961792e-7,1.8177850199534912e-7,1.1814797826431907e-7,2.4092295441064913e-7,3.1499885511195645e-7,3.0841366619128185e-7,9.55935193850851e-6,1.8500402422830983e-7,3.491708094881705e-7,1.5828853772568892e-7,8.997993954111307e-8,2.328956034224409e-7,1.7121852626922624e-7,2.431620263450444e-7,1.87412572656273e-7,1.1517556931989881e-7,5.180208633768113e-7
3.9185625611763873e-7,2.0199425930436248e-7,1.8760723343234295e-7,9.177075675801019e-8,1.3408319108986107e-7,4.260144612943253e-8,6.541179063194997e-8,9.113608882371186e-8,1.8584493398404042e-7,3.3613227993465145e-7,6.464463863094465e-6,3.565912694721461e-7,1.0338525525455744e-7,2.006385064480551e-7,4.04891411263417e-8,5.374617250111424e-8,7.054649139492166e-8,1.409969360998159e-7,1.5556876824761257e-7,4.310421106104376e-8,3.289062608839056e-7,1.0777401609607458e-7,1.8773656627589806e-7,1.6312223624580905e-7,1.332361156562416e-7,5.1197626905444835e-8,7.210492579072343e-8,1.2179128595815174e-7,1.1646983978685776e-7,3.8385250384323836e-7,9.200174771074688e-6,3.3503735479924456e-7,7.716170585199292e-8,3.691629152265074e-8,3.9510880042175845e-8,1.4008467503196836e-7,6.520695059063764e-8,1.39735062763202e-7,2.718093136306208e-7,1.3539231462845332e-7,3.924000606939835e-7,2.015278012653733e-7,1.8769235019646485e-7,8.778336258024531e-8,1.3319261996650114e-7,4.153163869330837e-8,6.491173441859195e-8,8.536076394949046e-8,1.7904002373717105e-7,3.343514889650257e-7,0.000015094250586224452,3.569317795924835e-7,1.0272401541366224e-7,1.9273476919264064e-7,3.702461627350246e-8,5.51116733460245e-8,7.119587727869024e-8,1.326646369664264e-7,1.608486982052365e-7,3.8971268614144426e-8,3.282981121112054e-7,1.1146708995624159e-7,1.863511453473899e-7,1.534222540354326e-7,1.3528039264773866e-7,5.204838250148007e-8,7.310216595218729e-8,1.230191923193759e-7,1.204286870681404e-7,3.843543963326647e-7,0.0000454521399225924,3.376041247552855e-7,7.81222658362953e-8,3.0095476875645375e-8,3.885907630624139e-8,1.4061683219053365e-7,6.54999240792479e-8,1.4169492950416762e-7,2.697700465349948e-7,1.3354029958538578e-7,0.00007111087364841041,2.010284742752809e-7,1.8782679916889084e-7,8.390862000775392e-8,1.320757460556104e-7,4.0517389691917266e-8,6.428720018872619e-8,7.976730506048568e-8,1.7220797487260547e-7,3.3255739115925016e-7,0.00004532965424103509,3.572302196789167e-7,1.0240009007141093e-7,1.8458625468629754e-7,3.33751266895808e-8,5.644087255474058e-8,7.171673421529404e-8,1.245456800586753e-7,1.6643318296562809e-7,3.5653746659719977e-8,3.2766163457398484e-7,1.1556095086706349e-7,1.8513939962552027e-7,1.4360795232003015e-7,1.3746077203112844e-7,5.29640227477745e-8,7.399378577871191e-8,1.246892680196694e-7,1.246680538318361e-7,3.847154856404605e-7,0.000014971450284265184,3.4013203957262593e-7,7.978065680171261e-8,2.4036277671295895e-8,3.838749438514033e-8,1.4113382385116577e-7,6.567954458795167e-8,1.4376766777774491e-7,2.6757833138972785e-7,1.3170171529363111e-7,3.92770759126117e-7,2.0050694283992193e-7,1.879980799592195e-7,8.022870423810277e-8,1.3072906694706373e-7,3.956525953705237e-8,6.354752789772101e-8,7.438686377833884e-8,1.6539141578033982e-7,3.30754867000037e-7,9.078112529089967e-6,3.5749598843174235e-7,1.0241942796882376e-7,1.7621448288912833e-7,2.9545200790001757e-8,5.773067195794391e-8,7.211225245893271e-8,1.1667022218323572e-7,1.7230361024542416e-7,3.33411508269759e-8,3.2699618055428747e-7,1.2001967268492655e-7,1.8409753973088578e-7,1.3372227327597897e-7,1.3977952069466652e-7,5.394304491567357e-8,7.47756970839556e-8,1.2674237653845667e-7,1.2915720517519182e-7,3.8492662998378016e-7,6.341461804624864e-6,3.426210273113258e-7,8.20568105019059e-8,1.967589272481779e-8,3.810044881351747e-8,1.416351177069412e-7,6.575239252478307e-8,1.459199686535841e-7,2.6525159409303697e-7,1.2987428626103713e-7,3.9259630633532637e-7
1.2450526377410945e-6,1.8111672822506667e-7,3.6332049480051114e-7,4.038893040473465e-8,1.8888482902391674e-7,4.1643428873992764e-8,7.069450425227659e-8,1.6220368594733524e-7,4.056605366107864e-7,7.031470283354023e-7,0.000017034570734326915,5.992788816019511e-7,2.8383197554482555e-7,5.504137753336336e-8,3.431610558311165e-8,1.3099958457923413e-7,4.380304597349819e-8,2.1971815451124986e-7,4.880932786925798e-7,4.2437443084830965e-7,1.3542419443753747e-6,2.7141269788668934e-7,6.213353570681579e-7,1.0568959654816496e-7,1.938956449819664e-7,4.258326299576516e-8,6.962802130969065e-8,1.4114556268696184e-8,1.580987394153352e-7,5.047592603195498e-7,0.000023728601102072394,7.436378417847026e-7,4.526827303743357e-7,1.3795457404921482e-7,4.45441022430944e-8,1.372783575538285e-7,4.219037132864966e-8,2.2718386789746105e-7,3.030029987475104e-7,1.583073166116557e-7,1.2452416501496576e-6,1.8826775339371648e-7,3.626336322884024e-7,3.8864126094788834e-8,1.8837530133752955e-7,3.9468582812077446e-8,6.889105054335272e-8,1.5838192946388874e-7,4.1396160084008766e-7,7.089541509197215e-7,0.00003980773034885443,6.009498362744712e-7,2.863530214734346e-7,5.6921031368654604e-8,3.504298950545948e-8,1.3282251969086157e-7,4.3823360623562095e-8,2.1547452870009467e-7,4.87782187322852e-7,4.1297550824086805e-7,1.3556046388764124e-6,2.8450077446200236e-7,6.240426055602345e-7,1.0861222362870788e-7,1.931326149341513e-7,4.0858156162968727e-8,6.527142738821675e-8,2.0622654350675502e-8,1.5447227984343233e-7,5.06175702849665e-7,0.00011930617774182747,7.38433999568237e-7,4.472881007568302e-7,1.380150202092542e-7,4.530863897791079e-8,1.4027190546258902e-7,4.478692704208829e-8,2.2816723405544088e-7,3.055259345722628e-7,1.4449964141156118e-7,0.00018644966534102836,1.9772326112877383e-7,3.6170904613338075e-7,3.72445130455796e-8,1.8768220623631534e-7,3.723319283643174e-8,6.697956360519888e-8,1.5454028959336608e-7,4.2177169384976833e-7,7.142442793711127e-7,0.00011943302817729327,6.022847608697698e-7,2.886256997587106e-7,5.9228922223977477e-8,3.623911772701956e-8,1.3454811799767495e-7,4.382346758656367e-8,2.1102408786029385e-7,4.869390648435023e-7,4.0180673953801585e-7,1.3563250994658134e-6,2.977404739215106e-7,6.26089011761783e-7,1.1128331911914202e-7,1.9230257482045834e-7,3.929776901701095e-8,6.099906785290459e-8,2.735617840595169e-8,1.5081185826158948e-7,5.073472402265386e-7,0.00003993523929300871,7.32636842825454e-7,4.4134159789423595e-7,1.3797846894666403e-7,4.642230547455889e-8,1.4319250784369266e-7,4.7193802676906554e-8,2.2909587156698579e-7,3.0794780764334724e-7,1.3329131302850975e-7,1.2446860413309838e-6,2.0927101770558022e-7,3.6056819542632383e-7,3.5536493489181336e-8,1.8680590724934968e-7,3.4943046587240013e-8,6.496489652967042e-8,1.506791588941003e-7,4.2906778755025636e-7,7.190042752437043e-7,0.00002385481781623295,6.03265331289312e-7,2.9065937170683156e-7,6.188328468291008e-8,3.78686529414257e-8,1.3617394982167306e-7,4.380325502664184e-8,2.0637871349392084e-7,4.855678085904132e-7,3.908705872937415e-7,1.3564036531775852e-6,3.111304416228028e-7,6.274710723880022e-7,1.1368927078332162e-7,1.914069119239316e-7,3.7952218326909684e-8,5.682368111014492e-8,3.4215027045208846e-8,1.4709921040267833e-7,5.082867572299484e-7,0.00001716276025427345,7.262572369052277e-7,4.348677465097235e-7,1.378480057210139e-7,4.7835621175516775e-8,1.4603656387266348e-7,4.9407757801689394e-8,2.2996085743535126e-7,3.1024045136772326e-7,1.2521020791275225e-7,1.2439425816648064e-6
5.571522317526161e-7,9.52518268337085e-7,3.7554330987551716e-7,3.0642055463983975e-7,2.8840596561306556e-7,3.19307838900794e-7,2.8403628352219614e-8,2.7201664880448483e-7,3.854431202003623e-7,7.654798962807255e-7,0.000012967882096229493,7.542916602047333e-7,3.4549745535315413e-7,3.5601330313462793e-7,5.2893037178132244e-8,1.961864807135549e-7,4.0274841622698344e-7,1.480494013523826e-7,2.506254330555542e-7,2.450326792605041e-7,8.032012642151103e-7,2.959195963482911e-7,2.8332927636836357e-7,2.218526229803485e-7,2.85840638379042e-7,3.000458950766437e-7,5.369419715690245e-8,3.6509199325818626e-7,3.41522326202452e-7,7.636468785491719e-7,0.00001761998566932226,5.775457401287409e-7,4.866041556707072e-7,2.7059545853594643e-7,3.088702867360791e-8,2.1212293368909558e-7,4.173686695167892e-7,2.1527386540676538e-7,2.7414927720262106e-7,1.1490061871536355e-6,5.586562751555899e-7,9.740540450102074e-7,3.7215908475174304e-7,3.168172130367803e-7,2.898390032338182e-7,3.1311873259138495e-7,3.8196651835524694e-8,2.7779211964505965e-7,3.760011891017166e-7,7.440383581031524e-7,0.000030049467220274395,7.605672662310784e-7,3.4818161559773804e-7,3.522353261987629e-7,4.789626027656977e-8,2.0333045094103042e-7,4.0218747714312933e-7,1.410801520515124e-7,2.548941439343576e-7,2.3092595169389182e-7,8.037513904829348e-7,3.106328088126485e-7,2.752228598965683e-7,2.2949766208158187e-7,2.865271430308782e-7,2.932726006305514e-7,6.306777561113641e-8,3.6919040053442713e-7,3.387655946736111e-7,7.611820512189924e-7,0.00008934657192842773,5.977687591554641e-7,4.981544781679931e-7,2.642752405133265e-7,2.2489312435118106e-8,2.1937960427304395e-7,4.163363787412752e-7,2.0529707280828888e-7,2.7915058021240584e-7,1.130726129542379e-6,0.00014055075272261812,9.948113322173694e-7,3.6872258215071943e-7,3.270037161395906e-7,2.9102594930044423e-7,3.0670977952725844e-7,4.8292378774324686e-8,2.834343117776957e-7,3.664248667280822e-7,7.221153945801765e-7,0.00008948720080525829,7.661724767732029e-7,3.506850566513108e-7,3.4813383411607826e-7,4.425771783697011e-8,2.1031985593956528e-7,4.013262358698978e-7,1.3420267562138113e-7,2.5967730123337066e-7,2.1628922175689302e-7,8.032310942771706e-7,3.2499479230428856e-7,2.674573666407387e-7,2.3710466254783412e-7,2.8691032873553704e-7,2.863200270968602e-7,7.264225377412358e-8,3.729459080942026e-7,3.3590973624997736e-7,7.580421314875031e-7,0.00003018953555283781,6.178406473840546e-7,5.095746058100353e-7,2.5782589130545914e-7,1.5988489729636134e-8,2.2644161342149692e-7,4.150440059366516e-7,1.9510212540364463e-7,2.8400532782799567e-7,1.1116318992762647e-6,5.62458273305353e-7,1.014748448939629e-6,3.6522286511962975e-7,3.369677025413436e-7,2.9196543850052173e-7,3.000871807066831e-7,5.8504311568491194e-8,2.8893530289272667e-7,3.567337345681383e-7,6.997731097364712e-7,0.000017761217612346916,7.710606843599036e-7,3.5302363164158395e-7,3.4370697549792116e-7,4.2334210695237014e-8,2.1714706989489432e-7,4.001651955712867e-7,1.2743905280338305e-7,2.649102749815744e-7,2.011642382943276e-7,8.016373378165347e-7,3.389465937621213e-7,2.6010548357801284e-7,2.4467213408437363e-7,2.8699016519671045e-7,2.791939354316192e-7,8.233768245067573e-8,3.76359882224802e-7,3.329348208557038e-7,7.542691688242551e-7,0.000013107433644111254,6.376662573765604e-7,5.20842371251474e-7,2.5125726772485244e-7,1.4387729864343767e-8,2.3330049015379623e-7,4.1349280946285216e-7,1.8470077874117966e-7,2.8871685882755203e-7,1.0917635050690827e-6,5.647507131946168e-7
0.0006800436922793384,0.0002490533502444904,0.00013402298857133888,3.2508024814364586e-6,0.00007628230413021369,0.0000581947689841147,0.000026060138160660102,0.00010166798080378742,0.0000795135278785015,0.00015553301640987472,0.014454220159466702,0.0001727739832491702,0.00006610846770963691,0.00010084036949249714,0.000032776590280453286,0.00005344635930133046,0.0000790550216531599,0.000010109000983624941,0.0001309007282660945,0.0002757420099741547,0.0006719376716338415,0.00025263685250141596,0.0001337757569726117,3.6470982526231352e-6,0.00007666459911052796,0.00005752150131902946,0.000027094736652403118,0.00010153227536537196,0.0000777819725545911,0.00015855853076116418,0.020256699196643663,0.0001702384942956263,0.00006786470915081972,0.0001010624767052602,0.000031774651335558524,0.00005417004250777481,0.0000787391508050308,8.85692650527628e-6,0.00013126626473947315,0.0002722596028324364,0.000680295732274074,0.0002567937647433167,0.0001331671233258076,4.385025876203242e-6,0.00007719145675259117,0.00005685327811756395,0.000027970586028197013,0.00010151832876094955,0.00007565521653295901,0.0001607210298523293,0.0337622407297934,0.0001682354979077786,0.00006996506693617311,0.0001011386850863308,0.00003091996861388031,0.00005487176274220959,0.00007825604647245062,7.733492282236892e-6,0.00013199684431424618,0.00026800518107046817,0.0006720995767327731,0.00026034932173784947,0.00013288075430971917,5.358322544783302e-6,0.00007755192550593313,0.00005616269079610993,0.000028994944146956096,0.00010135326144215498,0.00007391442243623684,0.00016357879312163255,0.10132129490562546,0.00016554309554509406,0.00007171437795041768,0.00010133229716758504,0.00002990636758994732,0.000055578956803864344,0.00007791796972117727,6.56206319399998e-6,0.00013232241887719694,0.00026448552612135667,0.15847171241284436,0.00026455207074809595,0.00013221186808688362,6.384779109981181e-6,0.00007805706575073205,0.000055477402332715664,0.00002986010524020993,0.00010130873079830308,0.00007179993274779386,0.0001656603614601979,0.10132115169716438,0.0001634582112693279,0.00007382807679386442,0.00010137808033541828,0.000029040486141201462,0.00005626400050589892,0.00007741276357391468,5.5362636493617834e-6,0.00013299224477281838,0.0002602786514593476,0.0006720990994653553,0.0002680750773518337,0.0001318859463540599,7.5583246939209965e-6,0.00007839552045537445,0.00005476991030034247,0.00003087348840522338,0.00010111473006540134,0.00007005103355598179,0.00016835585201216684,0.033762097477765526,0.00016060354278689203,0.0000755693010734635,0.00010154276587636394,0.000028015918843963567,0.00005695428087541877,0.00007705265812209997,4.559481863119994e-6,0.0001332782885819652,0.000256726432874588,0.0006802948637114315,0.00027232536091892904,0.00013115633236859464,8.684079289785148e-6,0.00007887853839784307,0.00005406793983144841,0.0000317274778045995,0.00010103978491359594,0.00006794991816685458,0.0001703555208236697,0.020256556036498733,0.00015843774359946392,0.0000776952336209669,0.00010155795390637643,0.00002713932004392974,0.000057622264911792974,0.00007652575486140741,3.8081268583432523e-6,0.00013388783692591067,0.00025256540873051076,0.0006719362398759219,0.0002758111314387909,0.0001307904260614996,9.938399723063773e-6,0.00007919480193757361,0.00005334396760814855,0.000032729189049578724,0.00010081728245987,0.00006619407221010935,0.00017289408974740576,0.014454076868637486,0.00015541532903980327,0.00007942723928405199,0.0001016932847097901,0.00002610451939662017,0.000058295216629993664,0.00007614380863108942,3.375734210023671e-6,0.0001341347645589998,0.00024898523013392344,0.0006800419551963274
5.641668002379539e-7,2.625713080952307e-7,1.9496961614669265e-7,6.776124251409731e-8,3.7447873118866924e-7,1.7450325127063277e-7,3.593628726349486e-8,2.817525529391698e-7,3.1004164584553415e-7,5.773508421311258e-7,0.000012252821049782464,8.819157897072242e-7,2.70914609912885e-7,2.4448149227767327e-7,5.3455124963296886e-8,2.7264719878656977e-7,2.4098236797527743e-7,3.134367779241377e-7,2.640979900607124e-7,9.547336658003436e-7,5.097713206332967e-7,1.046352410855809e-6,2.0909895434577481e-7,1.3798020576066322e-7,3.9414445437917193e-7,1.844438729209947e-7,2.7175710858121186e-8,2.0081622247616076e-7,4.3882923046844377e-7,8.431471024174168e-7,0.000017717560664719858,5.450807489898438e-7,2.583726730782332e-7,3.193024682041868e-7,7.631203023877612e-8,2.6161069149885343e-7,2.417651848332822e-7,2.2597376014651495e-7,2.697350111989422e-7,3.730852961344824e-7,5.660974767074479e-7,2.8110393924666446e-7,1.9642937153742643e-7,7.327612691832796e-8,3.754825302794321e-7,1.6822557050695291e-7,3.3798568395349516e-8,2.8625294062594997e-7,3.0841754941643947e-7,5.735020296989151e-7,0.00002881480261996096,9.057492823702797e-7,2.778742919286776e-7,2.3948295709085493e-7,4.3965263484798955e-8,2.7876777476535443e-7,2.40378549938358e-7,3.0525045792236914e-7,2.6788222799339253e-7,9.394373465107534e-7,5.082502027966846e-7,1.0616809972942437e-6,2.0536546925130848e-7,1.4641590280071636e-7,3.953953365323427e-7,1.779044454140333e-7,2.4672986975414486e-8,2.0701329705722546e-7,4.302697038623809e-7,8.21559310114476e-7,0.00008729175225097745,5.478082869114418e-7,2.590910271302498e-7,3.1595728310074067e-7,6.844925962318733e-8,2.678430699860269e-7,2.4190123171087836e-7,2.1988008509389469e-7,2.702294278770793e-7,3.552290146499105e-7,0.0001361255387031492,2.9915378477890375e-7,1.9867714507310355e-7,7.891156340401586e-8,3.76213238536358e-7,1.6178930113635086e-7,3.347204227069105e-8,2.9046760360903524e-7,3.067397436111639e-7,5.690634478121251e-7,0.00008714419300939542,9.289720113418542e-7,2.847126658802791e-7,2.343794339291967e-7,3.443713482366021e-8,2.846883548847173e-7,2.395520289986841e-7,2.968310319394352e-7,2.716200521737182e-7,9.232857143865354e-7,5.062613701696143e-7,1.0762055278769959e-6,2.0150567721057477e-7,1.546396558986122e-7,3.9641022456289745e-7,1.7116785023884622e-7,2.5195526326116477e-8,2.1313677470123535e-7,4.2156193724899927e-7,7.994373105973081e-7,0.0000286662994097472,5.500230590088299e-7,2.5981215932957813e-7,3.1231582342730766e-7,6.091355749314194e-8,2.7392014553494027e-7,2.4176064860002145e-7,2.1373468955722532e-7,2.7135311952762555e-7,3.3689343971180353e-7,5.673399536986453e-7,3.16673195988573e-7,2.0170915800709354e-7,8.46338465785666e-8,3.7667052744699586e-7,1.5519993248909647e-7,3.501543280339416e-8,2.9439778442396005e-7,3.04989705089479e-7,5.640849485825444e-7,0.00001757094215543056,9.515346916096086e-7,2.914125887164279e-7,2.2917850065114282e-7,2.488119760941784e-8,2.904036517725468e-7,2.385036331988392e-7,2.881890206186522e-7,2.7531899719427004e-7,9.063181498060509e-7,5.037998924530359e-7,1.0898886206171388e-6,1.9752502104033908e-7,1.6264046585515154e-7,3.971882318034821e-7,1.6424036344101142e-7,2.8535309220387348e-8,2.1917567668042966e-7,4.1272576115616905e-7,7.768452874426303e-7,0.000012103377894136643,5.516808734534153e-7,2.6056482171586663e-7,3.083779752155593e-7,5.3847821268832964e-8,2.798364851275092e-7,2.4134343618819964e-7,2.0753820289919557e-7,2.7307910574179306e-7,3.181361273171346e-7,5.666601141829792e-7
1.1349874087306917e-6,3.450159819643441e-7,3.485614287822732e-7,2.1509790746589032e-7,8.88514677635247e-8,1.5499657263401012e-7,2.364164720957919e-8,5.45502077583064e-8,2.057080731762047e-7,5.211820760113168e-7,0.000017192311013901696,5.304599954530678e-7,4.934696191719694e-7,1.5762366112325388e-7,5.981749487200246e-8,6.720219268279122e-8,2.1259766452758586e-7,6.306927102098709e-8,4.3195256537172765e-7,1.8666541977785491e-7,1.0369284063595624e-6,1.575231399963567e-7,3.495583349041331e-7,2.7401363586448983e-7,8.58927017925616e-8,1.7562747894257782e-7,3.0603581114103057e-8,1.6173900987544878e-7,5.199830841900005e-7,5.800265913011119e-7,0.0000242363511719384,4.1991569192998966e-7,7.039671267350734e-8,8.737853682912625e-8,5.323749684438569e-8,8.171946131355817e-8,2.168355219807318e-7,1.6677821296593953e-7,5.057903114912406e-7,2.3990887394013206e-7,1.1349116674422344e-6,3.531229290580526e-7,3.503075514196586e-7,2.2067021490928234e-7,8.971975949437927e-8,1.5262817018258048e-7,2.0283012272516517e-8,5.707250217384311e-8,2.062379864016087e-7,5.2217828824714e-7,0.00004016943871506904,5.272637961145082e-7,4.88281040039456e-7,1.604336030233748e-7,6.218777149347044e-8,7.020416944454302e-8,2.1349439384077387e-7,6.093181067715648e-8,4.358267625943744e-7,1.8071078852479997e-7,1.0374433122850908e-6,1.5898697785918773e-7,3.4370467508575214e-7,2.7481457340910704e-7,8.411103639815501e-8,1.7219263844099436e-7,2.9181464965979843e-8,1.634511028496136e-7,5.240091132820038e-7,5.846466103252735e-7,0.00012068655363963007,4.1574582678201083e-7,7.257687992717951e-8,8.043829606405909e-8,5.757228997768018e-8,8.410962885843158e-8,2.1773521721265676e-7,1.6235691514056312e-7,5.037879387199859e-7,2.299122544862431e-7,0.00018827643184363382,3.614945665795164e-7,3.516085452850054e-7,2.260451836427227e-7,9.053008609548592e-8,1.5013512980638212e-7,1.7885766793176876e-8,6.004438030603566e-8,2.065916371694817e-7,5.228940928612049e-7,0.00012053607108338842,5.236780680608471e-7,4.82502553919173e-7,1.632155234597005e-7,6.454808146231022e-8,7.314121785936388e-8,2.1417927632362392e-7,5.888209688367475e-8,4.393552356464002e-7,1.7667450988222127e-7,1.0376833368624082e-6,1.6263124691890199e-7,3.3754862815585385e-7,2.7555011542479364e-7,8.213528547937238e-8,1.6866498125566296e-7,2.867148884704793e-8,1.6497637418917797e-7,5.274323387895799e-7,5.888163444673614e-7,0.00004001943360073053,4.114294524403213e-7,7.500658516978881e-8,7.353747330592014e-8,6.217603330588035e-8,8.654740314986269e-8,2.1853739680219057e-7,1.576522122525434e-7,5.012014234813293e-7,2.201977327064429e-7,1.133114009809755e-6,3.701297850287109e-7,3.524594572351314e-7,2.3120671915697432e-7,9.128246349942327e-8,1.475199107111272e-7,1.683279707384539e-8,6.341470254816892e-8,2.0674675199934696e-7,5.23338502377703e-7,0.000024085402564559233,5.197191072865302e-7,4.7614418376722593e-7,1.659684471460326e-7,6.688191493750277e-8,7.600747582832748e-8,2.1465232194416662e-7,5.69058079873039e-8,4.425190422126796e-7,1.7458702285021004e-7,1.0376477962172896e-6,1.6842501256263112e-7,3.3111302706397584e-7,2.7622787854023434e-7,7.997161336952695e-8,1.6504860744353847e-7,2.91639816400185e-8,1.6631649401433882e-7,5.30239265617629e-7,5.925241954974447e-7,0.000017042792793171864,4.0696772048369847e-7,7.772733901007952e-8,6.669375382717082e-8,6.70031789464083e-8,8.901016027126091e-8,2.1924103172835093e-7,1.5267771064595709e-7,4.980349018315314e-7,2.1077797817673693e-7,1.1313912172044374e-6
4.3610757671023247e-7,9.250819871527471e-8,2.5774349101368873e-7,1.637927436545013e-7,3.648466692226674e-8,9.278041445901236e-8,3.023346856957697e-8,2.1118739488633075e-7,1.7243040060063044e-7,3.9995933205119785e-7,6.366564075180778e-6,3.3462648194445965e-7,1.685955628309129e-7,1.3385340482417381e-7,4.641319466563724e-8,8.583225789095874e-8,1.6079579171164856e-7,1.3217881234949274e-7,1.9244328321142744e-7,2.598096336847343e-7,5.66101283033006e-7,1.9492424457971884e-7,2.663273504698395e-7,1.2253538559731509e-7,1.0915012729346882e-7,1.6361000507473405e-7,4.200635052798541e-8,4.430985445392067e-8,9.780198712284042e-8,3.402730928934494e-7,8.76798890799319e-6,4.2862980302693106e-7,2.0005478843074863e-7,1.4330758862143537e-7,8.56515596237276e-8,2.62287266588709e-8,1.687864963946082e-7,8.836708500748453e-8,2.456641316264229e-7,1.812180441297028e-7,4.368697769394893e-7,9.928957171014991e-8,2.497038480984865e-7,1.7178971550940107e-7,3.609084086788796e-8,9.063245012270539e-8,3.5325339734067445e-8,2.2036458600011415e-7,1.7196254901543503e-7,4.028195541335605e-7,0.000014865273025812429,3.349667071933418e-7,1.7874436682273168e-7,1.3935867546217922e-7,4.7145532228689036e-8,8.736164630079327e-8,1.6202800503434104e-7,1.361389370190315e-7,1.901146918423879e-7,2.574426293086779e-7,5.660979996866473e-7,1.9990008109691601e-7,2.7022884305964106e-7,1.195885416398659e-7,1.0941595150273514e-7,1.6256009182159888e-7,4.3382612697346497e-8,3.716146051439947e-8,8.977089497149548e-8,3.379264807517545e-7,0.00004445566565905211,4.2616829463332094e-7,1.9777747217961014e-7,1.3846281622222892e-7,8.445805702147356e-8,2.5971204022642207e-8,1.6644937053628187e-7,9.807233047088582e-8,2.499763679202617e-7,1.747129930830179e-7,0.00006989965167366363,1.0634486729253116e-7,2.417811527373746e-7,1.8012731335597082e-7,3.565543101206159e-8,8.841278821599755e-8,4.024078775380947e-8,2.2926894148584646e-7,1.716915086745181e-7,4.055554816349845e-7,0.000044607880680786464,3.35303662670405e-7,1.887713058205699e-7,1.4496758696389195e-7,4.7911543320703485e-8,8.89246997636465e-8,1.630324988384428e-7,1.40011421418574e-7,1.876202749854748e-7,2.5502403573589067e-7,5.657988646441992e-7,2.0479097487655134e-7,2.738470035607771e-7,1.1655810187339537e-7,1.0949834742605038e-7,1.614797083096945e-7,4.49162982055461e-8,3.0589072873712546e-8,8.183382415574977e-8,3.3554476483284824e-7,0.000015016865826911149,4.234807424552752e-7,1.95664187240511e-7,1.337843099539119e-7,8.31660423677086e-8,2.586876687890628e-8,1.641977372269907e-7,1.0811891024072582e-7,2.5441417719156245e-7,1.6852978979457907e-7,4.384695905050171e-7,1.136383112057567e-7,2.3399077976999298e-7,1.8877200837223167e-7,3.518367768265237e-8,8.612373239169534e-8,4.497234844900053e-8,2.3788230648325338e-7,1.7160664775242508e-7,4.0815331505151847e-7,8.920809497749566e-6,3.3562818334519925e-7,1.9864365646729665e-7,1.5066312378695624e-7,4.868503897297405e-8,9.051572300714172e-8,1.638111542403614e-7,1.4376949059008987e-7,1.849759229641399e-7,2.5254665179367627e-7,5.652046239618531e-7,2.0960186312936007e-7,2.771669975517038e-7,1.1346703482307213e-7,1.0939068869383538e-7,1.6036973845178747e-7,4.660317951878772e-8,2.4951947724185635e-8,7.409704915133711e-8,3.3313520396002264e-7,6.517524184539078e-6,4.2057734671137584e-7,1.937302951197298e-7,1.2934423542807187e-7,8.178635525328458e-8,2.5911642876390542e-8,1.620290926452065e-7,1.1834161727734201e-7,2.5896560226877735e-7,1.627003969844454e-7,4.393062479218685e-7
7.420698476043892e-7,1.410285134732865e-7,2.516335937845361e-7,1.657791176694679e-7,4.439619312224095e-7,9.225905263060798e-8,1.5680946561187268e-7,1.87361996133254e-7,3.193565731979149e-7,3.9470295985992563e-7,9.608336102408092e-6,4.634673703767311e-7,2.401698298566219e-7,2.0638421031859458e-7,1.5810773747497926e-7,2.6287754144157803e-7,2.161960554707881e-7,3.1465669498548663e-7,1.9397452830891892e-7,1.2601195274131658e-7,7.853020027194621e-7,1.0487552114492919e-7,2.3669705138668742e-7,1.9916663048543782e-7,1.753526132889882e-7,1.8585213734318856e-7,9.706343437400442e-8,1.1791888247895023e-7,3.0987345771259664e-7,3.589745123459677e-7,0.000013485925962350338,4.820756143211421e-7,2.5290095155303803e-7,2.3488400699319417e-7,1.3111941796384308e-7,1.700586892615884e-7,2.01111626133744e-7,2.587603246122892e-7,1.9251704282338437e-7,1.0439704965326237e-7,7.422358440201786e-7,1.3754343500198417e-7,2.520044203446122e-7,1.714245704409861e-7,4.447210124300773e-7,8.592025521649571e-8,1.483787198481724e-7,1.9261417836555617e-7,3.195009703771694e-7,3.95499544716775e-7,0.00002255547348940029,4.670490471456372e-7,2.4219536509837727e-7,2.025758341991615e-7,1.5164839491106934e-7,2.6961290006160177e-7,2.1292176572948137e-7,3.100611656843636e-7,1.920634031055895e-7,1.1918954050133089e-7,7.866795418280203e-7,1.029842608793845e-7,2.4124183188132744e-7,2.0322349108406942e-7,1.7639727732926178e-7,1.824760490707293e-7,8.885412542892858e-8,1.2349065372075094e-7,3.0932888542879705e-7,3.5731776715183116e-7,0.00006782052444866621,4.818646249477935e-7,2.5232757212628554e-7,2.3115817203269012e-7,1.4035374456616996e-7,1.7321591605575022e-7,1.982589215122196e-7,2.537468378682314e-7,1.9633793062491121e-7,9.97485663940822e-8,0.00010603221105662136,1.351919630792689e-7,2.5256175927641746e-7,1.7681804723430011e-7,4.4523525952837014e-7,7.946216236394474e-8,1.400070782716838e-7,1.9770978413927122e-7,3.194230840038455e-7,3.9600158776906736e-7,0.0000679688303103621,4.704280949299288e-7,2.4419567287608305e-7,1.984784809602258e-7,1.454726612115919e-7,2.7618987712167667e-7,2.095850453596283e-7,3.0529934051150366e-7,1.903920539946202e-7,1.1285343980979484e-7,7.876243809526568e-7,1.01921145382233e-7,2.45788156091314e-7,2.0703251728801597e-7,1.774562847537673e-7,1.7900195119322236e-7,8.070215321656876e-8,1.2901193641246523e-7,3.0875197717237547e-7,3.5551634425702026e-7,0.00002270479389432467,4.813234345497648e-7,2.5160965404425004e-7,2.2726375201094257e-7,1.4946600223459864e-7,1.7624560487779464e-7,1.953064411728687e-7,2.48526628025578e-7,2.0034874487849264e-7,9.634607739149693e-8,7.418104137522779e-7,1.3409577328959073e-7,2.533086456155403e-7,1.8196339721873084e-7,4.4549845262743665e-7,7.290071988757377e-8,1.3174796982670722e-7,2.0264952325453205e-7,3.1911901892081275e-7,3.962107336754039e-7,0.000013633193658702223,4.7358912719492706e-7,2.461714556714023e-7,1.9409677964057535e-7,1.396175754276822e-7,2.826033550273745e-7,2.061993733602583e-7,3.0038083932097177e-7,1.8899277390484e-7,1.0705752071534932e-7,7.881358709519068e-7,1.0175267703845212e-7,2.5031583026760444e-7,2.1059447861141803e-7,1.7851596866882537e-7,1.7543835353103753e-7,7.267761145355266e-8,1.3446361741555184e-7,3.0814187402848596e-7,3.5358463031910567e-7,9.758644585827587e-6,4.804514537705025e-7,2.5075793799372104e-7,2.2320152414603902e-7,1.5843895381034845e-7,1.7914295327673468e-7,1.922711697258189e-7,2.430988625519115e-7,2.0452796720184147e-7,9.425041627104018e-8,7.412202914081119e-7
8.241538102810604e-7,8.108252903216494e-8,2.0570181452198584e-7,1.9406208158734263e-7,2.1041196504293694e-7,4.063246362052426e-7,9.899439554112314e-8,1.5538111614519185e-7,1.1970734362075784e-7,5.31004319130555e-7,8.212328602579885e-6,4.4275711411462504e-7,2.475437686026676e-7,7.547847010699132e-8,1.2849599659155754e-7,2.7220306391683287e-7,2.8944139167349066e-7,1.050693781950416e-7,3.197966156072213e-7,1.364828591473349e-7,8.176591483474192e-7,1.1449387113494623e-7,2.6571480044830607e-7,2.181674612593139e-7,7.761698438392212e-8,2.798650534258889e-7,1.477582235417565e-7,7.906823462620291e-8,1.7102412716970834e-7,5.158496467245348e-7,0.000011484352658600814,4.6971368064032784e-7,1.761303543438281e-7,1.3318614145772675e-7,1.5665102895684657e-7,3.4620352226352374e-7,2.1889913490334477e-7,4.569295506256294e-8,2.3810627080684581e-7,1.0970205030986152e-7,8.240352920250189e-7,9.343007543989187e-8,2.0624054488402308e-7,1.9673365842473943e-7,2.0617765952367586e-7,4.0433600903936814e-7,1.0549922772475726e-7,1.5599137498739307e-7,1.207619699854587e-7,5.313296118386032e-7,0.000019110882123578483,4.449088218425695e-7,2.4980332706904867e-7,7.112357253347742e-8,1.2024268674848728e-7,2.7245332330738743e-7,2.9115178049624167e-7,1.0021604138511796e-7,3.156246486729379e-7,1.3106363023969491e-7,8.180680628943616e-7,1.2318034915232955e-7,2.676243314613656e-7,2.217912125015747e-7,7.188167398244045e-8,2.810313685747995e-7,1.519903702083319e-7,8.337923282508695e-8,1.6735897686922585e-7,5.146798596640287e-7,0.00005721466137617228,4.6861632399511646e-7,1.748367108372239e-7,1.3270441714935893e-7,1.5683390462108604e-7,3.4797345276331876e-7,2.2309659157586218e-7,4.433167026335483e-8,2.3587198153522855e-7,1.013540930433096e-7,0.0000890524669820366,1.0601958611580675e-7,2.0690484180222193e-7,1.992914897290495e-7,2.0169091689298527e-7,4.017664953959173e-7,1.1189903450129347e-7,1.564232588747062e-7,1.2188374438527802e-7,5.313109543090286e-7,0.00005707143207818447,4.4685880947288514e-7,2.5203394864517037e-7,6.678921099026632e-8,1.118016615127542e-7,2.7224275288018686e-7,2.9280904741783074e-7,9.513531788978382e-8,3.113016772644694e-7,1.265155975265077e-7,8.181064536128348e-7,1.321256901192589e-7,2.6945380333057075e-7,2.2527271781548866e-7,6.602779180858118e-8,2.816653689631433e-7,1.5640475211390262e-7,8.777360625748873e-8,1.638058058669408e-7,5.132568840851642e-7,0.00001896828152770601,4.6720280196294136e-7,1.735596214140285e-7,1.3218803751083876e-7,1.570250432482695e-7,3.491034155651404e-7,2.2708644283766044e-7,4.2912958309733e-8,2.3365373010117762e-7,9.408931648584989e-8,8.229596255532065e-7,1.1881572474642378e-7,2.076900467552107e-7,2.017352178634989e-7,1.969732116226769e-7,3.986143550180292e-7,1.1817655607293305e-7,1.5667785862986472e-7,1.2304437544584454e-7,5.30950388699933e-7,0.00001134045218473193,4.485964979434571e-7,2.5423283821732207e-7,6.249256138312438e-8,1.0320005422992402e-7,2.715714275359926e-7,2.9440013865206493e-7,8.983135720903995e-8,3.0683818443628014e-7,1.229037968294012e-7,8.177739311798113e-7,1.413028495239577e-7,2.7119115664119853e-7,2.2860350289510571e-7,6.008849549504762e-8,2.8176473604486075e-7,1.6094262578282526e-7,9.223516373837048e-8,1.6037278427314575e-7,5.115893026099986e-7,8.070312602671649e-6,4.654736738567999e-7,1.7231898920417743e-7,1.3163456790862796e-7,1.5724331440566113e-7,3.495929288635307e-7,2.3084662795956561e-7,4.1426274860329344e-8,2.3145522278377032e-7,8.811278890263117e-8,8.220034238108695e-7
6.74815807971885e-7,1.0813166626783094e-7,2.457543941424913e-7,9.494619695119741e-8,7.423609351418055e-8,5.213086122801079e-8,1.5865483175764607e-7,2.0422451907176306e-7,1.1328697689881356e-7,4.6956510955872536e-7,6.683073955502061e-6,4.029480989166247e-7,1.2149903843553386e-7,7.238135559366325e-8,8.18197562374365e-8,4.265122140779347e-8,1.2189045527303178e-7,1.5624951429030423e-7,2.6787220864838656e-7,1.4725596909068676e-7,7.238936186411012e-7,1.7174440821098257e-7,2.341002941542965e-7,1.6687880881527542e-7,1.2152269875148767e-7,1.4315228797847612e-7,1.4063371163317896e-7,3.301030133876676e-8,1.0577746741763934e-7,4.5541813895341526e-7,9.323581765473091e-6,4.5118121446267116e-7,1.3807201626410172e-7,1.0550602063633774e-7,1.2171027362742968e-7,8.304670430041878e-8,2.4324500966100197e-7,8.169930978409483e-8,2.7099292764555403e-7,1.3595589273941853e-7,6.753730014476264e-7,1.1831258988376527e-7,2.432864021665918e-7,9.578929962858233e-8,8.00143220839955e-8,5.24026403895465e-8,1.5537367103456693e-7,2.0408137378062884e-7,1.0984775182218041e-7,4.7245949772791255e-7,0.00001552359159456183,4.036533127333133e-7,1.2681268410283007e-7,7.282988380115288e-8,8.909855192183863e-8,4.2951051718076064e-8,1.1616311140570878e-7,1.5348587868541012e-7,2.658395910352529e-7,1.394859115881839e-7,7.234240493679363e-7,1.8039099928404452e-7,2.3743516050224192e-7,1.683070217409873e-7,1.2881425020405927e-7,1.4066188333666126e-7,1.4080370224846759e-7,3.343138335583304e-8,9.862997494298953e-8,4.5425140353667276e-7,0.000046425042175282266,4.495353323943127e-7,1.387171155309116e-7,1.0636113308137949e-7,1.2747729118161193e-7,8.04169805483461e-8,2.437755506473308e-7,8.463680446702592e-8,2.711667492600521e-7,1.2529340697902485e-7,0.00007225794009418578,1.2865861814322332e-7,2.40791781158355e-7,9.670114344212554e-8,8.58024480777848e-8,5.2508901579374985e-8,1.5198200685042776e-7,2.0361948798046524e-7,1.0659499393937446e-7,4.7506993317268355e-7,0.000046286567041212505,4.0423270585085643e-7,1.3236875913826562e-7,7.351033457084995e-8,9.639054620328997e-8,4.34017618288998e-8,1.1028906919517709e-7,1.5046321690215783e-7,2.636564593387665e-7,1.317691769959939e-7,7.226197818822087e-7,1.8904138372695146e-7,2.406106936249507e-7,1.696227788650136e-7,1.360039603651736e-7,1.382128605493332e-7,1.412618693476205e-7,3.361782867550462e-8,9.150058587655551e-8,4.529020545981659e-7,0.000015384315394778203,4.476100116083341e-7,1.3944863598741904e-7,1.0696342748610091e-7,1.3312606236844275e-7,7.778774039385117e-8,2.44291900139312e-7,8.728080060494216e-8,2.7128662149626254e-7,1.1496793875666712e-7,6.760529503582367e-7,1.3915209739924843e-7,2.3827867108970906e-7,9.76926750999511e-8,9.156825847744547e-8,5.245663774490769e-8,1.4849750523270974e-7,2.0283801246101105e-7,1.0352488283437856e-7,4.773930351439064e-7,9.18583792500335e-6,4.0467840746505453e-7,1.381270561357528e-7,7.440814623126067e-8,1.0365815935680879e-7,4.400836823931568e-8,1.0428806582946773e-7,1.471786021406962e-7,2.6133285984061013e-7,1.2410994746827423e-7,7.21481426626004e-7,1.976947428942581e-7,2.436137558202367e-7,1.7081565925778338e-7,1.4307141925432319e-7,1.3580854834087785e-7,1.4201969457933197e-7,3.356479113957867e-8,8.440087028528385e-8,4.513797782078474e-7,6.542928004299849e-6,4.454093205964602e-7,1.4028136788678758e-7,1.0731223119065807e-7,1.386385029926198e-7,7.515165019482934e-8,2.447988011260035e-7,8.96327016328861e-8,2.713478402988823e-7,1.0505407184322188e-7,6.761746086507256e-7
7.236429816640171e-7,7.475792657969064e-8,2.6477925892513423e-7,8.895696955315375e-8,3.11816374501269e-7,1.3096815829005484e-7,1.1054848889879057e-7,1.4212949615687885e-7,3.8478981337359325e-7,3.10121493759607e-7,0.000010952929725505159,3.722763009189056e-7,2.327692668299295e-7,1.2367345086390898e-7,2.0876314577352406e-8,2.524806223057071e-7,2.1847892169044036e-7,2.314797220625622e-7,1.9949354596082258e-7,1.634288068089842e-7,6.46491367592352e-7,1.6390432468708345e-7,1.966630783303061e-7,2.9197292491055307e-7,3.1365122688033956e-7,2.0655920740332104e-7,4.328859052797465e-8,2.2962261456635817e-7,3.0598990145635945e-7,2.51958696791085e-7,0.000015542185682979922,4.212725060808436e-7,3.42910198378131e-7,3.0683326640419294e-7,1.8024206905783727e-8,2.0058751045352634e-7,2.159595153516216e-7,3.693431178801699e-7,1.5141332884976612e-7,8.16478279613352e-8,7.245508537160098e-7,7.126844844413125e-8,2.6009129444737583e-7,9.902227126887477e-8,3.130960816637923e-7,1.2638289366406505e-7,1.0774968607342972e-7,1.5304642505985472e-7,3.896685248804547e-7,3.1179491834685397e-7,0.000025774679536201995,3.748192446952879e-7,2.3810081768956512e-7,1.2248268297643733e-7,1.4825605550905352e-8,2.5710230456901496e-7,2.1880787801511635e-7,2.326733325181573e-7,1.9639078147443496e-7,1.6193212461575735e-7,6.472550216370327e-7,1.5915544717526137e-7,2.0110371812342727e-7,2.899989624998136e-7,3.1222046023229196e-7,2.009814515617278e-7,3.95655938888614e-8,2.295917782850684e-7,2.98995431268845e-7,2.5100700462102323e-7,0.00007775801089405573,4.2016609227924685e-7,3.3989148710501425e-7,2.939756417136888e-7,9.332240781634715e-9,2.0659821773208174e-7,2.169934748678702e-7,3.589419701499076e-7,1.6373949886448038e-7,7.427846007281177e-8,0.00012148628132921964,6.927226468520928e-8,2.5588613340012423e-7,1.0992511647204362e-7,3.142547555017213e-7,1.2161506723978131e-7,1.0526964506905223e-7,1.6406819047555292e-7,3.944533713535726e-7,3.132646473238969e-7,0.000077887199668769,3.771529191602561e-7,2.4324696692512495e-7,1.2152675246939157e-7,1.0231339150003958e-8,2.6158474856027895e-7,2.1877567966816693e-7,2.3362761275516481e-7,1.9308328480159819e-7,1.6086332716881258e-7,6.477300251445976e-7,1.547737429587066e-7,2.0542074963016441e-7,2.87718529863362e-7,3.104378616693442e-7,1.9532400738850186e-7,3.705104306049785e-8,2.2958233070747578e-7,2.916737245387077e-7,2.499256764647281e-7,0.00002590349219979255,4.1883826105651134e-7,3.368309005634813e-7,2.807533781848406e-7,6.420571173846881e-9,2.1243723478805218e-7,2.1787560313257196e-7,3.4859899985893096e-7,1.7636167752362938e-7,6.761452772641686e-8,7.252772385905373e-7,6.89699342383525e-8,2.521806727739802e-7,1.2145460083555748e-7,3.152951877985218e-7,1.166696776225481e-7,1.0311476040695991e-7,1.7509564112268768e-7,3.9913341788713165e-7,3.145311188803052e-7,0.000015671713621119726,3.7926874188734305e-7,2.4818779092918173e-7,1.2082397760042337e-7,9.247759410494289e-9,2.659237802225616e-7,2.183863791482856e-7,2.3433125652181834e-7,1.8958032008460629e-7,1.6019306327840515e-7,6.47916118715272e-7,1.5084386689442768e-7,2.0960799113149819e-7,2.8514330427532853e-7,3.08303400264319e-7,1.895997966914543e-7,3.60728860031442e-8,2.2959530387627938e-7,2.840429599952264e-7,2.48727973523823e-7,0.000011081327051357699,4.1728601654104256e-7,3.3374538864023873e-7,2.6718808082073683e-7,1.3986887494857822e-8,2.180971679094546e-7,2.1860183341857694e-7,3.3833497546702287e-7,1.8923732003113093e-7,6.181373742589219e-8,7.25095010750063e-7
2.4804561418570093e-7,3.104612276703754e-7,3.059139409056929e-7,1.736240884040303e-7,1.2339014659216923e-7,2.0660113679162762e-7,2.5862071631630037e-8,8.276143809492427e-8,3.411259165949292e-7,5.333270935514105e-7,9.012190499030231e-6,2.408851148388164e-7,3.633213387830718e-7,1.3545076753656643e-7,2.4308148747106577e-9,5.4493057430005975e-8,2.5117843073772686e-7,6.700986823513514e-8,4.1311706809781525e-7,1.6944815313954566e-7,3.5073728324844066e-7,1.3949507318039077e-7,5.037863075100324e-7,1.743325208702522e-7,1.2306340552694527e-7,1.5789449838610714e-7,3.9963226821192266e-8,2.2760108924419802e-7,2.2380069891350523e-7,2.3500930709922804e-7,0.000012811486186442375,4.811933006525576e-7,4.694645460849548e-7,1.5007155254943908e-7,1.2667094496597309e-8,9.350888184579052e-8,2.568204147220777e-7,1.0212444899045546e-7,1.4619473258134886e-7,4.0254815625878174e-7,2.4930809718916446e-7,3.0266567276347396e-7,2.9866394416670086e-7,1.7762084105588104e-7,1.2400467972057062e-7,2.0375399368930738e-7,3.045779841522811e-8,8.526661910474638e-8,3.470772154310707e-7,5.359529818590719e-7,0.000021185728041391254,2.469773314993414e-7,3.650303701160196e-7,1.3318004496610723e-7,6.718360466554301e-9,5.7630876224592886e-8,2.5006131585451427e-7,6.77996035747819e-8,4.1372013893244267e-7,1.685513038100449e-7,3.506610505313864e-7,1.4247667144317506e-7,5.043602460091109e-7,1.7851178643003346e-7,1.231382674732876e-7,1.5418802680949474e-7,4.406430459577624e-8,2.2869447259663848e-7,2.2477388174822046e-7,2.2381739112895607e-7,0.00006395506381702666,4.795068206742249e-7,4.663053693449966e-7,1.4732347964099903e-7,1.6428734707609394e-8,9.794879010802246e-8,2.5710472260113433e-7,9.687348093368491e-8,1.553389514201985e-7,4.103480524254128e-7,0.00010039050415831773,2.9473212093519225e-7,2.9091779881265825e-7,1.8155045903894073e-7,1.244266476829954e-7,2.007919293409011e-7,3.514616429025431e-8,8.764098257447344e-8,3.5248137133186236e-7,5.3841379264183e-7,0.00006406427134649375,2.5352731967241174e-7,3.6633644176130066e-7,1.3090131323735723e-7,1.1167600706585434e-8,6.07279209956861e-8,2.488590226968701e-7,6.87776718853028e-8,4.137775861103552e-7,1.6768716049804921e-7,3.502405958293612e-7,1.4542529960753165e-7,5.043628044373828e-7,1.8250337863838144e-7,1.2313129227066212e-7,1.503836666914623e-7,4.862221577837592e-8,2.297825624302907e-7,2.2542625354007206e-7,2.1291223320007653e-7,0.0000212948233266968,4.775860555305493e-7,4.6251287306319975e-7,1.4435632156337043e-7,2.0673680655613402e-8,1.0228280869391496e-7,2.5718823593325025e-7,9.15975765280709e-8,1.6413391336753308e-7,4.181389584671184e-7,2.520458470949585e-7,2.8670313531390685e-7,2.826808566250463e-7,1.854101471259938e-7,1.246552903136624e-7,1.9771747128367698e-7,3.990624770017704e-8,8.989055245493456e-8,3.5732442834545047e-7,5.406822398374326e-7,0.000012920732291610337,2.6049911903021183e-7,3.672443247903709e-7,1.2861026657911333e-7,1.5684869725639086e-8,6.377158751785566e-8,2.475715326754438e-7,6.997594318202032e-8,4.1328883254350935e-7,1.6684916221699033e-7,3.494765862327101e-7,1.4834228837971855e-7,5.037911948963017e-7,1.8629663291419682e-7,1.2304313484153844e-7,1.4648601263784336e-7,5.349105249878263e-8,2.308665423050182e-7,2.2575461587388324e-7,2.023434656080275e-7,9.121097740008466e-6,4.7545442588652183e-7,4.580967447867121e-7,1.4116179439070988e-7,2.513026484823062e-8,1.065073111885076e-7,2.570701420369293e-7,8.63086835818181e-8,1.7255657450145562e-7,4.258790638910917e-7,2.535184436011631e-7
2.122450357760046e-6,1.2543515594164382e-6,6.263045704490807e-7,1.0758117615029263e-7,1.760662958947251e-7,1.1446828489237595e-7,8.168852078662652e-8,2.1879474791620325e-7,2.622759206777078e-7,2.0641302203330516e-7,0.00004091232261991088,1.4117128845395044e-6,6.034888227995105e-8,3.2281784816274357e-7,1.1466590979710606e-7,1.3106969419560428e-7,1.343294352970618e-7,2.667789340101745e-8,5.584324915202671e-7,9.105971501105915e-8,2.5987554129807363e-6,2.114320795786069e-7,4.256152797425969e-7,1.5337838325019085e-7,1.844006940451386e-7,9.538890657328178e-8,8.532586984230097e-8,3.248880548426002e-7,2.0719517144586531e-7,1.5356308556453406e-6,0.00005675386560663008,2.7247291844029535e-7,2.7169042757735426e-7,2.257331348646173e-7,1.271227497633515e-7,1.489268243321455e-7,1.1729425697221684e-7,8.03703168144355e-8,6.044328842165882e-7,1.409321840306474e-6,2.1216269138924194e-6,1.3006291656565699e-6,6.331868137488724e-7,1.0662339637252481e-7,1.790666164486643e-7,1.131974928463012e-7,8.473046484761101e-8,2.167115457200822e-7,2.4171931078186833e-7,2.3128340155577015e-7,0.00009520743820507157,1.4191904797054084e-6,6.662932254643993e-8,3.2785706551477164e-7,1.1215080237860887e-7,1.3264837486622874e-7,1.3221704556036968e-7,3.30729176978537e-8,5.640623275582869e-7,7.653590195069446e-8,2.600227929839837e-6,2.2171719504213273e-7,4.2023686006727157e-7,1.4954646937642056e-7,1.868459424765057e-7,9.295823945171522e-8,8.80680484481928e-8,3.216486700790411e-7,1.9809605382757955e-7,1.532704879294986e-6,0.00028467855743161396,2.46189708726989e-7,2.90916968979103e-7,2.2762197924041514e-7,1.233437295838609e-7,1.5103154357177377e-7,1.1527964906361692e-7,7.269774139093846e-8,5.990382915029525e-7,1.364848834099804e-6,0.00044534937205781104,1.3463897356254907e-6,6.398152072118808e-7,1.0632619616268352e-7,1.8206766839431083e-7,1.1189386020755913e-7,8.76709367176027e-8,2.1460558964539975e-7,2.2137044329936666e-7,2.5645191029283236e-7,0.0002845768748532,1.4251901921547721e-6,7.334689532951819e-8,3.32666407865096e-7,1.0959654540982924e-7,1.3421537498694531e-7,1.3004212276129025e-7,3.9323306232030117e-8,5.692527054636684e-7,6.313721801173846e-8,2.5997684360681547e-6,2.3270592215240606e-7,4.1442955212137786e-7,1.45634137340414e-7,1.8920998312460337e-7,9.051669146686367e-8,9.079045844964581e-8,3.181460631383375e-7,1.890720521038838e-7,1.5282252717578577e-6,0.00009510500114974757,2.2021828847369948e-7,3.1048557557364466e-7,2.2946210711602846e-7,1.194467770134683e-7,1.5309124441459366e-7,1.1326943241681286e-7,6.50400723037111e-8,5.93388227027431e-7,1.3198050683652152e-6,2.121715304778752e-6,1.39157579373731e-6,6.461632469797615e-7,1.0670569197721801e-7,1.850663320187654e-7,1.1055940255629734e-7,9.050908595768268e-8,2.1247556515209502e-7,2.0125818894709754e-7,2.817717952695103e-7,0.00005665293557718698,1.4296555074131159e-6,8.04189032118242e-8,3.3723513402183566e-7,1.0700371330550411e-7,1.3577001275801843e-7,1.278085728252301e-7,4.538768763600854e-8,5.739884372453018e-7,5.104005359001604e-8,2.5973764170046233e-6,2.4444217235479577e-7,4.082081880027475e-7,1.416586405248725e-7,1.9149138313422107e-7,8.806693089394869e-8,9.349019944608191e-8,3.143905142688437e-7,1.8011453299125e-7,1.5222493411031834e-6,0.00004080912681071983,1.9477899611647117e-7,3.3034585478191913e-7,2.3125525577529914e-7,1.1543313499263322e-7,1.5510417785896242e-7,1.1126688370738142e-7,5.740794920620994e-8,5.87508210677191e-7,1.2742464613733407e-6,2.1226263951057745e-6
2.5268568015647173e-7,1.6365718642691959e-6,1.0416089923014716e-6,2.4349808990621274e-7,7.7675356260695e-7,5.687788813720319e-7,1.7430527638478e-7,8.197654698310363e-7,9.834883808525403e-7,1.2577913731887094e-6,0.00008945197679958816,9.732107107267021e-7,6.621008491335328e-7,9.166710696855722e-7,1.9723724851853492e-7,5.813857567366332e-7,7.926658695621629e-7,3.2862490134362843e-7,8.658287669313229e-7,2.0882796188090926e-6,8.1922633249876e-6,1.9346065651850293e-6,8.742277136597527e-7,1.8210253129521943e-7,8.576922859963679e-7,5.684190547403481e-7,1.0644558857670197e-7,8.88887723828376e-7,7.699414217912644e-7,8.920440121822517e-7,0.00011537409577515175,1.2714926522283769e-6,8.418039023368536e-7,8.481076077328197e-7,2.6333753021114616e-7,5.821363954746294e-7,7.118727374256137e-7,3.851525453217637e-7,1.071519184512946e-6,1.6749979271864572e-6,2.551293776918259e-7,1.6634243912154182e-6,1.0336040751372445e-6,2.6624706804802285e-7,7.827582609193407e-7,5.542711230016443e-7,1.9527041639034645e-7,8.258322939096638e-7,9.519263238126015e-7,1.2718961846616593e-6,0.00020333632453874595,9.22907764092007e-7,6.83498451341978e-7,9.133028930749713e-7,1.761613637371988e-7,5.965352194644178e-7,7.881879402094632e-7,3.059449515409134e-7,8.863753348389389e-7,2.0213506109107498e-6,8.195800897289117e-6,1.998174297048782e-6,8.556665162511038e-7,2.0455883808817663e-7,8.635521367106719e-7,5.538283140920571e-7,1.2722755308715498e-7,8.93997834962038e-7,7.486852257708048e-7,9.473026333353139e-7,0.0005935063665666997,1.2573951463768208e-6,8.735403578461206e-7,8.435794824544876e-7,2.4231339498555527e-7,5.971150953005298e-7,7.069895958958117e-7,3.6190885523910747e-7,1.0812956477944279e-6,1.6506237799130468e-6,0.0009387816161199324,1.688661151049916e-6,1.0249701308236955e-6,2.890485373692523e-7,7.882813166663404e-7,5.393756248411938e-7,2.1604559461005262e-7,8.313948834644146e-7,9.201417751357493e-7,1.2862383081277458e-6,0.0005934171960118352,8.698837863262703e-7,7.046816521647855e-7,9.09298770121225e-7,1.549891152640097e-7,6.112924136969133e-7,7.831134073612672e-7,2.832489144066379e-7,9.062628961227159e-7,1.95594758573274e-6,8.195518549102707e-6,2.0632426517080664e-6,8.364436343631782e-7,2.2710236173113656e-7,8.688172938115991e-7,5.388412303649143e-7,1.4792617963927878e-7,8.984722020774132e-7,7.272182635905323e-7,9.998346775129475e-7,0.00020324724558785516,1.2434955443595218e-6,9.050927311457014e-7,8.385426413905167e-7,2.2108249835751932e-7,6.117116723233688e-7,7.016245657264975e-7,3.385510834623889e-7,1.0904165730800082e-6,1.624580277937962e-6,2.581967569500795e-7,1.7122327715603907e-6,1.0156917669389892e-6,3.118471372963131e-7,7.933188477950521e-7,5.241036530452365e-7,2.366161575416396e-7,8.364479713786053e-7,8.881666333177031e-7,1.3008072312611557e-6,0.00011528483056517118,8.141369943776076e-7,7.256535032355997e-7,9.046557531873423e-7,1.3373786457482428e-7,6.256460029979581e-7,7.77446192202123e-7,2.605461471800718e-7,9.254723889942209e-7,1.8920518167548895e-6,8.19141625317091e-6,2.1298298862189056e-6,8.165794624583037e-7,2.496999694271852e-7,8.734838005459786e-7,5.234698757484208e-7,1.6852643422367464e-7,9.023137788241435e-7,7.05537244299579e-7,1.0496449173596193e-6,0.00008936298732813487,1.229802076350693e-6,9.364292656937237e-7,8.33002267231866e-7,1.9965897492340868e-7,6.259153205927034e-7,6.95781525637573e-7,3.151022142965387e-7,1.0988980605477069e-6,1.596916017842895e-6,2.588251542631013e-7
2.204274400818762e-6,1.352747273673231e-6,5.65039522079833e-7,7.508846949165764e-8,1.8809217936953123e-7,1.286907108782576e-7,8.977031854068033e-8,2.485421538331901e-7,3.5264697103430393e-7,3.98789790832316e-7,0.0000417719480519661,1.4972607113906736e-6,1.7596173591706554e-7,3.369276265513436e-7,1.2626902361396782e-7,1.3585957318727302e-7,1.4141731675619317e-7,1.8031368559154665e-8,5.093237083320509e-7,3.2802537683989073e-7,2.682601385723451e-6,1.3566912914162837e-7,5.570245456322285e-7,1.5148709735648823e-7,1.8258058745592459e-7,1.222009310327796e-7,9.528144371427785e-8,3.3961166056256783e-7,1.7283843388243107e-7,1.4967844868810253e-6,0.00005790606165223197,3.744178734825741e-7,1.9491577632185402e-7,2.499568942728427e-7,1.1290978525674769e-7,1.5521877460926247e-7,1.6715274416017617e-7,8.587015814491702e-8,6.971804290229433e-7,1.3860498130581614e-6,2.20271594436887e-6,1.39801835185448e-6,5.692147379175578e-7,7.535606398176876e-8,1.9107629999434718e-7,1.2656706871355628e-7,9.358928207972537e-8,2.472304499722145e-7,3.3145300899961754e-7,4.1477830218527564e-7,0.00009720356822721484,1.501134130179446e-6,1.8746666718075334e-7,3.4124634362488e-7,1.227556556754067e-7,1.3837303758311455e-7,1.391830745704602e-7,2.4529157315440097e-8,5.150478569315097e-7,3.1316182185581527e-7,2.6847567738150235e-6,1.5186105940714046e-7,5.537051255203975e-7,1.4755409333772802e-7,1.8546665932069317e-7,1.1989582962629404e-7,9.867971288685426e-8,3.357022135901312e-7,1.627725598140623e-7,1.494058690274848e-6,0.0002905966499566594,3.6329551421960606e-7,2.1192838944202533e-7,2.5211344307974333e-7,1.095199302282852e-7,1.5699252902571247e-7,1.6511534631050885e-7,7.843597708044898e-8,6.916570728353324e-7,1.3404195853134758e-6,0.00045464207543811317,1.4427587662623402e-6,5.731433059806713e-7,7.660937491945211e-8,1.9403132232512828e-7,1.2439833492710283e-7,9.731046791872595e-8,2.458455646962118e-7,3.104298309253349e-7,4.316884023014176e-7,0.00029052106318733884,1.5035184501596019e-6,1.9903752511635253e-7,3.453008786009328e-7,1.1917709130842019e-7,1.4086509905157168e-7,1.3686560311191848e-7,3.0821083503576716e-8,5.203573495508744e-7,2.9879667966615e-7,2.684990537200267e-6,1.686481974411865e-7,5.499762986927559e-7,1.436197505900639e-7,1.882753468019636e-7,1.175701406646757e-7,1.0201842326116627e-7,3.315439449680514e-7,1.5279266015777563e-7,1.489768772078341e-6,0.00009712856303844216,3.535832373445525e-7,2.2952358993040272e-7,2.542236765329061e-7,1.0605686903165558e-7,1.587204607855488e-7,1.6305988099342996e-7,7.136473215767713e-8,6.858360234235065e-7,1.2942017217307023e-6,2.2010805265891867e-6,1.4869143604882075e-6,5.768032145411597e-7,7.881210828732729e-8,1.969541835515408e-7,1.221874363914959e-7,1.0093091993405158e-7,2.443865265378826e-7,2.8960676007079455e-7,4.493820245834761e-7,0.00005782987510106022,1.5043567263329196e-6,2.1068031665466182e-7,3.490811506600378e-7,1.1553369044959648e-7,1.4333443730841364e-7,1.3446731896537737e-7,3.6908054076164646e-8,5.252384901212073e-7,2.848937340940683e-7,2.683303403860705e-6,1.860615943922784e-7,5.458524303182028e-7,1.397155341846692e-7,1.9100424264916297e-7,1.1522583320506726e-7,1.0529694067077827e-7,3.2714717560362753e-7,1.4289957061292804e-7,1.4839734497618039e-6,0.00004169750683359676,3.4543408957766165e-7,2.4760577419565175e-7,2.562892301554984e-7,1.0252527195809369e-7,1.60400456798702e-7,1.609888180373497e-7,6.476712488488075e-8,6.797427779677712e-7,1.2474516365405212e-6,2.201005844651251e-6
2.5613554051263433e-7,3.6852172011744097e-7,2.868121043497367e-7,1.3686798399014414e-7,1.530101758186334e-7,1.573417333825868e-7,3.989520654567643e-8,1.57915624055295e-7,4.237089497148476e-7,4.952726942960166e-7,8.741491202803021e-6,2.986550307657267e-7,1.3825595175498614e-7,1.486713264530138e-7,2.2456244124370332e-8,6.225114801390655e-8,2.1795935781508344e-7,7.401351402265248e-8,4.7142374376329743e-7,9.012872883465866e-8,2.7499526903902234e-7,4.854168709066857e-8,3.423915021015315e-7,1.6025040684792936e-7,1.4519725919165027e-7,1.411817040843774e-7,2.5774345382352026e-8,6.494918242688418e-8,2.904170523137864e-7,3.2465421050569176e-7,0.000012431687815317829,5.220887954910842e-7,4.047614521948747e-7,1.0046524118027055e-7,1.2399720113493596e-8,1.1074359839429251e-7,2.1109106777328197e-7,9.37714516822137e-8,2.7997111191510183e-7,3.371665745153952e-7,2.5781351445016725e-7,3.5818128667048137e-7,2.809479674858324e-7,1.3794048600485047e-7,1.5261051626708427e-7,1.537893953363332e-7,4.11870835950555e-8,1.5937621001447874e-7,4.2866939633586483e-7,4.946614578026075e-7,0.00002052532409932317,3.003289643798514e-7,1.357000446677343e-7,1.4546446344004386e-7,2.3431488689311455e-8,6.614132047271222e-8,2.1775667094980603e-7,7.146301421276803e-8,4.705808089243095e-7,8.843796045883414e-8,2.7478105270706926e-7,4.070144222490744e-8,3.434783200692422e-7,1.6473073280980559e-7,1.461086909171953e-7,1.3915424204756805e-7,2.7933977947834374e-8,6.861615038953409e-8,2.934485948283998e-7,3.163914136660589e-7,0.00006194445060035529,5.23447224100291e-7,4.002067338133422e-7,1.0136750091098733e-7,1.332137839856566e-8,1.1329698608855988e-7,2.1081019690926254e-7,9.405126831187486e-8,2.8538814364394645e-7,3.465598367560439e-7,0.00009729270117899482,3.475507696536248e-7,2.7475771042762216e-7,1.3904376403107494e-7,1.5203877948921954e-7,1.5015571778968992e-7,4.299592964946513e-8,1.6060211001958536e-7,4.3294910252485395e-7,4.93864998614531e-7,0.00006201139288007896,3.0250224082792996e-7,1.329070538155768e-7,1.423694495916131e-7,2.5565639428435458e-8,6.996961385960351e-8,2.1748247709386565e-7,6.875751544612319e-8,4.691796495912263e-7,8.712538241349518e-8,2.743005008150475e-7,3.289292402164424e-8,3.4415095708727483e-7,1.6910720538846258e-7,1.469696285285299e-7,1.3704312940863266e-7,3.061763058272577e-8,7.236215996404734e-8,2.9602567062526575e-7,3.083666183880086e-7,0.000020592174151828018,5.246350497046232e-7,3.950385949348899e-7,1.0218604421954013e-7,1.487017128590428e-8,1.1578324821766614e-7,2.1034335346146943e-7,9.424002074969104e-8,2.90384075549956e-7,3.557335724075494e-7,2.60542324063148e-7,3.366574585554075e-7,2.6827112453341016e-7,1.4018213176363657e-7,1.5129744963264157e-7,1.4644523853034435e-7,4.527712944177895e-8,1.6160192848210153e-7,4.3654356329811253e-7,4.928625416528437e-7,0.000012498656286740701,3.0518256681498024e-7,1.2990209035118299e-7,1.3939802160476256e-7,2.864044455141674e-8,7.372489008531038e-8,2.1713606000566432e-7,6.59355155854573e-8,4.6722003900628917e-7,8.620765316095021e-8,2.735535090642351e-7,2.524300748600673e-8,3.444096551349145e-7,1.7335858118349505e-7,1.4777980418846776e-7,1.3485238106181975e-7,3.3675807125001765e-8,7.61728593613466e-8,2.9814480307253477e-7,3.0059584981375954e-7,8.80819067136024e-6,5.256690110041914e-7,3.8926314646709125e-7,1.0291738384882047e-7,1.6830419233644004e-8,1.1819807534633601e-7,2.096911179765333e-7,9.434168498355539e-8,2.9493769321899085e-7,3.64655708294508e-7,2.6159037128061346e-7
4.780578144860686e-7,8.62714591339356e-8,2.3313012374832343e-7,3.1841428339461246e-7,3.1531070043338497e-7,2.0864158536203766e-7,4.0062171549034795e-8,2.407721074464264e-7,3.94160951675637e-7,6.217573690656323e-8,0.000011163652275130731,1.976454348254749e-7,2.6494139314417556e-7,2.930034543350962e-7,6.034413867195773e-8,2.470181351176372e-7,2.6455021294453443e-7,3.5226310677102333e-7,7.378136589202454e-8,9.847504931340832e-8,3.206984793993637e-7,1.5105647277122836e-7,7.78109796027925e-8,1.6571886489485215e-7,2.908447049415201e-7,2.2600562950237503e-7,2.5942597504120265e-8,1.8200351999753058e-7,3.2495033858674953e-7,5.444499151335106e-8,0.00001581619155818004,1.2067139249393024e-7,4.160803005445516e-7,1.5712960282909836e-7,7.652512218842287e-8,1.9022376321492732e-7,2.672079442259024e-7,2.3527699867197873e-7,1.519828797185752e-7,1.0274784505809814e-7,4.784488098334722e-7,8.174928092471526e-8,2.2643411231488962e-7,3.28007255128852e-7,3.1484856903357685e-7,2.029124986615978e-7,3.25912342804912e-8,2.5400644671733876e-7,3.963796239997214e-7,6.622172202074267e-8,0.0000261938690411842,1.9697502398370214e-7,2.70977373032169e-7,2.915350948334562e-7,5.482063850090259e-8,2.531677942921359e-7,2.6613487526430977e-7,3.5404559153907963e-7,7.94820190974482e-8,1.0513459783865156e-7,3.2135722746800414e-7,1.4394381453793164e-7,7.258721296451986e-8,1.6804631117668767e-7,2.912923192449641e-7,2.2118170420499104e-7,2.2214985570132043e-8,1.8644078321028128e-7,3.208769296397315e-7,5.7276099763054135e-8,0.00007891656544344016,1.2081671398016237e-7,4.1445811553354977e-7,1.4476477798034256e-7,7.848687697903596e-8,1.952388846221094e-7,2.665230030885176e-7,2.2394762989365755e-7,1.636715479616271e-7,1.0653102819018207e-7,0.00012342423756493375,7.713030829509285e-8,2.202526650011029e-7,3.376843456431292e-7,3.141913803263629e-7,1.9705513033876284e-7,2.701822359183277e-8,2.6700676154220586e-7,3.9851609574167594e-7,7.04903378218819e-8,0.00007895112869894198,1.9616216352309887e-7,2.767144978262334e-7,2.899931200173012e-7,5.0269370142951716e-8,2.5921204420861384e-7,2.6743329078796037e-7,3.5564202569397347e-7,8.516576999769646e-8,1.1179007146745455e-7,3.2191222031792604e-7,1.3658708318076338e-7,6.748649519337615e-8,1.7033740175964998e-7,2.913877372861548e-7,2.162096044859986e-7,2.0288529078560416e-8,1.90832193582002e-7,3.165120324081522e-7,6.009753966179394e-8,0.00002622868475910682,1.2120432274744742e-7,4.1276108180096786e-7,1.3214757960502556e-7,8.109732181000494e-8,2.0005805746433756e-7,2.656562263811044e-7,2.1277955372923141e-7,1.7548910154222434e-7,1.1024998070420458e-7,4.780479526267766e-7,7.242358880748211e-8,2.14605088243319e-7,3.474226903148336e-7,3.1334148507077766e-7,1.9108420265577832e-7,2.4535927079138165e-8,2.7973903012869487e-7,4.0056512278388027e-7,7.495467568305517e-8,0.000015850467071557252,1.9520688158150977e-7,2.8213605220416923e-7,2.8838258417822293e-7,4.694226455970748e-8,2.6514093377072724e-7,2.684411386126899e-7,3.570370865102731e-7,9.08306750880261e-8,1.183879747432129e-7,3.223638438187012e-7,1.289994687712533e-7,6.253726800590818e-8,1.7260557058271227e-7,2.911276300981421e-7,2.110943825626213e-7,2.0751573970540667e-8,1.951597829938705e-7,3.1186943812203794e-7,6.290483752927049e-8,0.000011198685641472062,1.2181367448999436e-7,4.1098918227149974e-7,1.1930461370963083e-7,8.431031561308161e-8,2.0467685578377465e-7,2.6460617934466675e-7,2.0180936552273138e-7,1.874179945511806e-7,1.1388618149206784e-7,4.772571921617886e-7
8.028458964009095e-7,1.3003666306606974e-7,2.7102305227149704e-7,1.986387111636311e-7,1.3173948549494147e-7,1.0006890434430376e-7,1.141382041828281e-7,6.238614255073512e-8,9.099842303062389e-8,5.220281723742002e-7,6.410214752465399e-6,4.730383819655452e-7,9.623644927003294e-8,1.1924816523243857e-7,1.042145877155642e-7,6.564190829549195e-8,4.8233296416070664e-8,9.433970041437628e-8,2.9077157256252955e-7,2.0884728232536657e-7,8.098018709021623e-7,1.728130013609545e-7,2.81671500192019e-7,4.692251326610721e-8,1.7496292421053564e-7,5.55847142126833e-8,1.381069220216261e-7,1.1979599135225892e-7,1.0033570916269534e-7,4.7124604387735067e-7,8.972473522110248e-6,5.123715666708992e-7,8.36645003661204e-8,1.6383229998862648e-7,1.794193485410468e-7,7.729158646402859e-8,2.004240702961075e-7,4.872471727195262e-8,2.78449644419543e-7,1.587010485737797e-7,8.027792257479163e-7,1.4203972507166055e-7,2.7324690141618855e-7,1.9893363374571136e-7,1.302126207186433e-7,1.0126506599863666e-7,1.0747434337051325e-7,6.050618686820324e-8,8.610487792099489e-8,5.23755607996566e-7,0.00001498105257299573,4.7305835284582596e-7,9.943062340701673e-8,1.1889499722262136e-7,1.0554091642347259e-7,6.590924559143185e-8,4.2244527229773625e-8,9.459943052434333e-8,2.885029754667595e-7,1.9773249461527558e-7,8.105642320068051e-7,1.8257926673595032e-7,2.81855661706328e-7,4.9910581561703736e-8,1.7916049111378893e-7,5.645798635596949e-8,1.3282220223353584e-7,1.1854604451903064e-7,9.276511311876083e-8,4.720788707671885e-7,0.00004492713011417904,5.10882046973174e-7,9.06572153638538e-8,1.6641988634417645e-7,1.813344963616748e-7,7.860089635034387e-8,1.940337863657725e-7,4.777644607401391e-8,2.7842767175683723e-7,1.4840232376501055e-7,0.00006977382511783073,1.541682796606491e-7,2.7534590236179975e-7,1.9890958997623797e-7,1.2882681723680542e-7,1.025892240515004e-7,1.0073544988079356e-7,5.8497693653080796e-8,8.15364745074414e-8,5.251716910562786e-7,0.0000449091860856656,4.7283594592128883e-7,1.0294388337254931e-7,1.1829448050663197e-7,1.0708710752254985e-7,6.638001929647526e-8,3.639576420021542e-8,9.468545732796857e-8,2.86070181838744e-7,1.8665866128092244e-7,8.11032383183684e-7,1.9244160405625272e-7,2.8193913617118206e-7,5.281628961504824e-8,1.83329246267392e-7,5.719526166909557e-8,1.2745820735712395e-7,1.1717359725179769e-7,8.523261467675879e-8,4.7267885972745965e-7,0.000014963658987957365,5.091170544943766e-7,9.772507298678111e-8,1.687189775111174e-7,1.832430937071715e-7,7.984114132589253e-8,1.8751328017714956e-7,4.718608111479455e-8,2.7834377510279414e-7,1.3838293625886183e-7,8.01886701150432e-7,1.6640772114061534e-7,2.773161921914713e-7,1.9857139120881723e-7,1.2757513128781968e-7,1.0403645196224413e-7,9.395378519972499e-8,5.636383477310353e-8,7.732919287599328e-8,5.262775580276527e-7,8.953963065988727e-6,4.7236617269434697e-7,1.0675816092010156e-7,1.1745087177914639e-7,1.0882223179510227e-7,6.70452756514994e-8,3.084761237545356e-8,9.459490888547454e-8,2.834813982568155e-7,1.7563229743297538e-7,8.112056375768083e-7,2.0239118937763132e-7,2.819183948697952e-7,5.5652045761900053e-8,1.874478532746479e-7,5.780116760119449e-8,1.220366362355709e-7,1.156815686111235e-7,7.775080033352131e-8,4.730512108139834e-7,6.3933565251240965e-6,5.070756100516898e-7,1.0486036312054371e-7,1.70732929158117e-7,1.851259127910449e-7,8.101934698156838e-8,1.808806049257006e-7,4.6976351333468447e-8,2.7819881292141797e-7,1.2868438578882888e-7,8.010614560491894e-7
1.024091059471601e-6,8.659673444307168e-8,2.815995075788059e-7,1.3217112330551438e-7,1.8839793457456147e-7,2.64105272125301e-7,1.67982959583895e-7,3.6891333354471324e-8,7.429127240409596e-9,6.065216397728294e-7,8.315713450493432e-6,6.075309809610927e-7,3.079128195550701e-8,2.1370571974028166e-8,1.7690880356556058e-7,2.5758944370267673e-7,1.6838528192327988e-7,1.3861312123081218e-7,2.992524699966378e-7,1.3472914602060494e-7,1.0239445788352727e-6,1.0484582511027916e-7,3.0110381355078665e-7,8.962070536459115e-8,1.942649757509336e-7,3.62025551140847e-7,8.223742831839032e-8,5.4815848858695106e-8,9.755897241441533e-8,6.059001414461949e-7,0.000011664296190525747,6.026089893411586e-7,9.685602411101407e-8,5.3938851001827295e-8,9.544648809756242e-8,3.664017061513717e-7,1.8664811913326576e-7,9.023364949683751e-8,3.1172899097855857e-7,1.3501119177617117e-7,1.0250049899599474e-6,1.0062017607459719e-7,2.8645503262139143e-7,1.3321381110517269e-7,1.8329618792943268e-7,2.6464380572369447e-7,1.7083696240866031e-7,3.378506797759647e-8,1.470857174840463e-8,6.067071864632724e-7,0.000019462694396718383,6.083027757318229e-7,2.377506049922868e-8,2.391639966026892e-8,1.7401121687167403e-7,2.585471388106681e-7,1.7403205036280377e-7,1.3795379084395949e-7,2.9486079081685506e-7,1.2014666041970788e-7,1.0240013512753808e-6,1.1709808167961708e-7,3.0639953169242745e-7,8.940053141590668e-8,1.9195568356980292e-7,3.6217482401603534e-7,8.878315140424772e-8,5.2709100285831696e-8,9.902521157179179e-8,6.04542885656589e-7,0.00005842555784679552,6.045361547118529e-7,9.458138908697513e-8,5.589340192125293e-8,8.921725300357115e-8,3.673853105278038e-7,1.8919980551023423e-7,9.051880105055209e-8,3.066707247312763e-7,1.2131628834402326e-7,0.00009075407268107233,1.1487578225881607e-7,2.911684668361147e-7,1.3406044265285757e-7,1.7797435915210796e-7,2.645769655988199e-7,1.7372584451813569e-7,3.092958065064884e-8,2.1971451803483744e-8,6.065098389312478e-7,0.00005842452638826576,6.086974786648785e-7,1.663271213642818e-8,2.695930825002921e-8,1.7111303251495147e-7,2.589014693108946e-7,1.794940699565843e-7,1.3709382810567626e-7,2.90314708590607e-7,1.0573411390112031e-7,1.0236568226771305e-6,1.3012151600581456e-7,3.115538219750606e-7,8.912236347398106e-8,1.8963714548623592e-7,3.617744060903566e-7,9.517559470668908e-8,5.0667005519752504e-8,1.0074694682670517e-7,6.028058664679695e-7,0.00001946106956783394,6.060864662368797e-7,9.254416842146324e-8,5.790251032585661e-8,8.283000146307038e-8,3.6781412428901726e-7,1.9173872820499482e-7,9.073899568433005e-8,3.0147105105176124e-7,1.0822700623813453e-7,1.0256279432336032e-6,1.2933283748863968e-7,2.9573168270847596e-7,1.3470796384740968e-7,1.7245415724652953e-7,2.6390423902337107e-7,1.7661727835706036e-7,2.8424660227603714e-8,2.9103281078667354e-8,6.059345167503054e-7,0.000011663855862691512,6.087101468791736e-7,9.46507573560087e-9,3.032585174497226e-8,1.682476445028472e-7,2.5865214923788673e-7,1.84749445474202e-7,1.3603585579116262e-7,2.85622202138374e-7,9.150824549926237e-8,1.022911481116092e-6,1.437490206833862e-7,3.165583430226749e-7,8.877223377767966e-8,1.8733403942757954e-7,3.6082456591501185e-7,1.0139413418098341e-7,4.870915605934225e-8,1.0268265760391451e-7,6.006960359062771e-7,8.313497170485245e-6,6.072530764312807e-7,9.079482702424286e-8,5.995226357980184e-8,7.630501276423869e-8,3.676888882409084e-7,1.9423886521312965e-7,9.090744636695226e-8,2.961386137346965e-7,9.5925961293334e-8,1.025336058581116e-6
2.866169715007892e-7,1.5724514728974716e-7,1.5493982169744846e-7,2.4191318265504803e-7,2.9261830617179975e-7,1.9094008494110808e-7,1.5970646287238776e-7,2.0022340676140702e-7,3.550068869844573e-7,1.0519420316040967e-7,9.559282814510249e-6,1.0682940451069208e-7,3.5215114318500926e-7,2.0458243831094235e-7,7.54323801364638e-8,2.5335682869104264e-7,1.4261239618718736e-7,2.845267898219618e-7,1.3588674066816258e-7,1.0695052968173303e-7,3.09647088115421e-7,1.1171406967627292e-7,1.499853770892806e-7,2.7650424537794484e-7,2.90025991479736e-7,2.714643235340384e-7,1.4225434047782962e-7,2.743756201713957e-7,3.530988304973656e-7,1.350127554017536e-7,0.00001337319090749342,4.596557329699971e-8,3.58195583024595e-7,2.5196780858367795e-7,1.1346223671256728e-7,1.5498813469443053e-7,4.373445619209155e-7,2.918080305330825e-7,1.4359837170448838e-7,1.4126300548863047e-7,2.873223986056802e-7,1.530005013029399e-7,1.4862681006716995e-7,2.4936270075130124e-7,2.9558426942019264e-7,1.8720495645794936e-7,1.4965861508077593e-7,2.0707859767810598e-7,3.5388893804670557e-7,1.0713875552378313e-7,0.00002230909881858003,1.0326957524245928e-7,3.5331476581395113e-7,1.9932602011440423e-7,7.894469690024912e-8,2.573097106884849e-7,1.450738746481021e-7,2.805499218212131e-7,1.4087947929312397e-7,1.103501818541642e-7,3.092329993584417e-7,1.0755440122032376e-7,1.4068016451031784e-7,2.8278367739868686e-7,2.9175850513402146e-7,2.643074825296623e-7,1.4790712457106316e-7,2.788690530119621e-7,3.5062084519683076e-7,1.3529185438009112e-7,0.00006690309907407722,4.3938044824986334e-8,3.6138167151255684e-7,2.45770863712201e-7,1.2162843290414024e-7,1.624392316270931e-7,4.355311943410428e-7,2.8376228532529583e-7,1.5153784887156283e-7,1.4745604687006957e-7,0.00010480332947368758,1.48594683608295e-7,1.4236009121617575e-7,2.5652945486079063e-7,2.9840952422071027e-7,1.8342908725878063e-7,1.3964917749579212e-7,2.1377849575943285e-7,3.52545940622537e-7,1.0910934477371137e-7,0.00006688838219177949,9.984459475211827e-8,3.5431462425054244e-7,1.9380291597292003e-7,8.323187486100475e-8,2.6113169710437444e-7,1.4756192709311558e-7,2.764033394487816e-7,1.4609411829800116e-7,1.1365131972968525e-7,3.085475735098027e-7,1.032588643735441e-7,1.3140314807081006e-7,2.890073579337321e-7,2.933855831871552e-7,2.569191414357569e-7,1.5379995227635138e-7,2.82980592548517e-7,3.479427943923296e-7,1.35835373345843e-7,0.00002229315152264027,4.2292184122589985e-8,3.6431370366568647e-7,2.394144948479391e-7,1.3036785037512567e-7,1.6973652275007371e-7,4.3342663552975326e-7,2.7540682783985125e-7,1.5953136728746952e-7,1.5347408984101813e-7,2.881663459284652e-7,1.4404031496699599e-7,1.3615539672540627e-7,2.634122482750855e-7,3.0107839232791937e-7,1.7962291982238237e-7,1.2973398963931967e-7,2.2032255233976108e-7,3.5097951695111125e-7,1.1110639413832403e-7,0.000013359716715451643,9.656451819323589e-8,3.5515212700057195e-7,1.8801608521757608e-7,8.814662401291754e-8,2.6481270349467826e-7,1.5007366508745358e-7,2.7208432922983854e-7,1.5150548299908482e-7,1.1684879626189065e-7,3.075919583874102e-7,9.883512142919216e-8,1.221671090390372e-7,2.9516351110833084e-7,2.949025431058895e-7,2.493033524165366e-7,1.5990478939396355e-7,2.8670654150016174e-7,3.450649612296843e-7,1.366559095257821e-7,9.54212174351442e-6,4.1034785172311705e-8,3.669867124021098e-7,2.328986954951953e-7,1.3953680400982295e-7,1.7687637910244255e-7,4.3104081160029776e-7,2.667436937123192e-7,1.675573463969641e-7,1.5930493868106653e-7,2.8830338551649936e-7
2.4296753904119717e-7,4.433701259316763e-8,1.222931707200872e-7,2.0093051656138674e-7,9.03543253974415e-8,8.226282942335011e-8,5.7459765717094514e-8,1.032336364219996e-7,2.563946957358458e-8,3.3447855827215753e-7,6.677935573446457e-6,3.4562916360896967e-7,1.0966433796684253e-7,1.0261627157469077e-7,2.933245441132432e-8,1.063411717194333e-7,2.08177928751086e-8,1.5182128724539807e-7,2.525484625728007e-7,7.341546530816363e-8,1.8514833564466503e-7,1.3812166517047997e-7,2.055665916771493e-7,4.2326068729861774e-8,9.258458491275665e-8,1.7691467947209065e-8,8.287569652129162e-8,6.3223224409e-8,1.570682538538787e-7,3.438442086793084e-7,9.158780304524448e-6,3.037545325949015e-7,2.7840078843960204e-8,1.425025354694668e-7,3.0165175591283636e-8,2.991418311578564e-8,1.2824490225086155e-7,7.31361170259114e-8,9.77559157512853e-8,4.409206305876675e-8,2.4319305194004775e-7,4.413441731247384e-8,1.2542531396081634e-7,1.9268968624524665e-7,9.189280198012747e-8,8.277038592880013e-8,5.7821773869915883e-8,1.0036155675742865e-7,3.1703947301355605e-8,3.3252177135903676e-7,0.00001544008805409882,3.470848321138638e-7,1.0702939466158898e-7,9.465680005628337e-8,2.943142421451296e-8,1.0629346405179871e-7,2.1183158594528775e-8,1.5194868442162544e-7,2.527937077569518e-7,7.663609150770889e-8,1.8526380586699592e-7,1.3427076375951778e-7,2.0287096159364284e-7,3.4787236882558424e-8,9.151404706573314e-8,1.6483623757251197e-8,8.336093704778138e-8,6.131117703684062e-8,1.542026322836397e-7,3.416778786847618e-7,0.000045971357417599726,3.070509065127165e-7,2.8979178071980034e-8,1.3494149968747785e-7,2.8371206916296922e-8,2.923813503949963e-8,1.2858616069703152e-7,6.588387660654958e-8,9.651208829474854e-8,4.811086492570838e-8,0.00007251037452741759,4.443002208324459e-8,1.2861941866408707e-7,1.8423226630079777e-7,9.360820173175052e-8,8.329985154051229e-8,5.8083629005186955e-8,9.806433514818738e-8,3.835506683160231e-8,3.3051494201850904e-7,0.000045925232594488407,3.4848032783741036e-7,1.0469378668256206e-7,8.653613942495028e-8,2.9719516819290066e-8,1.0624584495372285e-7,2.1608856916162402e-8,1.5240704366281214e-7,2.530484714029811e-7,7.985535971040473e-8,1.8524485354574035e-7,1.3038238113915567e-7,2.0030429538142693e-7,2.734471095702289e-8,9.024674547427753e-8,1.5322681334418797e-8,8.370205877159875e-8,6.009412143419496e-8,1.514640922107062e-7,3.3947158723179877e-7,0.00001539414696893337,3.103713702236388e-7,3.142817768942991e-8,1.272322574837432e-7,2.6509149395991487e-8,2.8606943914982732e-8,1.28782975318486e-7,5.877893365318371e-8,9.577721756935326e-8,5.207156148974116e-8,2.4317250532881767e-7,4.522615456252744e-8,1.3184461250558573e-7,1.7557641364829999e-7,9.550370181303889e-8,8.385076262656451e-8,5.8247520360162174e-8,9.63508867542019e-8,4.538601162718784e-8,3.284542071893745e-7,9.112545233060386e-6,3.4982352954632723e-7,1.0267272760907558e-7,7.828974446114392e-8,3.020807977398389e-8,1.0619839504821842e-7,2.208935354101009e-8,1.5316453060043092e-7,2.5332560598425133e-7,8.305796762225724e-8,1.850907238114083e-7,1.264746538870714e-7,1.9787013849362045e-7,2.0402298366127495e-8,8.878097549292177e-8,1.4217628395773288e-8,8.390414168619107e-8,5.956600166572386e-8,1.4888833970884118e-7,3.3722243083274437e-7,6.632253460538241e-6,3.137149181716359e-7,3.4858078574953814e-8,1.1940888868681748e-7,2.4620722451621725e-8,2.801930488121774e-8,1.288390587892424e-7,5.184337746004547e-8,9.560918428068762e-8,5.596125754357854e-8,2.429223424871677e-7
1.4832267230078974e-6,3.100958349625719e-7,6.971527393105336e-7,1.038207065849056e-7,1.5104452628569772e-7,1.5563771558219034e-8,7.003509495305766e-8,5.2532719468830147e-8,2.2678248667150566e-7,5.603556217930357e-7,0.00001676959722607891,8.270969232640521e-7,3.9097169766205586e-7,9.390433204612022e-8,5.5387641119240376e-8,9.43180346634396e-8,7.875151850110191e-8,1.658064219378226e-7,2.428884692503864e-7,1.4928268033314553e-7,1.3574530893946402e-6,1.75882420289179e-7,2.4727526761482623e-7,9.678616484474881e-8,1.4535562353701055e-7,6.617321380147783e-8,6.649894887996599e-8,1.3744556229258305e-7,3.285352247128955e-7,8.274107022216985e-7,0.00002368175742233164,6.223663218980585e-7,3.4756559832789064e-7,7.059737458555671e-8,4.830110645083255e-8,1.0258105271898745e-7,6.981072297514292e-8,1.825290359903972e-7,5.906981553397798e-7,4.386985983304209e-7,1.484740209869453e-6,3.245752944966513e-7,7.000551483104674e-7,1.0395822961235431e-7,1.502527063025611e-7,1.3496403075715238e-8,6.616999177385811e-8,4.7869418516890816e-8,2.22604389382066e-7,5.590582855486439e-7,0.00003933464119218073,8.21292326786488e-7,3.8256792560386054e-7,9.539962648756764e-8,5.710360088191862e-8,9.67347600758732e-8,8.01982425298499e-8,1.6807245055063737e-7,2.40949758169528e-7,1.268965163075238e-7,1.3574470113329084e-6,1.896743878212669e-7,2.4866083291703377e-7,9.591541803694194e-8,1.4461041529818563e-7,6.536479980945263e-8,6.514206201611049e-8,1.329661272510839e-7,3.392786691962729e-7,8.344786793342073e-7,0.00011838315403255717,6.255006409715596e-7,3.51641483800784e-7,7.60343123312062e-8,4.991171427407626e-8,1.0334186127216735e-7,7.065919014888199e-8,1.7939478146836554e-7,5.903129288268297e-7,4.260722432356696e-7,0.00018441683660956525,3.3911983868681257e-7,7.02234146205759e-7,1.0384511923455946e-7,1.4942840862215526e-7,1.1665989578890419e-8,6.233620077955087e-8,4.359205544703216e-8,2.182395378723914e-7,5.574322838540921e-7,0.00011843793650246059,8.148059373799062e-7,3.735424669260924e-7,9.691342683246276e-8,5.88937830881913e-8,9.911011780822672e-8,8.160794863330984e-8,1.7029629987355943e-7,2.3913856402395096e-7,1.0620886547490994e-7,1.357129096829149e-6,2.0563187287596122e-7,2.4999642577103037e-7,9.494791037917404e-8,1.4371785770780238e-7,6.453454089121421e-8,6.367124529657352e-8,1.2849616503850662e-7,3.495146678045508e-7,8.409200078660901e-7,0.00003938865074274439,6.282611711361459e-7,3.5540377713126666e-7,8.135946842676474e-8,5.165515835462751e-8,1.0404552328946666e-7,7.14810671317145e-8,1.7608132065168158e-7,5.893102085964542e-7,4.1362185009306394e-7,1.485622816526886e-6,3.5373659881239373e-7,7.036852857927298e-7,1.0346266791826898e-7,1.485739649002898e-7,1.0276298834733426e-8,5.853853096711436e-8,3.989778353480098e-8,2.1367965993793652e-7,5.55501705496243e-7,0.000023737328985502618,8.07649854392537e-7,3.639176559902653e-7,9.84503647630212e-8,6.073298223699248e-8,1.0143923901685187e-7,8.29641764993828e-8,1.7247005753452554e-7,2.3742902523264296e-7,8.817261451927772e-8,1.3564997569566966e-6,2.2338410978753704e-7,2.5130889070503893e-7,9.388003932198484e-8,1.4267970057898964e-7,6.368806364129185e-8,6.209056053336048e-8,1.240358082144521e-7,3.592149347457908e-7,8.467217889882734e-7,0.000016822852171661042,6.30621863861048e-7,3.588555156820709e-7,8.655101123376403e-8,5.351902701010791e-8,1.0468900302879073e-7,7.227511233479254e-8,1.725975255605693e-7,5.876943524538349e-7,4.013463887570978e-7,1.4849926376803426e-6
9.665701282998944e-7,2.397983826267742e-7,2.831913109472147e-7,2.0704743222810472e-7,3.4233756046842285e-7,3.0486214090477447e-7,3.993740857071649e-8,3.9700002994837765e-7,4.0249732233993575e-7,9.191430865684172e-7,0.000012909686106773898,3.294579923267779e-7,5.192838028307205e-7,3.100529931392856e-7,5.518690623760935e-8,2.5447184899087397e-7,4.1058444119288574e-7,2.8074149771945643e-7,3.297060670565302e-7,1.196845111429655e-6,5.99205239259899e-7,1.020874425527946e-6,4.3719318892278044e-7,3.095820837788839e-7,3.44670654924991e-7,3.1998626416874426e-7,3.862026762773581e-8,2.992648954931316e-7,4.4919423352658214e-7,5.19482426056416e-7,0.000018634496804205787,8.839858941965246e-7,3.569403484923696e-7,3.985332255891329e-7,6.089577101139087e-8,2.4405049269346985e-7,4.008597649355069e-7,1.9342071872595624e-7,2.9091145662695805e-7,1.6101485563000232e-7,9.680414181163317e-7,2.497690770608042e-7,2.7035746134801163e-7,2.1552723805337076e-7,3.4345094664170603e-7,2.9762639497277355e-7,5.044068605515811e-8,4.0162865455771965e-7,3.9919388921052786e-7,9.160720682444225e-7,0.00003049451074837006,3.4995363152051654e-7,5.328757623121073e-7,3.03636115453551e-7,4.461185669129545e-8,2.621303723978873e-7,4.0964576871319345e-7,2.699537732819057e-7,3.347313053213083e-7,1.1756018347430394e-6,5.997410266163017e-7,1.0452187050533232e-6,4.3443638637366576e-7,3.2095343282200946e-7,3.4621986338049384e-7,3.133097397011452e-7,4.7573786812752383e-8,3.0537433931127556e-7,4.3753126321589007e-7,4.976859294315275e-7,0.00009247552828245223,8.910431674323066e-7,3.597019513717269e-7,3.947417682227802e-7,5.4148195489792244e-8,2.5137168323001733e-7,3.999702385989679e-7,1.854285408940962e-7,3.0109221910006853e-7,1.5055938271286343e-7,0.0001440094869507644,2.595702288041723e-7,2.574348734166817e-7,2.2399291829107901e-7,3.442425365141567e-7,2.902000821813595e-7,6.103394007403864e-8,4.058806352381682e-7,3.957018391526155e-7,9.12184553286558e-7,0.00009255489491458513,3.7076660996624835e-7,5.463577465621854e-7,2.9705040806719007e-7,3.416815888896595e-8,2.6958890829606584e-7,4.0843326470844146e-7,2.589436468095781e-7,3.396291591615898e-7,1.153527332099918e-6,6.01092320119907e-7,1.0687754959630292e-6,4.3160833796960496e-7,3.321242218153266e-7,3.475073844482792e-7,3.064153481328535e-7,5.723424418567596e-8,3.113299495985782e-7,4.2576170226792134e-7,4.75659445948522e-7,0.000030574219819314724,8.972920183147071e-7,3.622202358257232e-7,3.905971954327797e-7,4.8576246800295803e-8,2.5852388954816774e-7,3.987648415388012e-7,1.7751988168092323e-7,3.11351433599495e-7,1.3958290946802242e-7,9.672825128485361e-7,2.691294501440779e-7,2.4447638091926736e-7,2.3244104816076704e-7,3.4471182515038183e-7,2.825897368175849e-7,7.166561140257543e-8,4.097578063247355e-7,3.920037293948325e-7,9.075228051457861e-7,0.000018713567039022353,3.917072679549713e-7,5.597062720099757e-7,2.9030542749660895e-7,2.4132839937832656e-8,2.7683830956376537e-7,4.0694834729819897e-7,2.4772508462749473e-7,3.4440795343461243e-7,1.1306631597531367e-6,6.032537555124085e-7,1.0915014566558903e-6,4.2869477301801095e-7,3.430798502305791e-7,3.485315532862053e-7,2.9931080772897764e-7,6.726401702393041e-8,3.171228831423037e-7,4.139071795195031e-7,4.5349951306248743e-7,0.000012989786321514378,9.0268770490602e-7,3.6451074870457576e-7,3.860974110769612e-7,4.463075460410625e-8,2.654993578442414e-7,3.9724456079409466e-7,1.697109803194862e-7,3.2163143391901117e-7,1.2812419665444546e-7,9.650482590832914e-7
0.00022085396698430965,0.00008277110178927025,0.00004460709265156342,1.0953582290621912e-6,0.000025348570855988943,0.00001933285708230477,8.721939864977439e-6,0.00003376546597667901,0.000026548014420662737,0.000051886051370026774,0.0048229107588808875,0.00005712978136288752,0.000021821603963559957,0.00003358471002676601,0.00001086605017561438,0.000017791452414405624,0.000026335602619488142,3.325916513083508e-6,0.00004335812214009826,0.00009208207270519475,0.00022915091818309408,0.00008432638585471506,0.00004430470776778364,1.2227068764218422e-6,0.000025579102299072818,0.00001911805377216979,8.963302231190321e-6,0.000033812311784420304,0.000025704749784652944,0.00005234263598150412,0.0067457889151688035,0.00005666317804442323,0.000022629245137172025,0.000033572649122175265,0.000010634541640707893,0.000018022966834169434,0.000026126257632432075,2.9808943745198235e-6,0.00004374390738644033,0.00009038925229494206,0.00022093169352655094,0.00008532271708264625,0.00004432933927554825,1.4564823478222036e-6,0.00002565118621501753,0.000018886500532703018,9.35703335009938e-6,0.00003371574916651911,0.00002525832557887714,0.00005358491471355494,0.011257995500549602,0.000055593180092277145,0.000023096688768326926,0.00003368513210546518,0.000010248568436972738,0.000018265541199897633,0.00002606962617456229,2.549522684064932e-6,0.00004372989764064605,0.00008947854991224622,0.0002292087079379277,0.00008691728964766694,0.0000440000638902417,1.7358738215152675e-6,0.000025874654562289594,0.000018665971670913813,9.59488608575595e-6,0.000033751978212983844,0.000024425965479728017,0.00005404381889368609,0.033763440264965285,0.000055123987989004127,0.000023915864231378543,0.00003366236407091461,0.000010013319678814401,0.00001849158239054203,0.000025852856323384854,2.221656729799075e-6,0.00004408836674415668,0.000087830422656291,0.0528221366969398,0.00008787821103362204,0.00004401855920186673,2.1136511404604543e-6,0.000025939398553821602,0.000018428719816775342,9.985098780053539e-6,0.000033646194565103066,0.000023969647595975167,0.00005520313128573822,0.033763352175020696,0.00005397497510248524,0.000024373883528449196,0.0000337658833074757,9.623563948266663e-6,0.000018728585404248955,0.000025788846502223387,1.843413743892038e-6,0.00004406816909792415,0.00008688060399169426,0.0002292084970933304,0.00008951472258642385,0.000043662198476325994,2.442531267171091e-6,0.000026155593147727552,0.00001820257880208331,0.000010219351086079307,0.0000336717700927104,0.00002314856763975537,0.000055661884787259444,0.011257907545440175,0.00005350562603027286,0.000025204255328821096,0.00003373243200452276,9.384652947636416e-6,0.000018949036844357447,0.000025564858596743763,1.5608724734408363e-6,0.00004439947866816499,0.00008527446030389836,0.0002209310103223672,0.00009043657022737847,0.00004367443283896917,2.8747044901935544e-6,0.000026213010958241985,0.000017959779947251635,0.000010605729809531495,0.000033556995929242696,0.00002268275141531015,0.00005674216077360739,0.0067457006930688665,0.00005227366163094788,0.00002565245769219241,0.00003382675800936081,8.991430419640497e-6,0.000019180316731481343,0.000025493457116340638,1.3157487048020274e-6,0.00004437321532759642,0.00008428918479807767,0.00022915028562925903,0.0000921177346910389,0.00004329083284867693,3.221499917014634e-6,0.000026421724493138618,0.000017728143555802537,0.000010836301901532136,0.00003357189296144732,0.000021873288394177824,0.0000571983396072679,0.004822822941226822,0.000051806634247784255,0.000026493648829382483,0.00003378265912929692,8.748945857910585e-6,0.000019395065203998627,0.000025262461274824293,1.167027682654142e-6,0.00004467756290314349,0.00008272237842205275,0.00022085260067318893
4.607784311132363e-7,9.772619253672271e-7,1.3360588649568966e-7,1.2670582146812973e-7,3.500551959028889e-7,1.675804538113085e-7,4.534078754604858e-8,1.3899094208068376e-7,3.515978299638228e-7,1.0064765506121015e-6,0.00001235151918687059,3.2173404976338154e-7,1.920041001541875e-7,2.5992870036331193e-7,7.120592365095201e-8,2.2023284706467688e-7,2.363420773089809e-7,1.913016261284628e-7,2.653899945756293e-7,3.9681645095891617e-7,2.9402317010242883e-7,3.291086545312235e-7,1.2758041065194523e-7,3.266785324154879e-8,3.276531958549335e-7,1.4898089603443773e-7,2.4183433141974707e-8,2.28409917096559e-7,2.3761445745932433e-7,3.5067010662176503e-7,0.000016640531100595827,1.015274405638915e-6,1.9890997697438993e-7,1.8303498791969207e-7,3.408402040932616e-8,2.344551693091444e-7,2.2275458759943825e-7,2.594285914997561e-7,1.436046352691109e-7,9.06741055701907e-7,4.6106327226663023e-7,9.893589820574285e-7,1.3285078171972347e-7,1.3217752255223784e-7,3.5115994717008527e-7,1.6177107446821552e-7,4.2891797814531634e-8,1.4517733146910904e-7,3.4604797899351266e-7,9.836834053939716e-7,0.00002839213397680944,3.2578669261085816e-7,1.887031595770107e-7,2.566823269706611e-7,6.549410658486778e-8,2.2571222758414656e-7,2.3689981530836677e-7,1.8715578168468022e-7,2.585500140706508e-7,3.7697166874696594e-7,2.9542314201984746e-7,3.4926948420965234e-7,1.3777455728241358e-7,3.7098747014130166e-8,3.281932032126552e-7,1.4347089344949554e-7,1.9772447928231068e-8,2.3252215540050127e-7,2.37408881672363e-7,3.4604321332982966e-7,0.00008401737680614873,1.0393952308202415e-6,2.0314006853689235e-7,1.781900856645455e-7,2.6505565610038227e-8,2.3983780832747035e-7,2.2216273088772648e-7,2.529931919766747e-7,1.4716265059414015e-7,8.946949231645459e-7,0.00013258354252367263,1.0006553165752246e-6,1.3206600091488445e-7,1.3751660588202432e-7,3.520568089798819e-7,1.5577654863538266e-7,4.179396445715968e-8,1.5133527383812566e-7,3.4033073056980174e-7,9.601269632080084e-7,0.00008391850463583996,3.2942076404414996e-7,1.8537082583081041e-7,2.531818803074227e-7,6.026602540245803e-8,2.3107203546104261e-7,2.3721114725441164e-7,1.8295727721129238e-7,2.5223264120499486e-7,3.5656090035124455e-7,2.960275695203353e-7,3.6889696610426185e-7,1.4841351647877316e-7,4.155183502015268e-8,3.2848966733305405e-7,1.3783081330450556e-7,1.7124673930038574e-8,2.3638835441579722e-7,2.372630998289024e-7,3.4096148934052223e-7,0.000028294546437428662,1.062761582520481e-6,2.0723428892603923e-7,1.7329995418474547e-7,1.9519332573433144e-8,2.450364752126434e-7,2.2138086155960652e-7,2.463377202555527e-7,1.5070391891790262e-7,8.817883803192339e-7,4.581682356767429e-7,1.0111131665641575e-6,1.3126884675532525e-7,1.4269748447913512e-7,3.5274532574530865e-7,1.4960206659638102e-7,4.213597276610861e-8,1.5745222497771265e-7,3.344652056690408e-7,9.358560067385986e-7,0.00001654038287219159,3.3258079213257706e-7,1.8205509806395126e-7,2.4942786121262803e-7,5.565744301902332e-8,2.3630601743268532e-7,2.372755117631589e-7,1.7870723480052892e-7,2.464824573810098e-7,3.3563853131020927e-7,2.958431846765433e-7,3.8794221945693824e-7,1.5940988767953598e-7,4.600847515214303e-8,3.2854279511162426e-7,1.3206683662883856e-7,1.711092369564178e-8,2.400097769969399e-7,2.3714972367256576e-7,3.354876489023403e-7,0.000012255214538587191,1.0853301331968445e-6,2.1117486117133857e-7,1.683730353427881e-7,1.4086708816570862e-8,2.5004646003218907e-7,2.204093134237991e-7,2.394734937940353e-7,1.5423144832009328e-7,8.680611525395433e-7,4.5496924719114884e-7
7.765084019609952e-7,1.7426234296602342e-7,3.586934449597446e-7,2.9584632109546584e-7,1.3955613246116482e-7,1.9200782279281733e-7,1.9635835304842828e-8,1.6652097345675423e-7,5.775452812928353e-7,3.739737227858726e-7,0.000017487013131367945,3.1157381439218647e-7,2.2406337229148813e-8,1.404363174498422e-7,4.007111863877991e-8,1.1402995733420503e-7,2.2011778625949117e-7,2.2514902792104064e-7,3.6961335780103735e-7,1.9006344153569816e-7,8.76760116179269e-7,2.935580803344802e-7,2.1973386492490416e-7,2.0787849700894213e-7,1.430362105450799e-7,1.5588378099977916e-7,1.8397945903935684e-8,6.976285983856264e-8,1.3096989112588923e-7,3.9484733704139036e-7,0.000024292702403701928,3.0442197626961524e-7,5.221686460661565e-7,1.502407547707373e-7,5.141140764389062e-8,1.1353512216156715e-7,2.1907759941968855e-7,1.2406780805643896e-7,4.6346814131296214e-7,1.3911093169148484e-7,7.77033830380546e-7,1.6760968207142138e-7,3.504145930290208e-7,2.9834773184113553e-7,1.3805121435222955e-7,1.882765410087418e-7,1.4886436200478579e-8,1.6982211076085947e-7,5.811450867614151e-7,3.7728660334511645e-7,0.00004066809511875918,3.0475611282293604e-7,1.8604604599173418e-8,1.338705677782885e-7,4.3957174840506145e-8,1.1724854725307922e-7,2.2110004056168346e-7,2.2025992422206383e-7,3.676383441221447e-7,1.853121581720363e-7,8.763713889870423e-7,2.9827359158165264e-7,2.2148477403081691e-7,2.1367236730024077e-7,1.43987500197302e-7,1.5289312384399105e-7,1.2588931371750878e-8,7.530753070727032e-8,1.3484322922792304e-7,3.976315572240821e-7,0.00012161166969950757,3.0127253910074864e-7,5.176122695110039e-7,1.5164494843911723e-7,5.398444614290025e-8,1.1679090956342954e-7,2.1975598476617674e-7,1.208913570329518e-7,4.6948706903094784e-7,1.4121775753851325e-7,0.00019038028542644903,1.6197897096307233e-7,3.4170324055942386e-7,3.0077255769522227e-7,1.3632340488304583e-7,1.8444337858527065e-7,1.1355572211465784e-8,1.7287052364017525e-7,5.840667809593685e-7,3.8033770032522243e-7,0.0001214960527042202,2.978823392185744e-7,1.5041524950653777e-8,1.2732282759258916e-7,4.848570482774636e-8,1.2045147791871592e-7,2.2196336840280255e-7,2.150656142842846e-7,3.6512382240036613e-7,1.8093271319312376e-7,8.755080430796881e-7,3.0322796972153484e-7,2.2277874207580892e-7,2.1926263568963238e-7,1.4485990650154543e-7,1.4977242136574524e-7,7.010060174961825e-9,8.092591929747136e-8,1.383978471444691e-7,4.0025762753576674e-7,0.00004055218761111803,2.979071044460832e-7,5.124106950473898e-7,1.5302639975922652e-7,5.6688601724998476e-8,1.199695028746835e-7,2.202099246277022e-7,1.177704537106518e-7,4.750527113763015e-7,1.4484553034747906e-7,7.774791306010696e-7,1.5759611287110445e-7,3.3257134568656174e-7,3.0312578432430096e-7,1.3437555028172982e-7,1.8051358466453856e-7,1.0501323413286095e-8,1.7567105807689427e-7,5.863026870053183e-7,3.8310814633242686e-7,0.000024177414939758262,2.909727747555959e-7,1.2402512750150214e-8,1.2081101740573158e-7,5.35139293746272e-8,1.2362262722660108e-7,2.2270702855678724e-7,2.0958212901677824e-7,3.6207199977196106e-7,1.7692205069334477e-7,8.741692489301796e-7,3.0842707294257443e-7,2.2361418199484168e-7,2.246299908053904e-7,1.4565322048980042e-7,1.4652507874552832e-7,3.0016529430981125e-9,8.659920469993106e-8,1.4161532618592535e-7,4.027218560925804e-7,0.000017370853959572904,2.9435603828196956e-7,5.065687897688334e-7,1.5438612453447302e-7,5.948314570544738e-8,1.2306493674861532e-7,2.2043976274775223e-7,1.1469626716994686e-7,4.801507396169414e-7,1.4977375285741943e-7,7.773976752364078e-7
6.821869237590631e-7,2.451569516262026e-7,2.502380696806694e-7,9.073321237082366e-8,1.451100295161097e-7,1.7110950832747457e-7,3.991362522809e-8,1.0059256064904204e-7,1.423867875597215e-7,3.4570053096383805e-7,6.122940172877934e-6,4.4964152492370623e-7,2.5532126119319065e-7,1.504843089362843e-7,9.082070151732972e-8,3.985923811204922e-8,1.8349728935260836e-7,3.3759371121539905e-8,2.9015141744245215e-7,2.314195563546462e-7,5.237314146649915e-7,1.5558996854248931e-7,3.1621168417094657e-7,2.0254561086891724e-7,8.139184251865528e-8,1.1880880167207203e-7,3.488892550339195e-8,2.365493664293078e-7,2.2803002671858186e-7,4.281996936618051e-7,8.783421169724695e-6,3.48066582104842e-7,1.7271471213979573e-7,1.9691635320673673e-7,4.457698504729954e-8,1.2670619283322362e-7,1.7772542975162324e-7,1.755378643576814e-7,2.0618018423927573e-7,2.939683626168741e-7,6.822954920370972e-7,2.5182612814384206e-7,2.5467401749413166e-7,8.793320697093074e-8,1.458478469875384e-7,1.6961965797512064e-7,4.2171242398836156e-8,9.584674311528844e-8,1.3225240071755452e-7,3.4480130513839866e-7,0.000014489529115508917,4.4578911832812876e-7,2.550562197853038e-7,1.435162679773236e-7,8.954030936329209e-8,4.163094256159892e-8,1.8128678080458953e-7,3.691941457977463e-8,2.963333945496937e-7,2.2340770252595387e-7,5.244170869108017e-7,1.641838250201417e-7,3.079619512435248e-7,2.104056666241837e-7,8.157977067083796e-8,1.1615390652309668e-7,4.01537784570721e-8,2.4586528783644347e-7,2.2691508133734841e-7,4.332303572146216e-7,0.0000439018330121931,3.4659514932146756e-7,1.8461320393010738e-7,2.0192050379693529e-7,4.335486919962481e-8,1.288795959894711e-7,1.7848762620948665e-7,1.799677618704658e-7,2.0322623764629827e-7,2.89281832472107e-7,0.0000683825577587558,2.5838015762353817e-7,2.5878238786100324e-7,8.497983484405478e-8,1.4636370625008316e-7,1.6808590263165378e-7,4.4547464684436335e-8,9.15346094958765e-8,1.2192127019488595e-7,3.4385314706537705e-7,0.000044024780922229596,4.4166515345630433e-7,2.548919081825908e-7,1.3645600645160897e-7,8.818201887982251e-8,4.337268101351829e-8,1.7910609232487888e-7,4.3868604990139925e-8,3.0259144335346865e-7,2.1563929155583997e-7,5.251329874591329e-7,1.7290096811011212e-7,2.9977484659860876e-7,2.18646988378481e-7,8.17826726598245e-8,1.134322061647599e-7,4.540040072649367e-8,2.5489397959132096e-7,2.2594870927135096e-7,4.380448504775387e-7,0.000014613390497784123,3.4506956376689956e-7,1.9628300396406447e-7,2.0698576076156354e-7,4.235844117858485e-8,1.3106620758008234e-7,1.7905067913637054e-7,1.8421116259489584e-7,1.9999543160719045e-7,2.8451708798113153e-7,6.815667767464047e-7,2.648254320677283e-7,2.6254923431399427e-7,8.188856592181444e-8,1.4665084987604416e-7,1.665096247386119e-7,4.703624520766268e-8,8.770583672508438e-8,1.1140856777853766e-7,3.428663351034116e-7,8.905540043783122e-6,4.372780221200551e-7,2.548360165169883e-7,1.2935260409157202e-7,8.675909611587421e-8,4.507587442865415e-8,1.7695270907710233e-7,5.299234001085854e-8,3.089111523090894e-7,2.08140539570194e-7,5.258783946207518e-7,1.817272552671846e-7,2.9166167480667854e-7,2.2723674587157545e-7,8.200597197266683e-8,1.1064857025821107e-7,5.0571820886674705e-8,2.6361647825981027e-7,2.251205850329869e-7,4.4263075615659657e-7,6.247794378002208e-6,3.434804895136755e-7,2.0770711148981006e-7,2.1209814673843154e-7,4.1576384027429294e-8,1.332598231449223e-7,1.7941476402970035e-7,1.8825310095550457e-7,1.9650038085910353e-7,2.7966814195134404e-7,6.807310981726692e-7
1.0030419942742407e-6,9.377362013059465e-8,2.7532082765767724e-7,1.3926660520095528e-7,1.6153652349248212e-7,1.467253096625894e-7,1.1931578978461166e-7,5.994678234523888e-8,2.42924309492818e-7,5.088600448519205e-7,9.666491246506303e-6,6.101558639391671e-7,1.7552756321541322e-7,2.1138569440931466e-7,1.4433840950497037e-7,1.3923952109318641e-7,1.9711154218132218e-7,2.2190637578216366e-7,2.4797699335566736e-7,9.462215588442002e-8,9.700404397997794e-7,1.1349042167165832e-7,2.857243720836489e-7,1.6201221325507964e-7,4.0942884335991295e-7,4.532025503266788e-8,1.486920408203008e-7,1.4063552184679324e-7,2.5119110605339304e-7,5.545852528121263e-7,0.000013592065750475924,5.835353986957208e-7,1.6123138309964534e-7,1.4880784456923373e-7,1.4018318476501095e-7,2.416218326384944e-7,1.5973224362257602e-7,2.8396105393843507e-7,2.5509779219581913e-7,1.3209025343815133e-7,1.0046204085493898e-6,9.667950350191178e-8,2.820002302892188e-7,1.4250996834227994e-7,1.6420734052791866e-7,1.4392736391797837e-7,1.1159832938069024e-7,6.487828751500671e-8,2.4333230388890315e-7,5.06864520592744e-7,0.000022709965862278157,6.108180294065135e-7,1.7259059513736005e-7,2.0954858050838195e-7,1.524831362549307e-7,1.417815644295985e-7,1.931221641280897e-7,2.1851748403980203e-7,2.4766958926564736e-7,8.135833011390462e-8,9.700908661846245e-7,1.1530144668431094e-7,2.8989963458636376e-7,1.64316685074284e-7,4.0923485684190136e-7,3.90108943471941e-8,1.4019855702987467e-7,1.4493375731945695e-7,2.5333580027331723e-7,5.545127845716117e-7,0.00006832287809420251,5.873954482431632e-7,1.6091194512119998e-7,1.4489968868816772e-7,1.3438970582331834e-7,2.4749931843682344e-7,1.5682300161701565e-7,2.8070270319584215e-7,2.4918644548449315e-7,1.196012757278758e-7,0.00010652161927590141,1.0120285937324737e-7,2.885521478721773e-7,1.4548275145541966e-7,1.66888885675724e-7,1.410091428303974e-7,1.03806869913534e-7,6.995595029099811e-8,2.4384160513842757e-7,5.045779821702299e-7,0.00006846249201368806,6.110587460081141e-7,1.695779239724717e-7,2.0758465336887798e-7,1.604958102023035e-7,1.4417275945106162e-7,1.8900697914223562e-7,2.1496604020955755e-7,2.4752584143612874e-7,6.907981026147693e-8,9.697954519806917e-7,1.1938663543426938e-7,2.941135267565174e-7,1.6633985269883184e-7,4.0883049649652377e-7,3.256607167172336e-8,1.316590453320221e-7,1.4914563491268123e-7,2.553126078509056e-7,5.540313113367444e-7,0.000022848738462884492,5.909249740649523e-7,1.6074856054071682e-7,1.4073529375602942e-7,1.2891148979927782e-7,2.5326394702543116e-7,1.539549170898872e-7,2.772349865835095e-7,2.432296719658658e-7,1.0746344919948362e-7,1.0062969838899163e-6,1.0719460176263684e-7,2.9496206148226975e-7,1.4818557521740717e-7,1.6956210872112511e-7,1.379749635667468e-7,9.596853650712172e-8,7.511963145827792e-8,2.4444474624918306e-7,5.02013494519316e-7,0.000013732568585516277,6.108757611700905e-7,1.6651496627096916e-7,2.0549329256411248e-7,1.6835990994303018e-7,1.4641118971365808e-7,1.8478320030130837e-7,2.112517233747804e-7,2.475444992674536e-7,5.825635844306257e-8,9.691547631400544e-7,1.2560141516863278e-7,2.9835902351606465e-7,1.6808460622591776e-7,4.0821060675893416e-7,2.5991305873482152e-8,1.2310840094091087e-7,1.5327029474277696e-7,2.571100906216004e-7,5.53143454050489e-7,9.804471728596707e-6,5.941100843453539e-7,1.607560960523125e-7,1.3632043656780582e-7,1.2378444791145e-7,2.589091846399831e-7,1.5114736752296445e-7,2.7356513249540247e-7,2.372565690362489e-7,9.575935440862364e-8,1.0063938229733813e-6
5.951458680943169e-7,1.187946632722622e-7,2.3406911900550464e-7,2.2768593659714367e-7,3.634813196496258e-8,3.263210329036233e-7,1.3009091013073007e-7,1.2004076049474738e-7,2.3615989752138458e-7,3.984964939129319e-7,8.126247071171547e-6,3.3978655115658334e-7,2.3186163967481593e-7,1.6837035255010393e-7,1.3701736540119622e-7,3.826795683932215e-7,2.084128978762944e-7,9.895196590901181e-8,1.909007948533166e-7,1.0350772110367756e-7,6.032284244291308e-7,8.842661375141647e-8,1.5357206886619032e-7,2.2526612806724167e-7,2.6193399062559544e-7,3.873968630344841e-7,1.1942087224136517e-7,1.825060500484713e-7,2.0112993768162532e-7,4.1919402462171527e-7,0.000011360295270890445,3.0736269637777045e-7,2.934920196034877e-7,1.2490379439598604e-7,1.4125601115299468e-7,2.4612258263420875e-7,3.2710612766142564e-7,1.6324658123920933e-7,2.8041514422044666e-7,1.2217419438852957e-7,5.955136054241627e-7,1.2288471593084916e-7,2.332662213807851e-7,2.3220554398065895e-7,3.161858296987057e-8,3.2753769940682627e-7,1.3343438197758403e-7,1.249946371701757e-7,2.325028144055864e-7,3.971160121569822e-7,0.000018895694167362766,3.379696128857331e-7,2.3210846029360928e-7,1.6649294620606495e-7,1.384217218239677e-7,3.8480213373155135e-7,2.1165969162084854e-7,9.548336361983142e-8,1.9165348136422157e-7,1.004489326892155e-7,6.028168260589471e-7,9.566979271701906e-8,1.4987558407748942e-7,2.2946208663176944e-7,2.5769711585540995e-7,3.8424623840830077e-7,1.267743442250963e-7,1.8433226185872476e-7,2.00300808292862e-7,4.2029684778841215e-7,0.00005656556501861978,3.087417361198037e-7,2.965103324673376e-7,1.2041844216718686e-7,1.3210881403887044e-7,2.474593850284899e-7,3.2931219809621755e-7,1.5728470972760493e-7,2.780825714945696e-7,1.2177244065276636e-7,0.00008829880213505319,1.2713172850945082e-7,2.3244888158945635e-7,2.3662682513421543e-7,2.711245141864339e-8,3.2822771108333484e-7,1.3713299412796904e-7,1.2991868271800794e-7,2.2879920087815815e-7,3.9560138135560005e-7,0.00005642276106765127,3.3593582439143777e-7,2.3225849163916473e-7,1.6452782812458562e-7,1.3988668719975243e-7,3.862853326338056e-7,2.1475255744301925e-7,9.20158280215811e-8,1.925314716419252e-7,9.831583672219022e-8,6.022227077294175e-7,1.0341072685701124e-7,1.463602373397695e-7,2.335113719907915e-7,2.5318420192018296e-7,3.80531313859683e-7,1.3401832187079596e-7,1.8594554791661756e-7,1.9939314544809273e-7,4.211452668628386e-7,0.000018752218414696935,3.1006897405090245e-7,2.9941697634668694e-7,1.1586228188003844e-7,1.2279647286586024e-7,2.483746735475378e-7,3.313925158444198e-7,1.511025343638459e-7,2.756875313807726e-7,1.2185909029693364e-7,5.953266304368333e-7,1.3153467278325975e-7,2.3160859182288882e-7,2.4093810658972223e-7,2.3093960247602883e-8,3.283868783532868e-7,1.4111438524682942e-7,1.3480862135371535e-7,2.2505517849087932e-7,3.9396212608371375e-7,0.000011218205107923823,3.336886513170096e-7,2.3231876640594083e-7,1.6247341774427587e-7,1.4142825775671016e-7,3.871278172541286e-7,2.1766853142545494e-7,8.855369200526765e-8,1.9352822301190529e-7,9.712721426550783e-8,6.014465276731435e-7,1.1157512314914532e-7,1.4304384358073776e-7,2.3741338845208622e-7,2.4841418384827874e-7,3.7625032744141673e-7,1.4113341198132468e-7,1.8734743860614585e-7,1.983977694105141e-7,4.2173899686502147e-7,7.982141292839297e-6,3.113327140585337e-7,3.022070702690337e-7,1.1124102792715591e-7,1.1334909379081951e-7,2.488723296900644e-7,3.333338897652367e-7,1.4470626355842865e-7,2.7324182618573726e-7,1.2241297827481177e-7,5.947712330771732e-7
5.6590800807766e-7,1.421311138077426e-7,1.9403297724952743e-7,1.82054057288073e-7,1.487752889784954e-7,1.6400263810902524e-7,1.528139869744037e-7,8.583121018793814e-8,1.4089537343933108e-7,3.9850417616990505e-7,6.783371673577824e-6,3.5912406955949786e-7,1.7072769437570945e-7,1.278465751465211e-7,1.2297492571707516e-7,6.648998152526937e-8,2.824011761228574e-7,5.322455569753074e-8,2.4068090283425466e-7,1.1150080843339953e-7,5.041181458920878e-7,9.418352433486399e-8,2.104264171497379e-7,1.239879702348043e-7,3.3681620106446863e-8,6.239206001732742e-8,1.4299865371623092e-7,1.951599118824198e-7,1.4455457233252006e-7,3.954357955928219e-7,9.490270564184078e-6,3.33975443752253e-7,1.579868686440211e-7,6.288511016130407e-8,6.571857323051498e-8,8.837894314893909e-8,6.784300722919405e-8,1.8820476382644234e-7,2.3401073862115496e-7,9.576172983014059e-8,5.65493527971308e-7,1.4820617841371747e-7,1.9570815574378487e-7,1.841192971503967e-7,1.560602015245354e-7,1.608015294880735e-7,1.5360153140999472e-7,8.638466987755712e-8,1.3483178248397697e-7,3.970803350102425e-7,0.000015756121053992473,3.5766410367277614e-7,1.720616084377341e-7,1.2754463327472157e-7,1.2904587387140727e-7,6.469874479862791e-8,2.8185242049005736e-7,5.304830671371609e-8,2.4241264416271944e-7,1.0410540796427267e-7,5.044144009513758e-7,1.0246201343439033e-7,2.0702553295503331e-7,1.2603495349243506e-7,3.9499485597549426e-8,6.268983442588926e-8,1.384886884547699e-7,1.959740919557453e-7,1.4268403840334795e-7,3.979490661173749e-7,0.000047155790779191096,3.348077732641752e-7,1.6158240021268899e-7,6.18982637368482e-8,7.374822456552808e-8,8.888935130363307e-8,6.208280989215623e-8,1.8577175750584844e-7,2.3191319637426997e-7,9.038634443258693e-8,0.00007361749605735333,1.5426007384240117e-7,1.9733968733392614e-7,1.8614233116373635e-7,1.6324273247441856e-7,1.57569950532326e-7,1.5462613491111444e-7,8.672802126503681e-8,1.287904119775829e-7,3.955443108960225e-7,0.00004700526040844948,3.5601028598820904e-7,1.733572784700307e-7,1.2702981689093317e-7,1.3503024917890904e-7,6.294272471457187e-8,2.8123225072759267e-7,5.2867084826147755e-8,2.44128041100761e-7,9.719988155900544e-8,5.046452008913974e-7,1.1084995931983333e-7,2.0359240815839962e-7,1.2801823569136175e-7,4.533717406039485e-8,6.292639586368377e-8,1.3389631482631259e-7,1.9649946313994493e-7,1.4086822117266062e-7,4.002420694392085e-7,0.000015606634488773607,3.3559053962170207e-7,1.6535729887424352e-7,6.116782310272612e-8,8.170774514764907e-8,8.95028768159316e-8,5.619481191351746e-8,1.830665372755059e-7,2.296923775689149e-7,8.504548464558265e-8,5.637579143995218e-7,1.602946299761036e-7,1.9891156716719654e-7,1.8810955346535085e-7,1.7030443197839366e-7,1.5430913454793195e-7,1.5589602663602637e-7,8.685851528665822e-8,1.227865567518534e-7,3.9390566388761663e-7,9.33873186643226e-6,3.541690885522897e-7,1.746205273007972e-7,1.2629549298970635e-7,1.409082452949018e-7,6.121196576115065e-8,2.805485816010307e-7,5.265761393802048e-8,2.4581847295226676e-7,9.087344624576904e-8,5.048099479368351e-7,1.1933767255147288e-7,2.001358654090215e-7,1.299478369755724e-7,5.1141911837658235e-8,6.311098672701521e-8,1.2924202985670936e-7,1.9673789148870881e-7,1.3909702165658517e-7,4.0230901056007535e-7,6.634961616451143e-6,3.363173982075558e-7,1.6929004720147225e-7,6.07025453543395e-8,8.957507884002025e-8,9.02194756930378e-8,5.0201147039938144e-8,1.8008726872649403e-7,2.2735941995111416e-7,7.974344433627585e-8,5.62437876683598e-7
8.902036664588528e-7,1.6510877787431007e-7,2.7210199193733887e-7,2.388267699641539e-7,3.004043636238833e-7,1.6186022497952742e-7,6.0734721706325e-8,1.7285089985788664e-7,2.7558759843657954e-7,4.488448205848319e-7,0.000010994923303751553,5.59355886197943e-7,2.745164252211159e-7,2.8901457304975375e-7,3.125171159033307e-8,1.753432165763155e-7,1.7249076244673986e-7,3.4285295858744066e-7,1.6652381837299675e-7,1.2120746836351598e-7,9.80215108670346e-7,6.779251584034381e-8,2.8707589248690696e-7,6.436656577996985e-8,2.9846306500780317e-7,8.25827179326544e-8,1.119838278741714e-7,1.3509935024269086e-7,3.2530820218965616e-7,4.7638618328842416e-7,0.00001527409824685992,5.440415461303333e-7,1.6231267594871443e-7,6.580022851002094e-8,2.6841320956142455e-8,2.4457924108573136e-7,1.6197568714025894e-7,2.2974907012740238e-7,2.929853082322813e-7,1.5671346400684474e-7,8.91069927040179e-7,1.6305030438347782e-7,2.7731002274097353e-7,2.3601636001148354e-7,2.9889161394636193e-7,1.566438452334977e-7,5.641320615358826e-8,1.7221858815139475e-7,2.6903282743782636e-7,4.4804961282607625e-7,0.000025714292945755915,5.599714290144308e-7,2.699375007936446e-7,2.770003010452984e-7,2.6626707353761494e-8,1.809267074980037e-7,1.7394544817686013e-7,3.330090750118826e-7,1.709320594209955e-7,1.0791836903028495e-7,9.810147484270903e-7,7.46230095535198e-8,2.8820400687853455e-7,6.514719275933036e-8,2.9966477551204246e-7,7.836440030210807e-8,1.0912226274095525e-7,1.4293494657424333e-7,3.3225712413722684e-7,4.7678797190895526e-7,0.0000770430449878351,5.461050699983474e-7,1.6635976652295283e-7,6.600496764870308e-8,2.4935377007740444e-8,2.484848114375142e-7,1.623048249752056e-7,2.3266959357457878e-7,2.8897205732176264e-7,1.4969165906558258e-7,0.00012048743011961693,1.6206023543133405e-7,2.8238196487754513e-7,2.3286550633515773e-7,2.970230998837283e-7,1.5134993090040957e-7,5.242811111162524e-8,1.7167076597091255e-7,2.621837044716491e-7,4.4696164630029416e-7,0.00007719215248247482,5.602558272453867e-7,2.6539759843513216e-7,2.646624776732147e-7,2.4351463721775048e-8,1.8634212978731676e-7,1.7525246698452808e-7,3.231946827715183e-7,1.7626657103884912e-7,9.483156963325038e-8,9.8136193262586e-7,8.342623828817266e-8,2.897018434783114e-7,6.834057813266793e-8,3.0079438945987226e-7,7.397559966891766e-8,1.0643897656107985e-7,1.51287963573706e-7,3.3915596896520004e-7,4.768527373380747e-7,0.00002586394640164416,5.478177987345284e-7,1.7036524001752424e-7,6.68020202332546e-8,2.4485686798512174e-8,2.5226482010459446e-7,1.6229292012296643e-7,2.353107453335305e-7,2.8472913835836e-7,1.435201700440137e-7,8.9174233084268e-7,1.622205964611006e-7,2.8731188431048157e-7,2.2938622330110502e-7,2.9479715387607126e-7,1.4599066797827259e-7,4.892089863273744e-8,1.7121034289629043e-7,2.5505417431784027e-7,4.455900147130855e-7,0.000015422675907299557,5.60202413975152e-7,2.60926034878971e-7,2.5202784154367076e-7,2.5229147622945535e-8,1.9158391824339761e-7,1.7640833874399516e-7,3.1342862843108955e-7,1.8248124148268065e-7,8.196849646885213e-8,9.812562609484694e-7,9.371375659072647e-8,2.915437245067887e-7,7.367692518412294e-8,3.018555472105348e-7,6.94199567404547e-8,1.0393494317494347e-7,1.5999989746343812e-7,3.4598587013225466e-7,4.765842705625022e-7,0.000011145139386814796,5.491734481923834e-7,1.743076889471017e-7,6.818980420419337e-8,2.5468467135130078e-8,2.5591566278254316e-7,1.6194415782459054e-7,2.3766079302450248e-7,2.8026448059139803e-7,1.3825885550250044e-7,8.915482406035778e-7
4.7039290291128337e-7,2.003075309295203e-7,4.4953421076408084e-7,2.1388807919033101e-7,1.4201713342502507e-7,1.9618797988243767e-7,3.8923353981042216e-8,2.7884367255554155e-7,2.3824468167267885e-7,3.072542379458601e-7,9.272118047107686e-6,4.279870865505812e-7,5.466284150165716e-7,2.0717255805080653e-7,8.837838743978822e-9,1.256250099759266e-7,2.9246366187473125e-7,1.6310857729253192e-7,2.773473206765324e-7,4.703217036976275e-7,4.604075243873858e-7,3.4866853814138806e-7,4.419064003677227e-7,1.8892197630062533e-7,1.479594442283281e-7,2.3697391730651182e-7,3.367006226436618e-8,1.4179352704147328e-7,4.156187077661939e-7,4.7302433686464466e-7,0.00001283893310080057,3.150164083075913e-7,3.481325715430279e-7,1.8945758954098292e-7,1.7534200895631076e-8,7.806271432187283e-8,2.8712377284791695e-7,8.187059221119587e-9,3.8750259178646895e-7,2.2099408267191646e-7,4.701165403136263e-7,2.0671545947981344e-7,4.4964835833161285e-7,2.1989050442670846e-7,1.4243036957023208e-7,1.9187231375555282e-7,4.5551032570204805e-8,2.80543661750764e-7,2.3754152760353583e-7,3.047551824012753e-7,0.000021640157132154984,4.2524944520867676e-7,5.466104515292052e-7,2.0433395737530528e-7,6.754388321125819e-9,1.3039358180023531e-7,2.9281085001459395e-7,1.5618774079603794e-7,2.862321155198028e-7,4.74339656399138e-7,4.6170884881037556e-7,3.456897118915334e-7,4.3421889852073945e-7,1.9447867978642033e-7,1.488495405443934e-7,2.3338751988246317e-7,3.960874544678729e-8,1.4443502916275358e-7,4.179269935676241e-7,4.771266562250548e-7,0.00006478261333903007,3.1217366539857e-7,3.507178196735738e-7,1.868198369750597e-7,1.5790256150059196e-8,8.238929351062618e-8,2.855952461483983e-7,8.141829786007522e-9,3.88203392912689e-7,2.1558532202781467e-7,0.00010185379365682478,2.1314134540755252e-7,4.492601345168177e-7,2.2569116615120123e-7,1.4271906866111062e-7,1.8742970452568232e-7,5.2367024720861344e-8,2.821851825382695e-7,2.3667962115432615e-7,3.0274850775706864e-7,0.00006493293994183057,4.222927005649912e-7,5.459876797537979e-7,2.0124393055511417e-7,9.22047716047847e-9,1.3506950923641954e-7,2.9292123942669465e-7,1.4920361174082257e-7,2.948108341898779e-7,4.783887444985281e-7,4.629396410353474e-7,3.4268367162754874e-7,4.259966640715456e-7,2.0000718513038874e-7,1.4952670890944314e-7,2.2967011508969238e-7,4.5590484144722086e-8,1.4689456706284268e-7,4.1975947483691026e-7,4.81059596948499e-7,0.000021790826077084846,3.096617611823268e-7,3.5301091855037777e-7,1.8412373622578522e-7,1.5909211325538986e-8,8.660439747229121e-8,2.839603180186681e-7,1.1512468815151224e-8,3.883813889294507e-7,2.10250811447996e-7,4.690295730467542e-7,2.1958200092285954e-7,4.483635417438165e-7,2.3127873678804336e-7,1.4288321240654813e-7,1.8286413917224157e-7,5.927035855340273e-8,2.837673647624082e-7,2.356461203441183e-7,3.0123274958867765e-7,0.000012988882607471175,4.191327891633466e-7,5.447683737294009e-7,1.9789523105420188e-7,1.3974164788732542e-8,1.396451349127028e-7,2.927946743105476e-7,1.4216132670129295e-7,3.030579760704379e-7,4.824355834621872e-7,4.6409949405501844e-7,3.396865454915085e-7,4.172459647631656e-7,2.0550601403011476e-7,1.499902799380905e-7,2.258247766596167e-7,5.160747383491314e-8,1.4917894237033333e-7,4.21100973397975e-7,4.847982883277054e-7,9.423091701156632e-6,3.075067620131852e-7,3.550233490945737e-7,1.8136736408211064e-7,1.7911308128261404e-8,9.07043569468879e-8,2.822193259382439e-7,1.6493356327389757e-8,3.8803794468584144e-7,2.0499525178938823e-7,4.6822182623598507e-7
2.3674974788901805e-6,1.4537801444171822e-7,3.143309159773729e-7,2.0111577595770997e-7,1.8178825389117983e-7,6.157866396016122e-8,6.827073014007769e-8,2.7832760444071555e-7,1.840281931544891e-7,1.3951390063144256e-6,0.00004007600772137311,2.1887103437207557e-7,2.1660675941891968e-7,1.8332741036041598e-7,1.2973882365660738e-7,1.3958063445073898e-7,6.201832097127774e-8,9.802870807672702e-8,5.388223537221301e-7,1.3458519363366802e-6,1.9054702573001813e-6,1.2280695900780854e-6,5.241018297183153e-7,1.2404648486902413e-7,1.573108035152411e-7,7.486732834154263e-8,6.61969314041134e-8,1.6891183766725522e-7,2.20941178605364e-7,2.6061842246167505e-7,0.000056628670016522286,1.2332245803275975e-6,7.881654917610972e-8,2.855588889851194e-7,1.051605517901931e-7,1.1981382477951146e-7,8.714299407638967e-8,5.7912782557764056e-8,4.905123081618085e-7,3.846615140876434e-8,2.369751330838363e-6,1.5192768496690725e-7,3.094573754022914e-7,1.9846549169922197e-7,1.8394687377454547e-7,5.968958683403791e-8,6.954963438161675e-8,2.754290530950985e-7,1.7804245059779103e-7,1.391907806400909e-6,0.00009379793767130427,2.0969755338875895e-7,2.3225330760108048e-7,1.8527689962991352e-7,1.2667219158313892e-7,1.413595355164843e-7,6.080292386678371e-8,9.243629059279864e-8,5.329314886868025e-7,1.3045100052702767e-6,1.9046172072126707e-6,1.2710910702389376e-6,5.310465054268084e-7,1.2122587513865045e-7,1.6041151458422208e-7,7.397501267155152e-8,6.822286758237752e-8,1.6691823906270707e-7,2.026024646722919e-7,2.680919519684545e-7,0.00028216866210810084,1.2406536804126894e-6,7.799179970056561e-8,2.9063099538724733e-7,1.0358217163975241e-7,1.2072199033891713e-7,8.576395074199327e-8,5.865274656357471e-8,4.961381791652382e-7,3.6686795204336025e-8,0.00044047685729092995,1.5917072700416315e-7,3.042047054247003e-7,1.9566561228315549e-7,1.8603904239639555e-7,5.781087117205363e-8,7.086379398884323e-8,2.723035458430069e-7,1.7214370929245508e-7,1.3871707393201328e-6,0.000282020261913733,2.03970030414794e-7,2.4842345175427524e-7,1.8720658691735836e-7,1.235004903704843e-7,1.4310192484594993e-7,5.9645613133579e-8,8.691190274197425e-8,5.268237158003857e-7,1.2625846460697762e-6,1.9044099510777372e-6,1.313570589821199e-6,5.377781517413307e-7,1.1875903090846916e-7,1.6352772323750807e-7,7.306174882619723e-8,7.015626475472665e-8,1.649311564976454e-7,1.8455950813990943e-7,2.7788717528156135e-7,0.00009365048750062739,1.2466640312975514e-6,7.761659898120745e-8,2.955045498196185e-7,1.0198345214453824e-7,1.2162507455235882e-7,8.436160479549264e-8,5.97097200344983e-8,5.013456892759235e-7,3.8190065785774e-8,2.368666906501594e-6,1.6715970592795168e-7,2.9858798276322837e-7,1.9271862546224736e-7,1.8806380527118344e-7,5.5947393693495534e-8,7.220945532608028e-8,2.689611566765472e-7,1.6632422761667236e-7,1.3809836569417937e-6,0.00005647932792809443,2.0203698459013396e-7,2.650421589111884e-7,1.8911909553216252e-7,1.2022478927580145e-7,1.4480648967719356e-7,5.854964495919397e-8,8.147696461410823e-8,5.205252054350219e-7,1.2201313226327928e-6,1.9048483462323329e-6,1.3554521854593649e-6,5.442702436036976e-7,1.1667836470434187e-7,1.6665651512663658e-7,7.212936598584071e-8,7.199731699590922e-8,1.6294862507222669e-7,1.6685969274688932e-7,2.8972205662863384e-7,0.00003992951782337771,1.251201369958007e-6,7.770724779964718e-8,3.001689108909503e-7,1.0036427609043585e-7,1.2252301145723845e-7,8.294151812919426e-8,6.101602891401243e-8,5.061204141921653e-7,4.20372967986473e-8,2.3653278009242854e-6
7.980765403167958e-6,1.8715759757726141e-6,7.706697230260891e-7,1.132901747841642e-7,8.531356265178355e-7,5.275691890847572e-7,8.082480262670165e-8,8.366365751864267e-7,7.36279569292035e-7,7.802784717008607e-7,0.0000812299929017431,1.1178875893317556e-6,7.532636033643649e-7,8.101299472472927e-7,2.72802391932213e-7,5.682024849836654e-7,6.577190695194369e-7,3.917503630638848e-7,9.942206041305218e-7,1.6179770683532213e-6,4.849110992746248e-7,1.6168585310908946e-6,9.205718213162186e-7,1.9569949485894374e-7,7.794144023282823e-7,5.135282835885954e-7,1.6888028606262183e-7,7.74342396584034e-7,9.230243364754374e-7,1.130242997416333e-6,0.00012365017961626346,7.84152431820744e-7,6.013466485424976e-7,8.756027456213488e-7,1.881302085190639e-7,5.825079891127579e-7,7.343407076470504e-7,3.1998232017315925e-7,8.061258629576217e-7,1.9874638285281196e-6,7.985944809978217e-6,1.931346416463208e-6,7.532159899950357e-7,1.345574756904999e-7,8.59157220769775e-7,5.135294024346309e-7,1.0043430546407529e-7,8.420528865259214e-7,7.169805986164103e-7,8.311635839888977e-7,0.00019509455961613348,1.1044538101399488e-6,7.828988194204719e-7,8.061471157031466e-7,2.526416650152029e-7,5.827451287632935e-7,6.533101959220435e-7,3.6980735875055213e-7,1.0040844047943911e-6,1.5970599030255218e-6,4.876066082307219e-7,1.6398333896878812e-6,9.127432853135043e-7,2.173606171215763e-7,7.850177946511291e-7,4.991843553581301e-7,1.8861778407473587e-7,7.801795560739266e-7,8.933509448657591e-7,1.143977217694716e-6,0.0006017468026868125,7.354787059801483e-7,6.205423351386699e-7,8.722010772543256e-7,1.6782933731472533e-7,5.968877073929988e-7,7.297769299618588e-7,2.989923484420311e-7,8.258241158283497e-7,1.924191015657813e-6,0.0009306656416846256,1.992600096574246e-6,7.351572693187665e-7,1.5591251001421234e-7,8.646064327164736e-7,4.99097840136405e-7,1.200194857963665e-7,8.468641748962005e-7,6.974737167372578e-7,8.802318223971398e-7,0.0006016026761335275,1.091240176935733e-6,8.123646240607443e-7,8.016839483270044e-7,2.3227929770273096e-7,5.969212645617848e-7,6.484397154730214e-7,3.47713109686031e-7,1.0133245492186968e-6,1.5744572492582808e-6,4.889500970454752e-7,1.6611714700760762e-6,9.043244916343928e-7,2.390309178339185e-7,7.901566598477916e-7,4.844691780086049e-7,2.081796570447401e-7,7.855402685377145e-7,8.634675763849442e-7,1.1579908585537019e-6,0.00019495025296996385,6.847661830578015e-7,6.395245351905017e-7,8.681917510480561e-7,1.4747432576210336e-7,6.108780544565799e-7,7.246404164545396e-7,2.78023181797221e-7,8.449134512801171e-7,1.86243790441687e-6,7.985037298377757e-6,2.055357295171876e-6,7.165160612620553e-7,1.7731533324231163e-7,8.694793429556617e-7,4.842854535383888e-7,1.3954754445623028e-7,8.510728898540058e-7,6.777546423750706e-7,9.272968247955355e-7,0.00012350623559799877,1.078254159928516e-6,8.416304528547303e-7,7.967457795932221e-7,2.1172966741963226e-7,6.107206508580907e-7,6.43111105433099e-7,3.254843684473449e-7,1.021956915015585e-6,1.5502147291121977e-6,4.889452170300266e-7,1.6808262042539638e-6,8.953007504590994e-7,2.606583565490916e-7,7.948274860118316e-7,4.6939337459579816e-7,2.2754864654521672e-7,7.904190542633494e-7,8.33405032837791e-7,1.1722719607692545e-6,0.00008108550758749835,6.322375920694845e-7,6.582971947062157e-7,8.635723272694284e-7,1.2709552114688591e-7,6.244687621450572e-7,7.189349919804007e-7,2.570928426945828e-7,8.633735753731178e-7,1.8021837402319513e-6,7.97895026186473e-6
2.5280888499622515e-6,1.548018329422242e-7,4.725620890019473e-7,1.9180031183367227e-7,1.8417721845798287e-7,9.542524051180059e-8,7.888494222525119e-8,3.0481210606413734e-7,2.067138747048089e-7,1.3737347185766524e-6,0.00004172026058518195,4.2562732347412887e-7,1.5685217297083954e-7,2.329084313868568e-7,1.1308522738000477e-7,1.5545988387064065e-7,1.3040323528797022e-7,8.870582624735237e-8,6.379570355602531e-7,1.3579836409414702e-6,2.0504134503814322e-6,1.3615001937527099e-6,4.768318739816668e-7,9.714165685728361e-8,2.0361501305156645e-7,9.341109296557499e-8,7.616312680443014e-8,2.217345314764701e-7,3.0557507806203055e-7,4.954611755629912e-7,0.00005905321747757486,1.3367845101098881e-6,1.5411669816656394e-7,3.115103340552607e-7,1.2946093374209294e-7,1.4307800639344985e-7,9.23547083675357e-8,5.701066165965211e-8,4.884294242028831e-7,3.194310105070131e-7,2.530999386298469e-6,1.693073946175222e-7,4.7036474599016303e-7,1.884401968707062e-7,1.8698498499678586e-7,9.312457885849549e-8,8.191106281347649e-8,3.0133774851142447e-7,1.9763458569533592e-7,1.372481949201578e-6,0.00009771262953804026,4.283437277273653e-7,1.683587846182276e-7,2.3497978977776088e-7,1.1004374694671292e-7,1.572127140857165e-7,1.2903713838651425e-7,8.075027558710813e-8,6.331159567674781e-7,1.315420606392088e-6,2.048772670448009e-6,1.4035449404299113e-6,4.79974773347848e-7,9.434553431511492e-8,2.0665493808119476e-7,9.15009698253268e-8,7.889558907621443e-8,2.206648466547208e-7,2.8630708396489275e-7,4.997291262182305e-7,0.00029412640831417747,1.3391233932484014e-6,1.6479168841121622e-7,3.1583874326143433e-7,1.2626914324478386e-7,1.451928092629073e-7,9.031951826583945e-8,5.573474484743654e-8,4.930726019623851e-7,3.0533546408571197e-7,0.00045898156850290476,1.8423449506925434e-7,4.678190960447563e-7,1.849759059303913e-7,1.89726419292501e-7,9.080531390537304e-8,8.489057365489941e-8,2.9763964402060253e-7,1.8865733247997033e-7,1.3697003071594526e-6,0.0002939880009921013,4.324382549751889e-7,1.809145542170121e-7,2.3701144612504004e-7,1.0694852562162217e-7,1.5891840097513132e-7,1.2766100849949797e-7,7.282449520163961e-8,6.280032492525251e-7,1.2722366467051376e-6,2.0476279903795675e-6,1.4450253850942197e-6,4.829017226740584e-7,9.215304585648934e-8,2.0966134995914608e-7,8.955893663412729e-8,8.15695817119053e-8,2.195300223592897e-7,2.672192647651895e-7,5.051354544327372e-7,0.00009757359267275043,1.3400163517008804e-6,1.755692111200882e-7,3.1992449626383623e-7,1.2301582176442514e-7,1.4728672118384507e-7,8.821657616070973e-8,5.4925928892180096e-8,4.973522323015127e-7,2.9153508522646176e-7,2.5312626954832985e-6,1.9961479015330599e-7,4.649386975553836e-7,1.8141768114268918e-7,1.9239960264466268e-7,8.846996663419584e-8,8.782172260231516e-8,2.9372766092938097e-7,1.7979004814565122e-7,1.3654483182381188e-6,0.00005891542436032241,4.37875889322913e-7,1.9435837552012644e-7,2.3900567578307397e-7,1.0380417393160739e-7,1.6057507433228962e-7,1.2627633719045315e-7,6.49361849673903e-8,6.226433168017847e-7,1.2284848867868648e-6,2.0469810606935433e-6,1.485889610611877e-6,4.855929557447284e-7,9.062072692705425e-8,2.1263159711684607e-7,8.758895542219186e-8,8.417942761550646e-8,2.1832891576052296e-7,2.4833892924947883e-7,5.116337102515853e-7,0.000041580579658806135,1.3394075399621699e-6,1.8644595318663695e-7,3.2375802072448623e-7,1.197013396317453e-7,1.49358946171213e-7,8.604881862617782e-8,5.455639549267779e-8,5.01255779271426e-7,2.779985114532579e-7,2.5286170138718146e-6
3.579116085586116e-7,1.5842330908190033e-8,2.542954598172044e-7,1.8178710726478756e-7,1.2739173143768793e-7,1.8614504596095195e-7,2.7584024786250765e-8,1.1851243297837483e-7,2.0737515540385226e-7,3.9591019361803686e-7,8.712170867554367e-6,4.4137579669221496e-7,4.838768009295658e-7,1.5934113747495394e-7,9.066552987361073e-9,9.343524197706958e-8,2.6510791154979497e-7,3.008766659975525e-8,4.113797079117646e-7,4.08732677127577e-7,4.545655185716991e-7,4.0111259670602723e-7,4.1288757445761747e-7,1.9740078434803143e-7,1.3077183837122073e-7,2.0417651938220984e-7,4.467945527239388e-8,2.1564459648707964e-7,4.981980532142545e-7,4.464061692037085e-7,0.00001202784747701202,4.0689892675226906e-7,7.251328611851929e-8,1.7476341764817883e-7,6.057933295882748e-9,6.960414598888902e-8,2.720590108843642e-7,8.267806717805747e-8,3.8578665292068145e-7,1.5449132660758517e-7,3.573367051067503e-7,2.539993076371169e-8,2.5562224308632604e-7,1.886623701539773e-7,1.2883624896645658e-7,1.8333358000397296e-7,3.2634619759791924e-8,1.2204097308952157e-7,2.130692222857081e-7,3.942221802631871e-7,0.000020301348096695224,4.444247068022376e-7,4.822249955021162e-7,1.6007004016495547e-7,1.1232449666884458e-8,9.714474823690443e-8,2.6471080372377615e-7,3.156269719288627e-8,4.1732025053537775e-7,4.1491024118533147e-7,4.5613500106451223e-7,3.939015995977226e-7,4.0559771455584594e-7,1.9994233149372954e-7,1.3006914267070936e-7,2.0005024812549176e-7,4.894504592542226e-8,2.1713603970825213e-7,5.000002539572585e-7,4.44529388021149e-7,0.00006071052440793071,4.010088523816308e-7,7.127259863159347e-8,1.700602024199367e-7,1.1909642352712748e-8,7.427996045926003e-8,2.716314701466249e-7,7.725985418363815e-8,3.839959622818043e-7,1.489669058229615e-7,0.00009564107688229118,3.617836468999148e-8,2.5669017308427734e-7,1.9537811561480376e-7,1.3020908458773285e-7,1.803970754430085e-7,3.787656457226661e-8,1.2564551142816574e-7,2.1835457074905665e-7,3.92790292687876e-7,0.00006084462840210723,4.473315813011775e-7,4.799740607267981e-7,1.6065129537246774e-7,1.4112810164064478e-8,1.0075975600872789e-7,2.6409779931988723e-7,3.32304983439103e-8,4.2277328427628883e-7,4.209248612603456e-7,4.5738707230525534e-7,3.8645049060311086e-7,3.978473609894563e-7,2.024896224931712e-7,1.2914629545590923e-7,1.9582103219092705e-7,5.3566037418369226e-8,2.1834194182609933e-7,5.011464381063716e-7,4.425008309459524e-7,0.000020435367391714378,3.953071870587287e-7,7.06279399903418e-8,1.6539533965920333e-7,1.811083021071951e-8,7.885210793948793e-8,2.711011389790851e-7,7.158488726521706e-8,3.8172137070293586e-7,1.4388128946568795e-7,3.561578125803357e-7,4.740389195024677e-8,2.5749594534657436e-7,2.0191638841067757e-7,1.3150935278982836e-7,1.7733828055851998e-7,4.3210990515837505e-8,1.2930984192184143e-7,2.2321926012165455e-7,3.9159766077395997e-7,0.000012161972299347405,4.50102690781048e-7,4.771280632387926e-7,1.6107924164274298e-7,1.7307113772471592e-8,1.0427701503252521e-7,2.632695643661047e-7,3.503800923858069e-8,4.277209090447418e-7,4.267447010007075e-7,4.583207687836639e-7,3.787897465993316e-7,3.896541799862136e-7,2.0504953406425277e-7,1.2800452618862298e-7,1.914928788698862e-7,5.846879801365382e-8,2.192720070543673e-7,5.016322504867255e-7,4.403085537210181e-7,8.84603524131803e-6,3.8983718677123156e-7,7.071879097942494e-8,1.607839734296698e-7,2.4456070909926695e-8,8.331277131672579e-8,2.704676456336977e-7,6.566889819327383e-8,3.7896281225226683e-7,1.3928215894308535e-7,3.5555766849651674e-7
5.373764030337316e-7,1.2867770260000843e-7,1.7834039657288732e-7,1.0638377332796597e-7,2.933685153519898e-7,1.8342168775029357e-7,4.3167910166945725e-8,1.8052919830408995e-7,3.1872005676173427e-7,2.7087817639859253e-7,0.000011339404859760042,3.0139042257986496e-7,3.741654478479082e-7,1.2857731361587035e-7,5.545662511645576e-8,2.0176497333366143e-7,2.1354140833692487e-7,2.6845571811816527e-7,1.3509071198008924e-7,1.354330688606879e-7,6.999233351307782e-7,1.0895872387265783e-7,2.568367201307483e-7,2.772866730399417e-7,3.3678609029721035e-7,1.7381833528648356e-7,5.03361546058497e-8,2.023057668397056e-7,3.727174854192943e-7,1.9496559720048795e-7,0.000015740375369824784,4.0228194621748454e-7,2.1729383158129874e-7,2.867898873911386e-7,7.385075730478375e-8,2.4967903450410164e-7,2.1386030012825626e-7,3.4814558571118165e-7,1.5260570836998998e-7,7.671903392294818e-8,5.384820522497026e-7,1.2020009518560573e-7,1.753494321184642e-7,1.0927054180033592e-7,2.938889442780453e-7,1.7885368491809572e-7,3.861716818569326e-8,1.8647193510544417e-7,3.161735418095214e-7,2.7374376528995035e-7,0.000026476077819448773,3.0367510072521303e-7,3.7310825250606465e-7,1.179471623512354e-7,5.7660938302502103e-8,2.0639952488591178e-7,2.1318758627560363e-7,2.592996031818215e-7,1.4164831051251463e-7,1.3356669358349743e-7,7.002788630743356e-7,1.0789149948314347e-7,2.575623014721882e-7,2.858825919027419e-7,3.361621454797131e-7,1.684739469526603e-7,4.32743339681164e-8,2.144355000489918e-7,3.751028200928083e-7,1.9245679790064798e-7,0.00007928069095983122,4.020025264643855e-7,2.2138493811094245e-7,2.845865013539603e-7,6.860409975828827e-8,2.555799214511138e-7,2.1522543225347837e-7,3.4990255907363013e-7,1.5749465971065985e-7,7.707759208450996e-8,0.00012428753248804712,1.1185630625014269e-7,1.7261365447016142e-7,1.1237051557604274e-7,2.940891503830766e-7,1.7414282872517298e-7,3.4560059623317446e-8,1.9228717702857935e-7,3.1335998894289707e-7,2.763859591412859e-7,0.00007939618434179326,3.0591098748236043e-7,3.7208673947278634e-7,1.0741212950616247e-7,6.066097823576794e-8,2.1084795512689173e-7,2.12649957980476e-7,2.502553150974025e-7,1.4877434868701495e-7,1.3192532680509058e-7,7.001693165392154e-7,1.0730212638946871e-7,2.5869427088910245e-7,2.945303246446945e-7,3.3533012163957985e-7,1.6305600257964715e-7,3.727199715633213e-8,2.2647943921685063e-7,3.7746185835451607e-7,1.899736088115136e-7,0.000026591182038816343,4.0141636034067796e-7,2.2521346781512052e-7,2.822876504278862e-7,6.402131264954777e-8,2.613608843822938e-7,2.1634513867088503e-7,3.5154144295688695e-7,1.6252409360871848e-7,7.89710678078806e-8,5.403147944542215e-7,1.0376720395869504e-7,1.7015158541588548e-7,1.1569322574293944e-7,2.939665356697825e-7,1.6929377777412513e-7,3.122741407451507e-8,1.9795836116102066e-7,3.1028694695549053e-7,2.7880017363552737e-7,0.000015856194912961004,3.0807870584844406e-7,3.710981241621749e-7,9.711018422339105e-8,6.435429742287707e-8,2.1510607438358432e-7,2.119269917968553e-7,2.413472702098375e-7,1.5642277145560284e-7,1.304932439996024e-7,6.995953573574641e-7,1.0722245140269079e-7,2.6018913978287333e-7,3.0320751880032456e-7,3.3429144673780203e-7,1.5758526856925134e-7,3.284309045464828e-8,2.3838307030888974e-7,3.797909451289093e-7,1.8754159521377961e-7,0.000011454058979356939,4.005263487204912e-7,2.2876867421575423e-7,2.79901622811959e-7,6.0237578290726e-8,2.6701395804837317e-7,2.1721297041602327e-7,3.5304250174942136e-7,1.6767072143031856e-7,8.21995674307061e-8,5.410410472722653e-7
7.341305728813923e-7,1.6923087012685167e-7,2.6569427123318947e-7,1.9798539526629605e-8,1.8517419182603936e-7,9.813200144642186e-8,1.4832842260148066e-7,1.34060154151631e-7,1.13265622607422e-7,4.560550047725882e-7,6.341147008109627e-6,4.695570301114322e-7,1.085395828972653e-7,1.1999418680375615e-7,1.8221036197180013e-7,9.428637534514927e-8,2.3414791155278313e-7,7.365323705328525e-8,2.741372266935559e-7,1.539194178367594e-7,7.492139326649984e-7,1.354107323392403e-7,2.4859118087529454e-7,2.3268661806148018e-7,9.406745171406864e-8,9.97617837041057e-8,1.0236074968648254e-7,5.2925579760334594e-8,1.0331658367296853e-7,4.976886907469256e-7,8.883642882579146e-6,4.343416507488159e-7,1.2853823905349342e-7,1.7032427177574572e-7,9.823732921361153e-8,1.9071445569627555e-8,2.302962499262953e-8,4.600308499618748e-8,2.837219066206469e-7,1.7907415054881424e-7,7.34692134365767e-7,1.7857653890160012e-7,2.6438358759746324e-7,1.6208150550637418e-8,1.8781210530542454e-7,9.893090348922408e-8,1.4397641079403039e-7,1.333930561720341e-7,1.0807060386546565e-7,4.5762544029167683e-7,0.00001477117390242354,4.6902746968321645e-7,1.1467440710280536e-7,1.2320160173451963e-7,1.83899683799016e-7,9.580714373639805e-8,2.2772454177482687e-7,7.141754211709752e-8,2.730935946751547e-7,1.4531284572256677e-7,7.49059432501347e-7,1.459773158753852e-7,2.510105354372746e-7,2.3435865449322922e-7,9.488780398679723e-8,9.97772289327712e-8,9.431391128806186e-8,5.229230028023585e-8,9.629895575593143e-8,4.98653633591049e-7,0.000044256494308706507,4.332624557392789e-7,1.3031873406547015e-7,1.6974961363541433e-7,1.0018738126310604e-7,1.8731589568231037e-8,2.157592046571221e-8,4.641782246362513e-8,2.829495904150611e-7,1.6833592210727457e-7,0.00006874387122459812,1.8803585771342185e-7,2.6299977147421074e-7,1.249077954547739e-8,1.9048988574156764e-7,9.959189884431344e-8,1.3949279338106896e-7,1.324860757327365e-7,1.030568669226854e-7,4.589549368694993e-7,0.00004415400204618596,4.682897552063058e-7,1.209536862515516e-7,1.2617576468299188e-7,1.8567725645389264e-7,9.733789361059927e-8,2.2113758921936144e-7,6.924636091062173e-8,2.7194956980118355e-7,1.369791531677548e-7,7.486320858617806e-7,1.5661517649167476e-7,2.5329498872014964e-7,2.357017266574651e-7,9.589994995569799e-8,9.99649651560199e-8,8.617725568861521e-8,5.1841512820482116e-8,8.934893907891603e-8,4.993569360811996e-7,0.000014667982528299411,4.319503917826865e-7,1.3227910931559173e-7,1.6886295870536221e-7,1.0220016163698359e-7,1.8819789014408694e-8,2.1901653369777324e-8,4.6741902540328515e-8,2.8208024019518103e-7,1.5765669178151438e-7,7.351364798409402e-7,1.975973588021559e-7,2.615450359950097e-7,8.638040501386734e-9,1.9319044751889257e-7,1.0012108600274038e-7,1.3489449752074222e-7,1.3133638462646945e-7,9.824445921540307e-8,4.600454770443251e-7,8.781766090864682e-6,4.673411726706208e-7,1.2735250607519818e-7,1.2891979441854522e-7,1.875219870378883e-7,9.888350127885969e-8,2.1440589329524276e-7,6.717211697800789e-8,2.7071038616746613e-7,1.2895345562613307e-7,7.479320175436251e-7,1.6731889524939533e-7,2.5543696726892653e-7,2.3671911175963214e-7,9.706804776045823e-8,1.0032183732826248e-7,7.797883037598843e-8,5.1599456349596574e-8,8.24826889354344e-8,4.998019583848444e-7,6.237169904367226e-6,4.304046099267597e-7,1.344258473234074e-7,1.676690232087857e-7,1.0424858227682494e-7,1.929560626013239e-8,2.398423380728755e-8,4.694882929883621e-8,2.811181334976144e-7,1.470455691182264e-7,7.350179293702004e-7
9.836272488643924e-7,8.419528091899843e-8,2.609740074984557e-7,1.494347698406433e-7,1.8024798080911331e-7,3.9276098846902725e-7,8.483373673133746e-8,1.0997048386232855e-7,4.204579665821269e-8,6.03308186521688e-7,8.45360428886262e-6,5.531880240629358e-7,1.7859821488843238e-7,1.7747597159417674e-8,1.0720373644078934e-7,3.223275401833542e-7,2.3884289987545267e-7,5.976918054326888e-8,3.3200134322848635e-7,1.4019026626325517e-7,9.822646298395177e-7,1.0142181344710994e-7,2.8340553135667214e-7,1.8532832329179116e-7,1.3673702882028093e-7,2.590000016829965e-7,1.632350675636127e-7,2.3707925489614106e-8,8.512817466701034e-8,5.948406807277596e-7,0.000011834663423863016,5.714608182842726e-7,1.0132155202071792e-7,7.95843204258732e-8,1.703192132790196e-7,2.9491583101708573e-7,2.0697369634153898e-7,7.76808167882999e-8,2.78540670926367e-7,1.158531104471544e-7,9.836949321137722e-7,9.847319972714207e-8,2.6487722716428355e-7,1.5042168010408518e-7,1.7672807515635336e-7,3.9208576542397594e-7,9.105492459451005e-8,1.0922095515608983e-7,4.802272340533663e-8,6.02714233378481e-7,0.000019720022664596902,5.556297761385259e-7,1.78941962443274e-7,1.3398817298528822e-8,1.0005353330803714e-7,3.22891937463248e-7,2.4062720232534966e-7,5.7877937362246604e-8,3.267093727573065e-7,1.2957369404176925e-7,9.828388801316566e-7,1.1435551854827705e-7,2.8750517869329445e-7,1.8766962287326036e-7,1.3121157154463546e-7,2.598767648590978e-7,1.6711656945785971e-7,2.6597816686096147e-8,8.275610313736931e-8,5.941030433589135e-7,0.00005909820220042938,5.713384904987729e-7,9.783193336132495e-8,8.056650293745733e-8,1.6900236329767571e-7,2.9628862080931096e-7,2.1198713058171512e-7,7.806400788652836e-8,2.74364387450135e-7,1.0270896508027064e-7,0.00009182175650733903,1.1307707705857567e-7,2.6874655838429687e-7,1.513184287641901e-7,1.7307814055680607e-7,3.908392838826721e-7,9.715450916243253e-8,1.0837873680069662e-7,5.3810948836852314e-8,6.017257145683673e-7,0.00005900774819941306,5.57752990002959e-7,1.793747863419433e-7,9.106654349497911e-9,9.272014699523011e-8,3.229428964004036e-7,2.424024480665459e-7,5.5897206252352496e-8,3.212349692094814e-7,1.1986438633216243e-7,9.830014055115048e-7,1.2746116565439113e-7,2.914697867599151e-7,1.8983575288688027e-7,1.2551841867160475e-7,2.601870693026923e-7,1.7107415336029088e-7,3.0060734659320846e-8,8.093608892326972e-8,5.930207585083103e-7,0.000019630158744704417,5.7083836028425e-7,9.454641537717816e-8,8.165226434137013e-8,1.6769030244366649e-7,2.9703642452349444e-7,2.167860198156028e-7,7.823108550612995e-8,2.700883743881543e-7,9.016373353740619e-8,9.827397995579056e-7,1.2794487636066594e-7,2.725723667947899e-7,1.5212158437510144e-7,1.6932574913823682e-7,3.8902033222770216e-7,1.031137805416957e-7,1.0744599270879575e-7,5.94011461970693e-8,6.003473530827647e-7,0.000011743553883022537,5.59548713258232e-7,1.7990427806054128e-7,5.025758135715991e-9,8.522664471432307e-8,3.2247994780199936e-7,2.441511906299597e-7,5.386039048189148e-8,3.155870145533799e-7,1.1125076448403862e-7,9.827517896490448e-7,1.4072495489537466e-7,2.9528839582898643e-7,1.9182144655131965e-7,1.1968153964941513e-7,2.599303133422141e-7,1.7506473334032243e-7,3.392810126184393e-8,7.967799140372244e-8,5.916009713691174e-7,8.364261399466329e-6,5.699579532022783e-7,9.153352560187549e-8,8.282905342417063e-8,1.6640762519023127e-7,2.9715927491058097e-7,2.2134880301357302e-7,7.81845041287785e-8,2.6571895800456625e-7,7.842181885225342e-8,9.817180054833941e-7
3.932581154640141e-7,1.109118108473103e-7,1.926887672854162e-7,2.2809503456649574e-7,3.0164127058025833e-7,2.388362121334755e-7,1.2885232121153814e-7,2.80173116827332e-7,3.605511537088463e-7,1.2448591245431427e-7,9.425989210586982e-6,2.3199096635285856e-7,3.272782515599157e-7,2.466662566867894e-7,8.953114794177139e-8,1.7300306687893986e-7,3.950647889247142e-7,3.3655930687830277e-7,1.2733268732489346e-7,1.3132516484016682e-7,4.18035675140182e-7,1.666877634731128e-7,1.7850441902711785e-7,2.1100311333005304e-7,3.3331777241585584e-7,1.6769337441074393e-7,1.6974272291070686e-7,1.6439635537028832e-7,3.5860807810681024e-7,1.272377496914888e-7,0.000013236376278968131,2.5377241440109773e-7,3.273222127879566e-7,2.077805525691653e-7,9.233187835270509e-8,2.703453408042796e-7,1.0532221493322517e-7,2.8450637191422946e-7,1.3433119851278572e-7,1.1747485358485486e-7,3.93617701820606e-7,1.0619521662779218e-7,1.8621581929890928e-7,2.341786982562846e-7,3.0200403014525936e-7,2.3188983202497923e-7,1.3369144884457847e-7,2.8461273928436573e-7,3.5892949284121156e-7,1.2832070119237614e-7,0.000022080379313513537,2.3355078692897186e-7,3.310577520603838e-7,2.404121516058222e-7,9.75679282419362e-8,1.8039452740316659e-7,3.9295845325444694e-7,3.289181811972875e-7,1.3446399571063355e-7,1.3585136252322806e-7,4.188328325988131e-7,1.616776425031819e-7,1.7740582038243241e-7,2.1842058174404233e-7,3.369673749900809e-7,1.639612287047804e-7,1.604284726927707e-7,1.7183771927078925e-7,3.571730122796531e-7,1.2639915896524874e-7,0.0000663567333524602,2.5231772353756684e-7,3.2786795691068073e-7,2.0308307039017213e-7,9.477789253946996e-8,2.7406705720560744e-7,1.0934467194713352e-7,2.8097401925112735e-7,1.4231297472411666e-7,1.1645481881917596e-7,0.0001039362697362543,1.0160132027970409e-7,1.7998352245358283e-7,2.4024785732302544e-7,3.022661905051978e-7,2.2469696182914605e-7,1.3873014485397006e-7,2.8865331770430233e-7,3.570956055412688e-7,1.3221033061568924e-7,0.00006643299058839436,2.3509169705271603e-7,3.3463197010989286e-7,2.3404677349565607e-7,1.0653336344963971e-7,1.8766086654563477e-7,3.90564176844441e-7,3.209314956095878e-7,1.4170202931375673e-7,1.4034604072985006e-7,4.1934842206603014e-7,1.565320142670539e-7,1.7648767551788372e-7,2.2553188335205737e-7,3.4044757450744526e-7,1.6025062876210137e-7,1.512889134002611e-7,1.7916809221619618e-7,3.555390502895141e-7,1.2563614946631312e-7,0.000022157808243814787,2.507879812456929e-7,3.2825119413356834e-7,1.980764303676898e-7,9.776602588053911e-8,2.77620002843896e-7,1.1338542975026148e-7,2.7731746449095047e-7,1.502919614308553e-7,1.156816404747379e-7,3.937481440256595e-7,9.718120396618233e-8,1.740273205512765e-7,2.4629217081214864e-7,3.0242764966217667e-7,2.1726120832025372e-7,1.4394810956999064e-7,2.922899799684691e-7,3.5504722049717374e-7,1.3615118754425785e-7,0.000013311407130644436,2.3659738630362765e-7,3.3799422638573224e-7,2.275722401124078e-7,1.1617578726903624e-7,1.9479773374130095e-7,3.878936909779636e-7,3.126023586414345e-7,1.4902802989099864e-7,1.447784808314382e-7,4.195822373207458e-7,1.5126628602716427e-7,1.7574786108497248e-7,2.3233471235495462e-7,3.43741690589386e-7,1.565744686098082e-7,1.423980559439516e-7,1.8638682550216813e-7,3.5370984689644814e-7,1.2496703466167456e-7,9.504532446553733e-6,2.4918289118396223e-7,3.2847697954941123e-7,1.927624271811495e-7,1.012170089895445e-7,2.809955275623128e-7,1.1743311135392396e-7,2.735323366044884e-7,1.582557109230852e-7,1.1514456584834254e-7,3.9352199550606807e-7
1.14300820286234e-7,8.614915831249682e-8,2.3273126568480147e-7,7.148251404066416e-8,4.65207128099945e-8,6.37759852754907e-8,9.604187855118342e-8,1.072599165251441e-7,1.2757890428795592e-7,3.6040518307330385e-7,6.583851677503101e-6,2.7484883360180606e-7,4.996967684753717e-8,9.633535165772223e-8,2.0333619980342208e-8,4.366426349878526e-8,1.7559309908503575e-7,1.2115041775720351e-8,1.242899989059229e-7,1.159453597647668e-7,2.646785664137501e-7,4.52255341625826e-8,1.177719739415904e-7,2.101890173546884e-7,4.27970487893926e-8,1.0633659083569395e-7,4.386913336442066e-8,7.597127892942931e-8,6.243201962166805e-8,2.919745709386377e-7,9.398189985394994e-6,3.661020065838944e-7,1.437675442724078e-7,1.5062253000264383e-7,1.7935772212182047e-8,6.321805191247833e-8,3.597477629503851e-8,1.4970645487646735e-7,2.2323306236196837e-7,9.751571108052e-8,1.138794557100603e-7,8.024468246814033e-8,2.283472276305928e-7,6.504717960961284e-8,4.580201530619794e-8,6.255404251828694e-8,9.780188516301785e-8,1.0815347571775574e-7,1.2857391113506188e-7,3.590711857610983e-7,0.00001547874295623334,2.794440414355363e-7,5.39000847250002e-8,8.843907519410952e-8,2.067971289636145e-8,4.237481354563183e-8,1.7578108231276415e-7,7.494860647095373e-9,1.1792507405873359e-7,1.1640006826753933e-7,2.656600803814654e-7,4.4502993675952163e-8,1.227391975151988e-7,2.038029697708651e-7,4.355908863984485e-8,1.063838260997363e-7,4.3035009034392655e-8,6.963460307638246e-8,5.740442274590637e-8,2.8838450510563007e-7,0.0000467703235279839,3.656691221889383e-7,1.4194532869444368e-7,1.4233282284057172e-7,1.835649131792091e-8,6.263872384273884e-8,3.5307319775636334e-8,1.480594548324234e-7,2.2614938552267345e-7,1.0042982322437899e-7,0.00007344977563054558,7.42887272899092e-8,2.2406891924570236e-7,5.920939963944761e-8,4.499352099164444e-8,6.133592068880048e-8,9.941845191156066e-8,1.0941641739769766e-7,1.297342915727085e-7,3.5765994950753845e-7,0.00004681829816487553,2.840816663885577e-7,5.844232496042562e-8,8.036740701174949e-8,2.105875913702628e-8,4.115226256337083e-8,1.7581855183310254e-7,6.5879549603319695e-9,1.1131069967900693e-7,1.1681327727367318e-7,2.6638444705324213e-7,4.375407644123387e-8,1.27526733420988e-7,1.972446456263155e-7,4.453643622177595e-8,1.0641771659556186e-7,4.210255518516897e-8,6.369750700308471e-8,5.311203742293465e-8,2.8481438598555835e-7,0.00001552655585193092,3.651395075910849e-7,1.4029612757753476e-7,1.3380157245279523e-7,1.903468090166511e-8,6.207352422876378e-8,3.471326865732096e-8,1.4690045486867118e-7,2.2920680912376755e-7,1.0345770888989215e-7,1.1332335705262405e-7,6.831034575131084e-8,2.199087652691007e-7,5.429886602257318e-8,4.410741514566384e-8,6.012242893601378e-8,1.0089431522288062e-7,1.1099880458622852e-7,1.3106812537185638e-7,3.561613807705861e-7,9.44628734835338e-6,2.8875232699648673e-7,6.341232006377083e-8,7.21479764197395e-8,2.1500510707970752e-8,3.999926404024882e-8,1.7570855595828395e-7,1.0211052703530208e-8,1.044608663295756e-7,1.171815019914604e-7,2.6685100003049897e-7,4.298301649350699e-8,1.321189132714265e-7,1.905351335823284e-7,4.573896968104135e-8,1.0643823726523611e-7,4.108090244669436e-8,5.824616081138579e-8,4.9840802440782075e-8,2.8126891291443957e-7,6.6314573370790905e-6,3.645258759205054e-7,1.3883158121470006e-7,1.250461666818514e-7,2.0004258414903874e-8,6.152287349928811e-8,3.419383725988728e-8,1.462095728728255e-7,2.3240426761817935e-7,1.0657024281044384e-7,1.1319024263333786e-7
1.3566561563103625e-6,1.421809775489611e-7,1.0857756465019395e-7,1.5372307449476972e-7,9.272335991717383e-8,1.1614876228063979e-7,5.775472029483833e-8,1.0256432070318195e-7,2.62047625948644e-7,8.656176039615811e-7,0.000016793762108642727,5.845036184271144e-7,3.8009907179662616e-7,9.34956841026109e-8,5.53546415837203e-8,6.236000458606524e-8,1.2840642058198036e-7,1.3073025395132314e-7,6.437345414874009e-7,4.321194239004391e-7,1.4977759681023207e-6,3.406296327359526e-7,7.19079577269624e-7,1.5477460548140808e-7,9.61078199507319e-8,6.2566857776885e-8,6.020791227595202e-8,1.0661345670628186e-7,2.6945347951690407e-7,5.656398393452413e-7,0.000023371460219146335,8.245072800422167e-7,3.7030744506893396e-7,3.9775153562685776e-8,6.275964325987016e-8,5.1393222223466436e-8,1.3898039184983616e-7,1.1918279404409467e-7,1.6109872242593775e-7,1.0817315657537174e-7,1.356727025849894e-6,1.590089566662436e-7,1.1092145305181929e-7,1.5417272473601013e-7,9.182527153666128e-8,1.1501249899305411e-7,5.684733060409829e-8,9.801541801601493e-8,2.7575310011732797e-7,8.740971791362159e-7,0.000039150054374333706,5.889448671620279e-7,3.852465979536038e-7,9.877406552599201e-8,5.769022676388937e-8,6.209121299553599e-8,1.2909407398826392e-7,1.2911224650675542e-7,6.437983008658893e-7,4.195337304333909e-7,1.4986478119937772e-6,3.5477293927119625e-7,7.21437571417074e-7,1.5456871695541543e-7,9.51100551211216e-8,6.090960799503334e-8,5.700037422879727e-8,1.0330750855514242e-7,2.649667453834956e-7,5.617113566878196e-7,0.00011718868083908253,8.178907957864571e-7,3.5941888455288403e-7,4.241513036490272e-8,6.548138250173498e-8,5.384104895458572e-8,1.4023480289415673e-7,1.2081479985387385e-7,1.5449942433871396e-7,8.190469902945313e-8,0.000182809358190046,1.7792048049714252e-7,1.1350379399279624e-7,1.5454959079597376e-7,9.079917967486406e-8,1.1380878214818311e-7,5.590758262464531e-8,9.354821825362976e-8,2.8879992588654675e-7,8.819117193333564e-7,0.00011714934103298856,5.930477366419769e-7,3.900279839098941e-7,1.0394868692241716e-7,6.004540269324544e-8,6.183856295416975e-8,1.297346659192513e-7,1.2733335948564906e-7,6.431834764679741e-7,4.0706379248608996e-7,1.4987710155469312e-6,3.689330830058212e-7,7.230407431490844e-7,1.540913084561838e-7,9.410919479195423e-8,5.926704284970499e-8,5.392316185223201e-8,1.0018283867802682e-7,2.6018843720517467e-7,5.574372481681459e-7,0.00003911152185829973,8.105792853881858e-7,3.4778646631436115e-7,4.528717764347114e-8,6.813381153986767e-8,5.6260980966197404e-8,1.4139791539329695e-7,1.224805136021507e-7,1.4816464742350392e-7,5.6128080109361725e-8,1.356026929300959e-6,1.984311584753744e-7,1.1636041111263172e-7,1.548497726943753e-7,8.964786643590972e-8,1.1254016595158787e-7,5.49457221674524e-8,8.916574686096556e-8,3.011760412966166e-7,8.890472185845057e-7,0.000023331290318975177,5.967817660145796e-7,3.9444133448701123e-7,1.0899445045588271e-7,6.241601024913863e-8,6.159650496957447e-8,1.303270012138752e-7,1.2540145521492782e-7,6.418932703774833e-7,3.9470318308607195e-7,1.4981460022244736e-6,3.83122222606289e-7,7.2388502543459e-7,1.533316988997611e-7,9.31094159889467e-8,5.765322553230511e-8,5.099746947545927e-8,9.729234186856961e-8,2.551170361844466e-7,5.528476808106322e-7,0.000016756013599565332,8.025872094116566e-7,3.354181313972437e-7,4.837620434262419e-8,7.070872839943515e-8,5.864366158271018e-8,1.4246210043702947e-7,1.2417409711905632e-7,1.4209051556752318e-7,3.12812117118181e-8,1.3552563778963383e-6
6.080860156416174e-7,1.0439019209922363e-6,4.58915228253966e-7,2.7637422104418197e-7,3.850418803045762e-7,3.0435578647825637e-7,3.71396204969624e-8,2.9532522008298293e-7,4.901171657361254e-7,3.4619826797134263e-7,0.000013757636671503567,9.234321091597485e-7,3.3272099377316837e-7,4.1931383464769385e-7,7.030667200506294e-8,2.709693431414789e-7,3.725348357533171e-7,2.2813821065608636e-7,3.018966815117262e-7,1.291019295193731e-7,1.0403678485525864e-6,1.8090970315893208e-7,2.5296187778668025e-7,1.8027633618799427e-7,3.904401989492725e-7,2.803258960757378e-7,3.257341734869192e-8,4.065152869907485e-7,4.275352709001717e-7,9.905823017633585e-7,0.00001875962507395219,1.9652458888024607e-7,5.282603555961765e-7,3.186612970724757e-7,6.896417629963437e-8,2.9182401942598674e-7,3.7660165041176556e-7,3.1999425503498466e-7,3.6243689418500705e-7,1.1838158437995453e-6,6.069707667359728e-7,1.069993671759678e-6,4.5711281908544413e-7,2.8817785358135495e-7,3.86879722337083e-7,2.976905648163753e-7,4.305766566498715e-8,3.0165712198289576e-7,4.773535967832765e-7,3.215766862786434e-7,0.00003183919526153294,9.317643639486256e-7,3.3515309493530207e-7,4.1600463100345826e-7,6.157501448024742e-8,2.7834856781771877e-7,3.7173484525275506e-7,2.1959478029054786e-7,3.154817413168549e-7,1.223022667290272e-7,1.041468500315673e-6,1.8585660330957697e-7,2.3838631047698354e-7,1.8883844275016576e-7,3.9149582050445466e-7,2.727552067229266e-7,4.3358958165470015e-8,4.111924156062892e-7,4.2449675017878265e-7,9.860140628358724e-7,0.00009467028144578443,2.2349097163568978e-7,5.426694560944277e-7,3.1219456413223315e-7,5.797418988878078e-8,2.9946419845255344e-7,3.7558047599963563e-7,3.089596370829539e-7,3.666092935796937e-7,1.1604177813362447e-6,0.00014843152439479617,1.0953390593597707e-6,4.552398883983699e-7,2.9980853784715616e-7,3.884536811709988e-7,2.9081149525285523e-7,5.066631513786616e-8,3.078467171438231e-7,4.64492997695699e-7,2.96475690439984e-7,0.00009465848595047123,9.392585928965558e-7,3.373004131449006e-7,4.123344890844417e-7,5.347219490821808e-8,2.855529256685857e-7,3.7061676889781484e-7,2.1110543791289792e-7,3.2888067521916165e-7,1.1496243773206443e-7,1.0412506685629113e-6,1.9081557403057283e-7,2.2354096469993343e-7,1.974125865950588e-7,3.9222140223075687e-7,2.650010264492077e-7,5.4135910844592904e-8,4.154820238146148e-7,4.2119590492119354e-7,9.805811450382957e-7,0.000031827075424387336,2.4998172770287285e-7,5.569678994519475e-7,3.055513586460778e-7,4.709294913266456e-8,3.0688877729559065e-7,3.742860472629873e-7,2.9769777141550914e-7,3.707018218652659e-7,1.1362184308407382e-6,6.08082650533256e-7,1.1198918055284112e-6,4.532809824750539e-7,3.112487818918966e-7,3.8976195390391757e-7,2.8372713537699647e-7,5.92828817544619e-8,3.138843371680205e-7,4.515591969561007e-7,2.709499832200166e-7,0.000018748161610687957,9.458707401407182e-7,3.3917872151167674e-7,4.083007362700582e-7,4.6343009170958837e-8,2.925752476693287e-7,3.691814760344055e-7,2.0267947854030755e-7,3.4205848519570976e-7,1.0713586487187789e-7,1.0397133782086698e-6,1.9569275177114086e-7,2.084515224393928e-7,2.0599242096048213e-7,3.9261653756397017e-7,2.570708326488414e-7,6.489408747232296e-8,4.193865978259044e-7,4.1761641430638586e-7,9.743271403974655e-7,0.000013745195149215977,2.759536432042559e-7,5.711309685756644e-7,2.9874114180687755e-7,3.649429463598211e-8,3.140897746013252e-7,3.727198029257423e-7,2.8622299428120836e-7,3.7472572009520746e-7,1.1112617127660914e-6,6.103039237734072e-7
0.00013885438188507954,0.00004979105960166731,0.00002653604620765439,7.40560165102145e-7,0.00001520707565777324,0.000011587236936195227,5.172162413041778e-6,0.000020262401390720866,0.000015669243626286268,0.00003057668538486262,0.0028862987162814055,0.00003432297115227129,0.00001317013109936692,0.00002003730634036369,6.559598466346121e-6,0.000010616147224764631,0.000015725592608329703,1.978966346152641e-6,0.000026037923113899033,0.00005485205873716908,0.00013063715757276705,0.00005029339263647428,0.000026618016650794325,7.810414952091272e-7,0.000015221667369005682,0.000011447620518531903,5.439755024848935e-6,0.000020178455580916358,0.00001548655050836265,0.00003151649914571775,0.004052891127907107,0.00003359667835743787,0.000013385742777091957,0.00002013220020427747,6.299753973484055e-6,0.000010765773404606088,0.000015725298845139203,1.694869578802914e-6,0.00002595134124516452,0.00005448358632845233,0.00013890838124033664,0.00005134717927343852,0.000026361445252222218,9.049621962714805e-7,0.0000153884240895853,0.000011320281271463282,5.552013618962525e-6,0.00002023162025872746,0.000014906497479026314,0.00003163088509766967,0.006746233269505091,0.000033430763391451646,0.00001394087433663219,0.000020096819633856417,6.190655125883162e-6,0.00001089992626158621,0.000015566127328787924,1.512991279401952e-6,0.000026251844851980902,0.00005332849110442978,0.0001306670309488541,0.00005181481658610397,0.000026443922029678916,1.0950463737956128e-6,0.00001539858568560088,0.000011177212832983547,5.8176092887883546e-6,0.000020142334680363028,0.000014713535170464323,0.000032502292754462485,0.02025883534607171,0.0000326434216219002,0.000014146845308531639,0.000020186806277843874,5.928442539191276e-6,0.000011046253358612494,0.000015561415892816312,1.2573818652724532e-6,0.000026165768330505533,0.0000529183068283587,0.03167780668150915,0.00005290812164748112,0.000026167040265450163,1.2636527023467387e-6,0.000015561073469155837,0.00001104647606372376,5.927752040376945e-6,0.00002018886707955004,0.000014144365420238604,0.00003263418001182607,0.020258836558483977,0.00003249217556140558,0.000014712927938749695,0.000020144670449295303,5.817127220539324e-6,0.00001117711327756623,0.00001539789929352252,1.0884530511156908e-6,0.000026445718369371582,0.00005180569516988521,0.00013066693464779016,0.00005333763050321576,0.000026249972881019942,1.5173750766167176e-6,0.00001556685697388681,0.000010900052687743558,6.1911112401601324e-6,0.00002009443555017496,0.000013941362623967426,0.00003344085257575318,0.006746234258282761,0.00003164018442816876,0.000014908999443284172,0.000020229563803843743,5.55277971122566e-6,0.000011320042162071989,0.00001538871680095947,8.979431605040455e-7,0.000026360224157867966,0.00005135729393120748,0.0001389086341769942,0.0000544733352958321,0.00002595266729560867,1.7004418506997573e-6,0.000015724905844998767,0.0000107659797405269,6.2991333465455e-6,0.000020134264262329295,0.000013383280699175694,0.000033587497554267605,0.004052892562942111,0.00003150635908046191,0.000015485824820342718,0.000020180742223843093,5.439251210805452e-6,0.00001144754805239619,0.000015221024190639523,7.710220787684367e-7,0.000026619738853777433,0.000050284292625521994,0.0001306368687098101,0.000054861212636771426,0.000026035974049394762,1.9820505026445064e-6,0.00001572636550378306,0.000010616300249173956,6.560025328959165e-6,0.000020034874827634194,0.000013170499443925039,0.000034333027280971784,0.0028862994805245873,0.00003058603929043678,0.00001567177162682701,0.000020260350355589557,5.173011006206608e-6,0.00001158698144059624,0.000015207319556558544,7.341426485636171e-7,0.00002653487269024428,0.00004980109915274724,0.0001388548876150662
1.680355397066662e-7,3.533367587846895e-7,1.0569625311523855e-7,7.943482663502359e-8,2.6985747520842083e-7,1.708431425599421e-7,1.586328560158454e-8,2.0461541501337974e-7,1.4936336243096203e-7,2.3210225277140546e-7,0.000011379626668255934,1.0357118752326214e-6,1.7866644233293864e-7,1.361475824701855e-7,1.8974829216421035e-8,1.8399273004053487e-7,2.5197200596812093e-7,2.0034132449124972e-7,2.2323394248553603e-8,9.188995979232462e-7,4.267168626155787e-7,9.379258110640784e-7,1.1004662693734093e-7,1.733905901296898e-7,2.945989901683854e-7,1.858067896047459e-7,5.720896232245867e-8,1.0940627968547478e-7,2.8061343881823266e-7,1.0626390282002857e-6,0.00001657781894799714,2.626129708155437e-7,1.8131121412667956e-7,2.1777699758972336e-7,5.434278858711716e-8,1.7612012538306908e-7,2.750107824358626e-7,1.3524434358061217e-7,2.426028456699929e-7,3.7193739543707626e-7,1.6930294298675637e-7,3.7401609751067684e-7,1.1598986657895262e-7,8.214946141385264e-8,2.702463132559403e-7,1.6627789681015165e-7,9.315193121950543e-9,2.0833506584059435e-7,1.5175591889442105e-7,2.2474523356379933e-7,0.000026882400016070904,1.0597114574402987e-6,1.823733641605968e-7,1.3081971225069384e-7,1.4496810183232258e-8,1.891207143281817e-7,2.514011890071693e-7,1.9540000238591152e-7,2.2701942065948806e-8,9.087645064582839e-7,4.278365404232807e-7,9.480142839059399e-7,1.1359749691124287e-7,1.7755398655750626e-7,2.9532694011506313e-7,1.8050091865997957e-7,5.7862861076845395e-8,1.1579012016377974e-7,2.7666838806825225e-7,1.0387718724989815e-6,0.00008172452503766098,2.7003951752449217e-7,1.7482057045937575e-7,2.1395034394528901e-7,5.150369116735673e-8,1.8115829957460935e-7,2.7545609233301886e-7,1.330473340796046e-7,2.30799857528349e-7,3.5121998882718194e-7,0.00012778257903201738,3.9417031911155676e-7,1.267546552778386e-7,8.49195982170727e-8,2.704111563802181e-7,1.6160610047027038e-7,2.8253317263522512e-9,2.11835470432888e-7,1.5432047719507963e-7,2.167084471280448e-7,0.00008171324486901227,1.08296544028823e-6,1.8599100843689556e-7,1.254715009982083e-7,1.3004625538269522e-8,1.9408356272983162e-7,2.5065964828967356e-7,1.9025596118128509e-7,2.345706770834594e-8,8.97737878085236e-7,4.2745430033871615e-7,9.572788360633303e-7,1.1710487325855416e-7,1.8153016553774747e-7,2.958680497093596e-7,1.750356075519248e-7,5.946410495377867e-8,1.2213202357772004e-7,2.7256420050821854e-7,1.0140878050946975e-6,0.00002686968126545846,2.7684406716945494e-7,1.680383240856522e-7,2.098805320260361e-7,4.9512424318553676e-8,1.8610679733156823e-7,2.7566664625089687e-7,1.3082275802912282e-7,2.192018976262351e-7,3.299391317742834e-7,1.6863987289300716e-7,4.137501202806484e-7,1.3788647731689568e-7,8.77369504621553e-8,2.70352128875901e-7,1.5683506396470219e-7,4.0963677516426365e-9,2.1511717904364498e-7,1.5700316789644296e-7,2.0803426782005393e-7,0.000016567919352541248,1.1054293936229934e-6,1.895010924901279e-7,1.2011354219894834e-7,1.5419563911660894e-8,1.9887609395753833e-7,2.497475511493338e-7,1.8492439537361871e-7,2.455896631015656e-8,8.85859111149009e-7,4.2556856346021417e-7,9.656809068233373e-7,1.2058151195696934e-7,1.8530075733606328e-7,2.9622230681626764e-7,1.6941769946313804e-7,6.192575365904697e-8,1.28421455206289e-7,2.6832068482665e-7,9.886319910402174e-7,0.00001136541937717985,2.829863616908154e-7,1.6098908513442003e-7,2.055679286356068e-7,4.8463766081865954e-8,1.9095716778517316e-7,2.756417450328298e-7,1.285741659345448e-7,2.0785826586784694e-7,3.081503408173317e-7,1.6670049935714775e-7
6.987240344298955e-7,2.4692716870255147e-7,2.0235477146918272e-7,1.746831106367762e-7,1.8426290863332338e-7,1.4411264360068283e-7,3.6137983854973795e-8,8.84701470738752e-8,1.3242949833428455e-7,2.391425064606424e-7,0.000017453581464960162,1.7646526373229957e-7,5.173883012484713e-7,1.2545936138559092e-7,3.593974055527694e-8,1.476131962387582e-7,2.041635397503746e-7,1.7819005453445984e-7,4.4243833463373796e-7,7.63998250414098e-8,5.626543857218465e-7,1.6741353111472033e-7,3.248888786212995e-7,2.952577677161561e-7,1.8136538126728325e-7,1.8663494572562254e-7,2.2462135919590795e-8,1.575876286735661e-7,6.014324177509611e-7,1.528175876964239e-7,0.000024626200851445343,2.095519118824483e-7,1.0039861924435133e-7,1.7351759642930462e-7,2.5969557316844345e-8,1.3719346184429365e-7,2.029808066772118e-7,2.631670533424297e-7,2.806294801412532e-7,1.9211507267309075e-7,6.990410171854291e-7,2.484782773888203e-7,2.0373565807408298e-7,1.803424361448687e-7,1.8518100073797936e-7,1.4093015318344974e-7,3.153478174080333e-8,9.356225783694664e-8,1.365425900980081e-7,2.4377834719249286e-7,0.000040838942857796365,1.6891989999704646e-7,5.132876717884103e-7,1.2525355161647058e-7,3.84033860715642e-8,1.5104933598556113e-7,2.048048058533738e-7,1.746554202277115e-7,4.505053120219174e-7,8.498206597599882e-8,5.629920481281387e-7,1.5498185172675265e-7,3.149395784962171e-7,2.9909438351980155e-7,1.7972564450276978e-7,1.827857483583582e-7,1.6672568643063193e-8,1.6188420416171785e-7,6.050847624304978e-7,1.5685003159644848e-7,0.00012281179871990146,2.0258160506809118e-7,9.992738002348389e-8,1.6790885864743025e-7,3.015197187866264e-8,1.4093481352499853e-7,2.0389904978213861e-7,2.5826240363529225e-7,2.7871271939355777e-7,1.9177228957602681e-7,0.00019206910430885605,2.5013775555506476e-7,2.045893221233583e-7,1.8582302609569614e-7,1.8600801141335686e-7,1.376264201279584e-7,2.753795756266102e-8,9.874042442055102e-8,1.4027043189693221e-7,2.484105587758408e-7,0.0001227754435292121,1.6095237283351e-7,5.08531121452925e-7,1.2504275050968448e-7,4.127135302519637e-8,1.5439451566053402e-7,2.0522862359627305e-7,1.7116605787461716e-7,4.5807571031869004e-7,9.456126371343651e-8,5.632404811817166e-7,1.4266689441027828e-7,3.0453637697605114e-7,3.0284946295626605e-7,1.778415359785291e-7,1.788424891831077e-7,1.1329215822296161e-8,1.6590101992949996e-7,6.080100727558051e-7,1.6074936920028448e-7,0.00004080277753304504,1.957718519345091e-7,9.944990370301895e-8,1.623313995329011e-7,3.5347857203973525e-8,1.446049473666792e-7,2.0468827351142266e-7,2.530511546838266e-7,2.7622609396733274e-7,1.9154698547696387e-7,6.982522193535645e-7,2.519236700850374e-7,2.0491374976586556e-7,1.9110258329080148e-7,1.8674385631995706e-7,1.342061372566592e-7,2.4420813474781284e-8,1.039888626529795e-7,1.4360387851598558e-7,2.5302023051916255e-7,0.00002458967485598741,1.5258401449576053e-7,5.031226932200244e-7,1.248314751809053e-7,4.443469822168044e-8,1.5764334136429645e-7,2.0543469714398933e-7,1.6771645299526847e-7,4.6513764831753586e-7,1.0472729816826927e-7,5.633992718027978e-7,1.3063558657433436e-7,2.9368701292583347e-7,3.065250443006918e-7,1.7571444998091317e-7,1.7481193201274174e-7,7.630967878020787e-9,1.6964572471930177e-7,6.102045269659251e-7,1.6446416191137731e-7,0.000017417627374481656,1.8916843788602705e-7,9.901501411952833e-8,1.5680022411741295e-7,4.120412983534206e-8,1.481931808601883e-7,2.053477631961951e-7,2.475501024739055e-7,2.7317083995283216e-7,1.9141104366066557e-7,6.971438592194443e-7
5.706209303644126e-7,1.9671971868317544e-7,3.548071395212452e-7,2.134834564919687e-7,1.3821713625960288e-7,1.3606484482660792e-7,3.328756900589888e-8,2.3162170347594775e-7,2.6437764850214615e-7,4.2802943958386916e-7,6.2038296079616155e-6,3.67348835405697e-7,1.5510970942573313e-7,2.4004280211398504e-7,5.9433225388891926e-8,1.5409745405698085e-7,1.7695566183207964e-7,1.9808481152330677e-7,2.2596608806027465e-7,3.05257157524452e-7,7.301958252342539e-7,2.81750787503215e-7,2.2783157694250674e-7,5.2291402454369064e-8,1.7095799939739806e-7,1.6069486601348242e-7,3.5471625591438225e-8,1.407363664607776e-7,1.759436778298266e-7,3.5436131459572294e-7,8.525073273747669e-6,4.3879036372511957e-7,2.863034376329837e-7,1.366178224088852e-7,8.74593264331765e-8,7.503407698928462e-8,1.7751706012156944e-7,4.1597187648934985e-8,3.1797993395670017e-7,2.514094495634164e-7,5.711004678790379e-7,2.05764223437223e-7,3.4758546670435334e-7,2.2023480835624658e-7,1.3856347326909047e-7,1.3329046927093572e-7,3.7708157579847524e-8,2.4074076983425377e-7,2.624174826123778e-7,4.3417689371237074e-7,0.000014434598403400375,3.6458205059216383e-7,1.6715451263548085e-7,2.441352327615493e-7,5.603317878260754e-8,1.5674893480705233e-7,1.7736820454766938e-7,2.0283013965020377e-7,2.2427382293155564e-7,2.990889661471808e-7,7.301135297880514e-7,2.88820671086775e-7,2.3098229782300452e-7,5.163157807791749e-8,1.7188769315531928e-7,1.5885526478700534e-7,3.85429159664439e-8,1.3886570462657884e-7,1.6583168722324234e-7,3.5546748959641976e-7,0.00004306933898800808,4.3421102966407086e-7,2.880304193005769e-7,1.2848421949306407e-7,8.62037670667322e-8,7.715284139595242e-8,1.7566019384450795e-7,2.878289242344712e-8,3.2494005836258706e-7,2.429989645525247e-7,0.0000672492362774996,2.148660489352177e-7,3.4039408140832073e-7,2.274113405780572e-7,1.3889017091665406e-7,1.304661239147708e-7,4.2487613633453975e-8,2.4963791346561174e-7,2.606002585671594e-7,4.400812094917575e-7,0.00004311661537844149,3.616942138188136e-7,1.790107270240738e-7,2.4827526251572587e-7,5.276691831801249e-8,1.5940218613015392e-7,1.776300550391104e-7,2.0743092959063785e-7,2.223203084831644e-7,2.928489612603734e-7,7.29731997272604e-7,2.9580091059113827e-7,2.3387218492169604e-7,5.1170226694707174e-8,1.7257721757978772e-7,1.5696369889777066e-7,4.1667944160818074e-8,1.3732837984217936e-7,1.5558967720139886e-7,3.564928949588586e-7,0.000014480824656652097,4.293801698558091e-7,2.898257343196712e-7,1.2013094191582656e-7,8.491548056989319e-8,7.918346105216003e-8,1.7377584432122763e-7,1.648750984291412e-8,3.3192904875895716e-7,2.347670661957161e-7,5.720732879751128e-7,2.2401691538793415e-7,3.3323953927144193e-7,2.3498487677880694e-7,1.392006815371061e-7,1.2759928933677402e-7,4.745364716058811e-8,2.5828808735999754e-7,2.58920739451461e-7,4.457327339573871e-7,8.5734571682388e-6,3.586788034437485e-7,1.9065804956287823e-7,2.5245409705012265e-7,4.964622044749573e-8,1.6205087016066892e-7,1.777382941916499e-7,2.118686681740744e-7,2.201194895670649e-7,2.8653140933413056e-7,7.290520339133361e-7,3.026975217675201e-7,2.3648348075587617e-7,5.095210179757451e-8,1.7302111106821276e-7,1.550217742533348e-7,4.484143655252229e-8,1.3612160139602077e-7,1.4524567847196318e-7,3.574460400003687e-7,6.249066959127946e-6,4.243043573019248e-7,2.9168889484989353e-7,1.1158083732543044e-7,8.361011023802184e-8,8.112388081672846e-8,1.7186140700386056e-7,6.842445295935442e-9,3.389341662440981e-7,2.2673271187350144e-7,5.725655768880755e-7
1.1166526081812734e-6,7.918099753054029e-8,2.9699439907817975e-7,2.0455640489798746e-7,3.5648232549934656e-7,5.6660698790917885e-8,1.4227885853328272e-7,8.109745247185017e-8,1.629530705283479e-7,6.60861749190152e-7,9.769603754705697e-6,6.446505283683697e-7,1.0276819453319974e-7,1.177693108257891e-7,1.2307555066412586e-7,1.9867107230778704e-7,1.2457462711485472e-7,2.3515266336533601e-7,3.0618417167541777e-7,1.4505966821214707e-7,1.1378545192241518e-6,8.767433516854928e-8,3.0275890603003843e-7,8.948782001441478e-8,1.342818087456037e-7,1.3709574732501685e-7,1.3435277552521452e-7,1.1816578710788573e-8,1.5819777357211154e-7,6.100241498131434e-7,0.000013706234934130468,6.799996856478479e-7,1.085680288001603e-7,1.6789830320116445e-7,1.665589758742656e-7,9.854623854507443e-8,2.3639905329317682e-7,1.6404582853423485e-7,2.9095428535650407e-7,8.578366559569921e-8,1.1168891009928758e-6,8.655088707848002e-8,3.0366443642376805e-7,2.057650574256192e-7,3.558136030162952e-7,5.3262516362797714e-8,1.334009716798383e-7,8.516593568169565e-8,1.6778784673065662e-7,6.603698029259761e-7,0.00002290874160117279,6.485349420153357e-7,9.721546830290691e-8,1.141627278826126e-7,1.1801634505034504e-7,2.0386634689541734e-7,1.238549260559123e-7,2.3360094519202085e-7,2.9852361363795566e-7,1.288915440045001e-7,1.1390478687760533e-6,9.829771389246294e-8,3.0963727114463925e-7,9.087106579894427e-8,1.3827015534992436e-7,1.349452571095946e-7,1.2782089194527608e-7,1.651064722137143e-8,1.6078620609185106e-7,6.078163817508661e-7,0.0000688240561331412,6.81018889199193e-7,1.0187432495934757e-7,1.6778835578387593e-7,1.7382649671568644e-7,1.0025392015335473e-7,2.3154541116339317e-7,1.6215798869500144e-7,2.875043776887088e-7,6.880290860381781e-8,0.00010708463227812387,9.685080827976024e-8,3.10243375965132e-7,2.0659745461096218e-7,3.549750117361072e-7,5.03503079781837e-8,1.2440363346813192e-7,8.928328819659356e-8,1.7249118341652616e-7,6.59400959498233e-7,0.00006890094466257608,6.520243748848978e-7,9.16862447272472e-8,1.1027911351892508e-7,1.1324746223056727e-7,2.0899874839802562e-7,1.2330948327540563e-7,2.318002208966437e-7,2.9066083318727193e-7,1.1286445308835775e-7,1.139721259956226e-6,1.1014316415069532e-7,3.1635978542350607e-7,9.199625193483693e-8,1.4224603680415578e-7,1.3262872116513978e-7,1.2120207058894848e-7,2.1445461449347742e-8,1.6362597278952276e-7,6.052341300192342e-7,0.00002298637830000501,6.81570763785263e-7,9.497211304481588e-8,1.6763519053541374e-7,1.8095958582320133e-7,1.0181457518968776e-7,2.2654139670806832e-7,1.6013739542797425e-7,2.8409529447870293e-7,5.2171526655358146e-8,1.1161020663719384e-6,1.0935669958199602e-7,3.167237727086757e-7,2.070528860519429e-7,3.539613437886742e-7,4.8055814575076096e-8,1.1531023879138226e-7,9.343718513835051e-8,1.770413092681347e-7,6.579593161424146e-7,0.000013782432174975582,6.551065539132667e-7,8.623898785605666e-8,1.0612282215434513e-7,1.0879904518694646e-7,2.140580216513565e-7,1.22951984344295e-7,2.297539748176492e-7,2.826118703120924e-7,9.698533322072025e-8,1.139874026001925e-6,1.2291609141002795e-7,3.229142061521701e-7,9.286191740853922e-8,1.461870998849903e-7,1.301479555896657e-7,1.1451928079736552e-7,2.6430949525285663e-8,1.6668232873936549e-7,6.022891694661174e-7,9.848044907534271e-6,6.816513299760817e-7,8.787881938691836e-8,1.6743620175257716e-7,1.879400393803039e-7,1.0322987295103377e-7,2.214035666340762e-7,1.5798971365144326e-7,2.807347587502152e-7,3.606424623245357e-8,1.1150795444777478e-6
3.368694892186169e-7,9.493985743338768e-8,1.3748867694007725e-7,2.3110457263346665e-7,3.1316502959107326e-7,3.4969618311646294e-7,1.285705027400549e-7,1.8934728822535277e-7,2.6450879555129356e-7,2.7668875383918556e-7,8.012781672659828e-6,1.742673892266574e-7,3.0862952117247104e-7,1.6579605880820028e-7,1.5726280965219037e-7,2.5421941378701124e-7,3.3968258089898865e-7,2.1522948123945666e-7,2.238137834336871e-7,1.0655368957023584e-7,3.2868655982712214e-7,1.2062362236571578e-7,1.975816218281893e-7,2.1973554725157352e-7,6.8645699598867e-8,3.7123107746363456e-7,1.1916398099995014e-7,1.540071334154531e-7,2.7379845745408234e-7,2.5501177052512095e-7,0.000011203359131020708,1.9875815073183565e-7,2.6452868108876173e-7,1.848158388375597e-7,1.1997445064340067e-7,4.013177186948201e-7,1.8025766586590516e-7,1.550943357874184e-7,1.5397880798703224e-7,1.0047938893508136e-7,3.3639169328391926e-7,9.619916314242951e-8,1.3097463077329685e-7,2.366342884516143e-7,3.0945392315509634e-7,3.4640982559696933e-7,1.3688856396142504e-7,1.9239545361140469e-7,2.625839782499039e-7,2.788732228876258e-7,0.000018653781096445454,1.736431019044217e-7,3.119649510184735e-7,1.6163431120366007e-7,1.4787373561929055e-7,2.576503658777571e-7,3.4266846944691686e-7,2.0906014012581483e-7,2.2428425757389402e-7,1.0917925440604431e-7,3.287726013402169e-7,1.2077601106757802e-7,1.9382583659202004e-7,2.2461199769449435e-7,6.877566999298253e-8,3.7177921803563683e-7,1.2100067240933326e-7,1.589372508389421e-7,2.705810107100311e-7,2.537665806741772e-7,0.00005587728368950293,1.9627904258022734e-7,2.6603860393025667e-7,1.8166845941021417e-7,1.2173781815414682e-7,4.028675962084192e-7,1.823310499962147e-7,1.507573984109374e-7,1.5838585266603865e-7,1.0213188916906936e-7,0.00008748762386086482,9.778543188929187e-8,1.244519235710242e-7,2.419897502987955e-7,3.054619485689797e-7,3.4259787123134827e-7,1.4510776010057723e-7,1.9522568943126914e-7,2.6051348148491024e-7,2.8094063972102776e-7,0.0000557893680096636,1.7317355185783643e-7,3.1514367673298784e-7,1.5733208937595383e-7,1.3831578729955662e-7,2.6064634947275644e-7,3.4547508202184884e-7,2.0267512653081902e-7,2.2479409859284567e-7,1.118142343684529e-7,3.286317217628798e-7,1.2086340597090633e-7,1.9006064373466159e-7,2.294266472081357e-7,6.925441390109851e-8,3.717733159394883e-7,1.2327274327391377e-7,1.6378195790980614e-7,2.6723733802563686e-7,2.5255436444007964e-7,0.00001856659992453186,1.937547241650764e-7,2.67402762465469e-7,1.7840771729000216e-7,1.236944074699632e-7,4.037903778424205e-7,1.8431612181945028e-7,1.4641948603026472e-7,1.628641126247307e-7,1.0404076206310118e-7,3.351722970650191e-7,9.970367272420873e-8,1.1792797450231548e-7,2.471686891651981e-7,3.012064599698103e-7,3.382562095305219e-7,1.5320323396927708e-7,1.9783888486476643e-7,2.5829487851474905e-7,2.8288792815750193e-7,0.00001111477768102768,1.7285234009948832e-7,3.181613084802852e-7,1.528909348467762e-7,1.286165932449712e-7,2.6321204450651865e-7,3.480883703921026e-7,1.9607994106656924e-7,2.253504539409335e-7,1.1444458449257016e-7,3.282635774797348e-7,1.2089757082380818e-7,1.8628560889876473e-7,2.3416671090651987e-7,7.010889816822789e-8,3.712107670880792e-7,1.2591295426274114e-7,1.6854028940858052e-7,2.63772419038568e-7,2.5138440912887985e-7,7.92640560237202e-6,1.9119411844830234e-7,2.6862223442446873e-7,1.75032796852141e-7,1.2585580736552132e-7,4.040862770308221e-7,1.861882705313641e-7,1.4209121976871713e-7,1.67396868784012e-7,1.0616630644796673e-7,3.344315218970803e-7
2.79676927384544e-7,7.610049023985987e-8,1.799975500647994e-7,1.4021313374397148e-7,7.47892431761052e-8,8.042269973189573e-8,1.4047911762109988e-7,1.6845167063554563e-7,1.767774497141179e-7,2.9647808816912783e-7,6.882431464111404e-6,2.6875369284940477e-7,1.8236202362277487e-7,7.396583403311683e-8,5.371129847579505e-8,1.2571923384458768e-7,1.3987940722933889e-8,2.0677384266433755e-7,1.9426742060608237e-7,4.68788461523754e-8,3.4789510765774265e-7,1.0550797511750968e-7,1.6490551824184864e-7,1.8282431952968352e-7,1.70765829163843e-7,1.6600528039263155e-7,1.5797563043938155e-7,1.4105319740498507e-7,1.7171361077218638e-7,3.212611365808799e-7,9.599243976482237e-6,2.5267582112813697e-7,1.9283354982487313e-7,1.4189466914955267e-7,1.2123061799838185e-7,5.49034845009947e-8,2.977526286801038e-7,1.0252512901256975e-7,2.0181882900454653e-7,8.167454524490748e-8,2.79738929814005e-7,8.066364039997889e-8,1.7666185105064075e-7,1.4336938903531225e-7,7.713248823989184e-8,8.029652838233722e-8,1.3513624118559148e-7,1.7048410464691267e-7,1.7527141196397378e-7,2.9820433656913876e-7,0.00001598503087944955,2.691745794608297e-7,1.8454625813087983e-7,7.197745052876503e-8,6.1228941777242e-8,1.2620784935342558e-7,9.604146185866995e-9,2.0512783150589596e-7,1.9334365558216946e-7,4.450948486436865e-8,3.4727906266446475e-7,1.083520849865774e-7,1.6330226709057165e-7,1.8534099818977486e-7,1.7710649498540067e-7,1.6231903417286707e-7,1.5925060674648008e-7,1.4175304877663305e-7,1.669999422528146e-7,3.201201115337379e-7,0.00004782698517913807,2.516107599315373e-7,1.953430040734997e-7,1.4030662921831053e-7,1.2774336126813468e-7,5.572863605724878e-8,2.960037768160071e-7,9.851302474471064e-8,2.0505840345675544e-7,7.959662967541592e-8,0.00007496190126906958,8.534275666745447e-8,1.7327847003557807e-7,1.4636101385489862e-7,7.98302425031074e-8,8.02196793397229e-8,1.297764694839118e-7,1.7228445401941314e-7,1.7373454334143358e-7,2.9983325614667144e-7,0.0000477225003099599,2.6962036881105084e-7,1.8682432936774156e-7,7.000680750413994e-8,6.874145291518803e-8,1.2675165850635299e-7,7.080934865696076e-9,2.0323362586184853e-7,1.9235994314638642e-7,4.2164819649944546e-8,3.464251242102008e-7,1.1115346889085408e-7,1.6176261232434664e-7,1.878780610357796e-7,1.8338266423077947e-7,1.5853835089075188e-7,1.6069475973786424e-7,1.421775512520199e-7,1.6228265306812388e-7,3.1896652280931016e-7,0.000015879318178732173,2.505008092017199e-7,1.977615513111321e-7,1.3855988754726654e-7,1.3424171133556658e-7,5.664359573953593e-8,2.9414561486334367e-7,9.435279511030077e-8,2.0828318131268497e-7,7.802049477097094e-8,2.799305730286755e-7,9.01288342945338e-8,1.698522638203085e-7,1.4919497825873223e-7,8.28175007135052e-8,8.019744597572491e-8,1.2443014805989573e-7,1.7385599530204163e-7,1.7216246141774713e-7,3.013563263995938e-7,9.496077713114647e-6,2.700898904595857e-7,1.8918832548566148e-7,6.806287416067679e-8,7.620863246979902e-8,1.2734744657065897e-7,8.571480254856127e-9,2.0108753586964715e-7,1.9132592346582652e-7,3.985289140621328e-8,3.453338381760811e-7,1.1391641047555744e-7,1.602799146586384e-7,1.9042235359081315e-7,1.895741243364446e-7,1.546633306833066e-7,1.6231365375975173e-7,1.4232505154324254e-7,1.575710380106784e-7,3.1780666815073157e-7,6.775587423421115e-6,2.4935458855592346e-7,2.0008762035480202e-7,1.366469732549018e-7,1.4069585176525045e-7,5.763177175664778e-8,2.921889260270732e-7,9.003391241140002e-8,2.114829067919239e-7,7.695538605856817e-8,2.8005901196089545e-7
1.1752014273083579e-6,7.139288252846329e-8,2.892894551468109e-7,1.1247134731377408e-7,2.60548034320154e-7,6.592873378727838e-8,1.0871304921265193e-7,1.0603695543331976e-7,2.3787329192298623e-7,5.969785684222838e-7,0.00001078683727658393,6.598292687421944e-7,8.538833201971863e-8,2.0404274312690405e-8,3.503475492817595e-8,2.1331273190726245e-7,1.154106424580843e-7,2.0223617239137316e-7,3.6318962428084317e-7,1.4397743972900107e-7,1.0644010251034246e-6,1.4781737180179207e-7,3.3008266992994296e-7,1.9416420102897578e-7,2.630895269514559e-7,1.217400155760919e-7,7.500186132578839e-8,1.1316289575931242e-7,2.1198098716370251e-7,6.007463146589615e-7,0.00001531405412705787,6.443462524762798e-7,1.921007403207682e-7,2.386263538508941e-7,3.9219278474822376e-8,1.4070129342332802e-7,1.7432497351790099e-7,2.8373068907024764e-7,2.0756454402257537e-7,1.4274639886085492e-7,1.1763273251245598e-6,8.538218612462846e-8,2.952941986096651e-7,1.0575391297880641e-7,2.616451899453233e-7,6.332295350039566e-8,1.0540804250173768e-7,1.089038327036397e-7,2.4736646115063417e-7,5.965186748138444e-7,0.00002540091147138842,6.61545609458938e-7,8.540632458144009e-8,1.4549410820734288e-8,3.54320621020829e-8,2.1649615241585626e-7,1.1625436411891533e-7,2.0704181826076797e-7,3.591929830432618e-7,1.308524361169783e-7,1.0648921034408015e-6,1.5032637001271408e-7,3.348173197556462e-7,1.8974683206304764e-7,2.6114548277038377e-7,1.1669450195994685e-7,7.218427223086895e-8,1.1283615485442305e-7,2.0629624553254843e-7,5.999096994128747e-7,0.0000766328788846052,6.461989051610844e-7,1.8468610142196724e-7,2.2723302337882872e-7,3.931001958373217e-8,1.455124807714114e-7,1.7587395456099606e-7,2.749298910790327e-7,2.0369939763427263e-7,1.2718541831947083e-7,0.0001192141542208694,1.0018340696203397e-7,3.014264428332849e-7,9.96809160352275e-8,2.627157531816025e-7,6.066845088992491e-8,1.0216888819993429e-7,1.1307693064441774e-7,2.5685247976183283e-7,5.956367345090185e-7,0.00007674458399787853,6.628154023429522e-7,8.573303596566084e-8,9.283547479905965e-9,3.654300108470169e-8,2.1957954749732032e-7,1.1678509793375057e-7,2.11576879877141e-7,3.5499872948535304e-7,1.1867140883876387e-7,1.0649943509399584e-6,1.5468971240536157e-7,3.3945956083581007e-7,1.8498261736102402e-7,2.5885630190151734e-7,1.1155663072996544e-7,6.954264402799819e-8,1.1267688037062067e-7,2.003902953606075e-7,5.986643747424554e-7,0.000025511917515017508,6.476484945904048e-7,1.7737640942580107e-7,2.1563413781391063e-7,4.084296617349526e-8,1.5017552264045542e-7,1.772618234264466e-7,2.661401110746018e-7,2.0047988271348402e-7,1.1188450364461802e-7,1.176956515684874e-6,1.1554999797420499e-7,3.076473589390402e-7,9.44269235069716e-8,2.6376427163507503e-7,5.798948986538051e-8,9.89948275972321e-8,1.1833884469740757e-7,2.6630358928455134e-7,5.943402184151981e-7,0.00001542651296471988,6.636343709673841e-7,8.636339133986258e-8,6.685652862461757e-9,3.824653214100212e-8,2.2255970546339554e-7,1.1700661590304093e-7,2.1582639749706824e-7,3.506144610057442e-7,1.076691575445211e-7,1.0647078015953496e-6,1.6082956721770063e-7,3.440029507414455e-7,1.7988536356685848e-7,2.562202034633711e-7,1.0633378790455918e-7,6.713592727465496e-8,1.126806620148466e-7,1.942716718261542e-7,5.970171153524159e-7,0.000010897199717280848,6.486847094413501e-7,1.702258317381824e-7,2.0387184241550333e-7,4.373837894705865e-8,1.5468490952716043e-7,1.7848735660031435e-7,2.5737737583425747e-7,1.9798855736806914e-7,9.688522780179097e-8,1.1764589127005142e-6
6.356578682218332e-7,4.0854534107861734e-7,5.719016755456144e-7,1.783762908905822e-7,2.0045372512743183e-7,2.517385921354517e-7,3.345238447160577e-8,1.9216368899076976e-7,5.047459733044639e-7,3.7826591894762814e-7,9.27188887799727e-6,4.0467586912298865e-7,2.988917215230396e-7,2.30296183406553e-7,3.625653589872821e-8,1.2099116422850767e-7,3.0159919547702343e-7,6.288111498047523e-8,3.2190236493937785e-7,2.576344037549107e-7,5.759754940088896e-7,2.5548371015548753e-7,3.5308040813873185e-7,2.4073526102615324e-7,1.938915137740318e-7,2.1394800840269882e-7,4.148650781708394e-8,3.131742790836737e-7,2.2563319229172117e-7,3.949670116450426e-7,0.000013179310182756439,3.561368302261398e-7,6.196300077289956e-7,2.618454956716265e-7,2.4266686377616917e-8,1.7379228963648005e-7,3.0552833462153425e-7,2.1613370573294953e-7,4.1727883314233006e-7,5.279014275051996e-7,6.368732777043629e-7,4.094954891467074e-7,5.644662494696595e-7,1.8495577363143742e-7,2.0174478267424078e-7,2.476579190964437e-7,3.9543959551383856e-8,1.9467877539303633e-7,5.044544856371372e-7,3.834099949115909e-7,0.000021830123975869504,3.957288529997374e-7,3.017692115417833e-7,2.2719082773552325e-7,3.123094331281025e-8,1.2572379379715444e-7,2.9980960833972595e-7,5.636149432272132e-8,3.2314080276076944e-7,2.481986984268976e-7,5.755000149282223e-7,2.645503690660884e-7,3.5234394189925713e-7,2.4803641774044964e-7,1.945312787385318e-7,2.0903616530418148e-7,4.984963760071729e-8,3.156904268242082e-7,2.2309143585767926e-7,4.006729035029603e-7,0.00006591271797794666,3.5267614261046203e-7,6.219862905161791e-7,2.590208053704011e-7,1.8798507516997217e-8,1.7881871067208702e-7,3.057693092824981e-7,2.0845855156749861e-7,4.267420390201504e-7,5.28876781540253e-7,0.00010298084033477122,4.103232629721547e-7,5.564133266856156e-7,1.915559359450282e-7,2.028072356001436e-7,2.434366266550016e-7,4.583920477734934e-8,1.969673218727568e-7,5.036708053229009e-7,3.8841689501531334e-7,0.00006604680968664684,3.8668893512061085e-7,3.045049848045639e-7,2.240067392067963e-7,2.6840892968620454e-8,1.3034605169736656e-7,2.9789912739317305e-7,4.9964876739918224e-8,3.239363106105083e-7,2.388737114264904e-7,5.749884915662441e-7,2.7371129255573896e-7,3.5120635086499516e-7,2.5512500365928874e-7,1.9502327520609453e-7,2.0398733113367977e-7,5.8145776735078066e-8,3.181214878501379e-7,2.206112037631356e-7,4.0654306471563964e-7,0.000021963607998213675,3.4905881129304725e-7,6.237244387229472e-7,2.558960508974359e-7,1.4744492933106757e-8,1.8374372992013925e-7,3.0574522426438655e-7,2.007380336578451e-7,4.3575769088021146e-7,5.29793911760154e-7,6.387221273532852e-7,4.1105396446918314e-7,5.477469835101526e-7,1.981760009466564e-7,2.0363973288063868e-7,2.3907855749979687e-7,5.227358041098104e-8,1.990371496568194e-7,5.023848040976527e-7,3.9326968107661543e-7,0.000013314036972577086,3.7758755923998754e-7,3.071191358423162e-7,2.2074628015133905e-7,2.351427439401938e-8,1.3485173822479378e-7,2.958685677363775e-7,4.384975709896066e-8,3.242916108494567e-7,2.2967692394243153e-7,5.744424582832057e-7,2.829537795557739e-7,3.4965927650342264e-7,2.619866053434899e-7,1.95367103815223e-7,1.9880654630888428e-7,6.635750314190072e-8,3.2046307700576966e-7,2.1817178451504814e-7,4.125410238185768e-7,9.404798072048205e-6,3.452885366330256e-7,6.248496981774252e-7,2.5246330456662925e-7,1.3419495320335835e-8,1.88559234440973e-7,3.0545668718634766e-7,1.9297639156342835e-7,4.4431309796336456e-7,5.30627086870012e-7,6.393557482551809e-7
1.6370724635473382e-6,1.1330737347880018e-6,3.8335254345345614e-7,1.3433163784157924e-7,1.2055387285502983e-7,3.145206551968129e-8,5.208136684399576e-8,1.086721618528928e-7,1.7606635447919695e-7,3.5041850204387075e-7,0.00004007080223580996,9.929476702294358e-7,1.304482721295346e-7,2.2528931040959555e-7,8.96252134748363e-8,9.75271618737692e-8,3.7184664840902504e-8,1.2239744502015897e-7,3.7475151550446686e-7,6.126537453804905e-8,2.0781307831235152e-6,8.760577241347282e-8,1.722179335762728e-7,2.281168363908091e-7,1.6449930849495568e-7,3.181441597414714e-8,6.144700194217285e-8,2.1575738096051307e-7,1.482437521026574e-7,1.1776259528420423e-6,0.0000556147647651748,2.3698254124194398e-7,1.5732580016134715e-7,1.2755021849804677e-7,1.2026308717656478e-7,1.1899115886786989e-7,4.0104118089950405e-9,1.1173660402976004e-7,4.223799573679539e-7,1.2397444534010874e-6,1.6357950094846692e-6,1.1725435889737126e-6,3.9071121991535395e-7,1.3060136848115543e-7,1.234154796362846e-7,3.103233567354963e-8,5.2688384525924456e-8,1.0670805384094901e-7,1.6195706620222327e-7,3.387286163757519e-7,0.00009322342603206852,1.0015883579700044e-6,1.2850391867736147e-7,2.3052238341886972e-7,8.921346751625045e-8,9.769046973367474e-8,3.715502712590289e-8,1.219802326256045e-7,3.8039497863982173e-7,6.851504574172808e-8,2.079320531176863e-6,9.089930655897382e-8,1.676602968693536e-7,2.2662591645685598e-7,1.6608067617546301e-7,3.146334075403302e-8,6.09774196811646e-8,2.1267830771906212e-7,1.4619657586119702e-7,1.1727335861815087e-6,0.00027876854103169073,2.5502278732045603e-7,1.6885064818369638e-7,1.2944751614707817e-7,1.1814530981719712e-7,1.202687000527695e-7,5.662172966117016e-9,1.0924326492653596e-7,4.159286451576223e-7,1.2019979865591658e-6,0.00043650085293911337,1.2114997011467343e-6,3.9794021699473666e-7,1.2696422696934103e-7,1.263141842123345e-7,3.060506084164447e-8,5.322492420212458e-8,1.0479979693444815e-7,1.4843605076347118e-7,3.2872990856950937e-7,0.0002786312469722384,1.008930934430146e-6,1.265801662700997e-7,2.3561102517644026e-7,8.879599987898476e-8,9.785351308807679e-8,3.719308474706265e-8,1.215364151903523e-7,3.8568426354927673e-7,7.508703066629466e-8,2.0787373029376194e-6,9.473430232956631e-8,1.6280981108259396e-7,2.2494397940494333e-7,1.6761706333269088e-7,3.119670087923572e-8,6.053642018000624e-8,2.0943596138521654e-7,1.4419143952425016e-7,1.1664610272374724e-6,0.00009308498034172963,2.74700407501045e-7,1.8110746850369718e-7,1.3136759474895905e-7,1.1594159427600163e-7,1.2152135291109034e-7,7.578440223328023e-9,1.0683822122210455e-7,4.0934648622100467e-7,1.1637109600729807e-6,1.6353866941937095e-6,1.2498874314624827e-6,4.050133689189281e-7,1.2343858961845464e-7,1.292479493564473e-7,3.0171944230874734e-8,5.3691197770251734e-8,1.0294461101974324e-7,1.3562446950709528e-7,3.2057763253035297e-7,0.00005547864893038128,1.014921203187283e-6,1.2466765123891665e-7,2.405441928137571e-7,8.837122012807336e-8,9.801678551660493e-8,3.730354188385312e-8,1.2105371049686024e-7,3.9060480457366034e-7,8.096949591425777e-8,2.0763807253116264e-6,9.91833423018791e-8,1.5768530947825337e-7,2.2306730012733586e-7,1.6910823377870143e-7,3.1019880948829834e-8,6.012653090137117e-8,2.0604101185421234e-7,1.42221527231249e-7,1.1588636525486795e-6,0.000039931230445827176,2.956795919299212e-7,1.9398512583677078e-7,1.333138297115355e-7,1.1365253938537405e-7,1.2274826855199846e-7,9.572028166021725e-9,1.045316548230379e-7,4.0265908173033244e-7,1.12493902168371e-6,1.6362553728044683e-6
6.668491395976096e-7,1.5497952674432666e-6,7.848691009724564e-7,1.3590137533554054e-7,7.461344369694526e-7,4.819134582728455e-7,1.5032119662912568e-7,7.123585977891715e-7,8.582373460918273e-7,9.175386088029459e-7,0.00008947248187196124,5.891205216487579e-7,5.136468407492231e-7,8.19286070870892e-7,1.8922072603049627e-7,5.454241231877332e-7,6.982617570002993e-7,3.0542490490924995e-7,6.772644050566152e-7,1.9497056825077317e-6,7.717621986657348e-6,1.8413600056581649e-6,6.238863940745871e-7,8.126944219684219e-8,8.24449860367287e-7,4.824196178041553e-7,8.271810985228284e-8,7.811559253681115e-7,6.50047085638072e-7,6.462109503590975e-7,0.00011538944824965803,8.893292145715082e-7,6.883798104963568e-7,7.511639087317708e-7,2.520339663228747e-7,5.451663959731731e-7,6.175731099755422e-7,3.4842338305408187e-7,8.770488912170193e-7,1.5353586717495169e-6,6.707420811548493e-7,1.5698629681718112e-6,7.776598958980095e-7,1.5650354865242968e-7,7.516804336209351e-7,4.68387075557469e-7,1.687303374912718e-7,7.182363279924052e-7,8.314730952675897e-7,9.304871164548965e-7,0.00020332584437308832,5.435014123397555e-7,5.301335515222996e-7,8.163525961840153e-7,1.7029073171484335e-7,5.592868293686862e-7,6.941667847323215e-7,2.870920205398479e-7,6.964571813637346e-7,1.8895457544196714e-6,7.720870878185063e-6,1.8980434190173088e-6,6.065748838183234e-7,1.0053633521267674e-7,8.299432931037429e-7,4.687699548638802e-7,1.0065986796506716e-7,7.860913992259152e-7,6.333464838544843e-7,6.890107826108484e-7,0.0005934157757701525,8.765846474832021e-7,7.15071461181827e-7,7.471214506383376e-7,2.3296758786829846e-7,5.587977093607043e-7,6.132004416231134e-7,3.2838488612757414e-7,8.861560029693448e-7,1.517383865601981e-6,0.0009390658577526266,1.5883101128621656e-6,7.699228270026682e-7,1.769853950655052e-7,7.567909164372742e-7,4.545003076057012e-7,1.8702281769215513e-7,7.236815248449335e-7,8.044813294450975e-7,9.43786105120702e-7,0.00059327170097527,4.965086373376935e-7,5.464015007483375e-7,8.128533647697775e-7,1.5135426526549454e-7,5.727817217998466e-7,6.89527043567449e-7,2.6887859106703824e-7,7.151355800925289e-7,1.8309149962367437e-6,7.720442695642088e-6,1.9562129450138827e-6,5.88737887583796e-7,1.1994763089955449e-7,8.348904253939301e-7,4.547464692124119e-7,1.1871517902851444e-7,7.904635829640359e-7,6.164341466510346e-7,7.312358728541451e-7,0.0002031820358631364,8.641286252928742e-7,7.415741779185611e-7,7.426424676401247e-7,2.1372960543869522e-7,5.720761025363643e-7,6.083968015865547e-7,3.0822203286257733e-7,8.947044899672058e-7,1.4977459201422926e-6,6.728249891678042e-7,1.6050905832770132e-6,7.616436214336545e-7,1.9732788151470613e-7,7.614626809418961e-7,4.4026261409920985e-7,2.051704545596994e-7,7.286883682288482e-7,7.772920928618795e-7,9.57425867663591e-7,0.00011524511772233311,4.4866841469704927e-7,5.624554553900344e-7,8.087859756331031e-7,1.3245782978086088e-7,5.85899175119499e-7,6.843456183240564e-7,2.508246141644145e-7,7.332758094389244e-7,1.773792708954113e-6,7.716337348876966e-6,2.0158892489789317e-6,5.704009447523273e-7,1.394310931104305e-7,8.392880413006382e-7,4.4035894956712065e-7,1.367999304773392e-7,7.942748729378399e-7,5.993050768967584e-7,7.724383402706535e-7,0.00008932895043762168,8.51965071701407e-7,7.678581135738518e-7,7.377326114162978e-7,1.9433757380125687e-7,5.849920494529723e-7,6.031653245253469e-7,2.8795628763906176e-7,9.027095506375627e-7,1.4764903142312855e-6,6.710207225345034e-7
1.8095304999607943e-6,1.3014764162493542e-6,3.4748693090022887e-7,1.1786023150361136e-7,1.9616613435537288e-7,5.0207032591232105e-8,6.785333918847337e-8,1.7678749377107182e-7,2.4991125268159855e-7,5.530512169848921e-7,0.000042698605124121476,1.1185578598571934e-6,1.053124987738519e-7,2.61485996015036e-7,1.2654780213757078e-7,1.3361808647743716e-7,4.214479213267995e-8,1.1604303020105144e-7,4.141674809855553e-7,2.9512932281512866e-7,2.3018459942137326e-6,1.707146770686795e-7,3.487927545573133e-7,2.0986182377721498e-7,1.7014130855782625e-7,5.4645661089503496e-8,6.499611100368438e-8,2.5070217222069785e-7,2.087825284200266e-7,1.1748477513538811e-6,0.000059116359841431386,4.606757507806418e-7,1.1460560938866752e-7,1.9645872991404587e-7,1.0175776351144674e-7,1.419564414063548e-7,7.823256413678091e-8,9.031776046984435e-8,5.25694932637411e-7,1.2847207295395942e-6,1.8074156255264133e-6,1.3400115594947026e-6,3.5019434552407567e-7,1.1332843716397456e-7,1.9903254001467594e-7,4.862640576324251e-8,6.91858510271211e-8,1.7590969143645216e-7,2.3364243174539444e-7,5.448002839966306e-7,0.00009925811757137641,1.1212855729381463e-6,1.1358312886348796e-7,2.6598092043432896e-7,1.2412475434078885e-7,1.3512375163956187e-7,4.025577286527597e-8,1.1452262697098355e-7,4.177926324100038e-7,2.828918473740552e-7,2.30369873528981e-6,1.8227966320542292e-7,3.47180619368642e-7,2.0699855236497292e-7,1.7255804172044477e-7,5.257854397061988e-8,6.696515580405425e-8,2.471986586366653e-7,2.017798267785344e-7,1.173176094763932e-6,0.00029656606925276477,4.763759074458052e-7,1.195521404125144e-7,1.983998045144351e-7,9.93347420123899e-8,1.4345127068715527e-7,7.736473424515912e-8,8.521306250015317e-8,5.211177494530925e-7,1.2456613119934804e-6,0.00046445311101375123,1.3779963292649594e-6,3.527691442873611e-7,1.089907392708589e-7,2.0187236187758938e-7,4.702872196747274e-8,7.048636080452306e-8,1.7499366564455283e-7,2.1758625021976914e-7,5.374828414533174e-7,0.0002964171216021391,1.1226671225052478e-6,1.220538037262302e-7,2.7027585483210167e-7,1.2164914299915069e-7,1.3661498346134174e-7,3.83099379755611e-8,1.1306070730047158e-7,4.211502348121443e-7,2.707690991825904e-7,2.3037701433507242e-6,1.9408505273313831e-7,3.453086967992666e-7,2.039613683091734e-7,1.749285881014495e-7,5.050601204878698e-8,6.892012653122483e-8,2.4352079642853623e-7,1.9487808796251295e-7,1.1700853031775355e-6,0.00009910987307680979,4.928001572782878e-7,1.2607306378488885e-7,2.003240812242372e-7,9.687606620255807e-8,1.449003577510459e-7,7.652639772147804e-8,8.031841022195406e-8,5.163437702896117e-7,1.205994735466395e-6,1.8048245468246996e-6,1.4153798057479637e-6,3.551939690891082e-7,1.0488423620284712e-7,2.046836673404938e-7,4.5419483356800264e-8,7.17493441475755e-8,1.7403773818207636e-7,2.0177910595995626e-7,5.311549068094034e-7,0.000058966709661578685,1.12264572617717e-6,1.3069720943453024e-7,2.7436147190229043e-7,1.1912117012614673e-7,1.3809166092381611e-7,3.630866291927785e-8,1.1164814018624321e-7,4.242277113003357e-7,2.58731024753248e-7,2.3020609696352973e-6,2.0616714198072585e-7,3.4319202972101503e-7,2.007503968320294e-7,1.7725155399685277e-7,4.843191536903359e-8,7.085716137930543e-8,2.396785476330219e-7,1.8809055665118635e-7,1.1656349265422675e-6,0.0000425510624348091,5.098566341639448e-7,1.33993671301821e-7,2.0223454997584015e-7,9.438538609532823e-8,1.4630244291058837e-7,7.571727498776859e-8,7.567070406035355e-8,5.113956045251413e-7,1.1657734380966544e-6,1.8043528648607019e-6
6.081867013808202e-7,4.663828558298808e-7,5.122326521215467e-7,2.4275716335297013e-7,1.6220997186629868e-7,2.441950321992017e-7,4.1485080017368863e-8,2.6518722667943107e-7,5.850419754782403e-7,3.655051661250568e-7,8.383980214868547e-6,4.967778876948725e-7,3.523287834023446e-8,2.3509634339452354e-7,1.507385186326094e-8,1.113053055174582e-7,3.0847023147892153e-7,1.441589734943104e-7,2.665808581518033e-7,2.2228480145410172e-7,4.474817018175884e-7,8.093867731097096e-8,1.4591987172648394e-7,1.929159383971944e-7,1.646093961876583e-7,2.1430397129981807e-7,3.251955114443035e-8,1.793874283463897e-7,1.1937064673970244e-7,4.5136054998842744e-7,0.000011966540129229514,3.2700912124207985e-7,5.51612969898975e-7,2.0981444301782914e-7,2.497989952140742e-8,1.259638440137455e-7,3.01985667832276e-7,4.454341640744678e-8,5.339879732291505e-7,4.773223883811287e-7,6.096967439673934e-7,4.6295090417453744e-7,5.036003020838866e-7,2.4713244516720324e-7,1.6181044153070003e-7,2.394609936743501e-7,4.781073319080456e-8,2.674564080760068e-7,5.846875310046615e-7,3.6291585955709366e-7,0.000019775649679155447,4.857142019469405e-7,4.378364344403776e-8,2.299630505948452e-7,1.0733581551380814e-8,1.1626093738336418e-7,3.079772459754402e-7,1.3742083617278232e-7,2.643996890542139e-7,2.138215115821899e-7,4.468757861501843e-7,9.429276882196296e-8,1.4694759112964514e-7,2.013897204785949e-7,1.665207487936783e-7,2.1054677574501534e-7,3.9615208437504714e-8,1.8327172190104246e-7,1.2776431743486943e-7,4.5631693322182114e-7,0.00005980885821824031,3.3113936160122483e-7,5.518908510352693e-7,2.098231309932705e-7,2.3949380159217812e-8,1.3046658671878933e-7,3.012764261732982e-7,3.924125003522001e-8,5.410692939296945e-7,4.802698694095801e-7,0.00009356811009132994,4.5926046416421543e-7,4.943908830308248e-7,2.514981544508407e-7,1.611526294212163e-7,2.3460073140659027e-7,5.438264131136988e-8,2.6938563595776916e-7,5.836657692060844e-7,3.602373997485509e-7,0.000059958342406957074,4.745063151886226e-7,5.288426957711009e-8,2.247961942422985e-7,1.0699156993854522e-8,1.2114358658438722e-7,3.0734936083222746e-7,1.3046307975510024e-7,2.618342929339932e-7,2.0574262914242067e-7,4.464196334866342e-7,1.0788595207317777e-7,1.4794227424003845e-7,2.096680779242449e-7,1.6832579838649714e-7,2.0664008365530147e-7,4.664153752346056e-8,1.8717333135695132e-7,1.3572521171973195e-7,4.613392609579486e-7,0.000019925443305086172,3.351766861774486e-7,5.51555580743026e-7,2.0962640649169743e-7,2.3955273712142086e-8,1.3485426516446932e-7,3.0032248919784917e-7,3.40894080421624e-8,5.475548720925893e-7,4.83010846248256e-7,6.116074872935465e-7,4.553392935507193e-7,4.846136519498322e-7,2.558604379447161e-7,1.6023651654788886e-7,2.296187859550858e-7,6.113007006960579e-8,2.709850267826074e-7,5.819735632300354e-7,3.5747091564833206e-7,0.000012115734245800528,4.631925022055067e-7,6.247088780971617e-8,2.1960983628457939e-7,1.5141857340981085e-8,1.25938921185464e-7,3.0658665839453254e-7,1.2331122751497397e-7,2.588837454223889e-7,1.9809942363271427e-7,4.461153471149839e-7,1.2164490280414774e-7,1.4889470544674318e-7,2.177340882754133e-7,1.7002330822944888e-7,2.0258696386124434e-7,5.359150245068182e-8,1.9107755590096934e-7,1.432401976666367e-7,4.6638941632243043e-7,8.534107192774478e-6,3.391135963987275e-7,5.506092889971566e-7,2.0921764928236562e-7,2.4960563272132218e-8,1.391231577570711e-7,2.9912509259264316e-7,2.9105711419149096e-8,5.534328361242761e-7,4.85518647734909e-7,6.120061659079223e-7
9.644734515204954e-7,1.292459267534038e-7,2.710601789595144e-7,2.1695365604333799e-7,3.3299373093030317e-7,1.3143558702872995e-7,6.302293503551098e-8,1.3794490181050912e-7,3.1596455888059895e-7,3.825960454914839e-7,0.000011248837069865603,5.679276011120406e-7,1.4493805592248372e-7,2.5799815469052803e-7,8.804066893515022e-8,2.258916909057427e-7,1.559416421645332e-7,3.156588412445577e-7,2.4311114963830735e-7,8.15370766667072e-8,8.030705958706282e-7,8.84402840356928e-8,2.7189113737166813e-7,4.6514330968218535e-8,2.72457883668482e-7,1.3315977852441332e-7,5.2447271088769255e-8,1.649670656251082e-7,2.7957897895765864e-7,4.653253452100351e-7,0.000015967446234069645,4.681694100157678e-7,3.0424613534294135e-7,7.889787868502132e-8,3.9187008105840964e-8,1.9955343887232695e-7,1.5569150870860688e-7,2.667248246951596e-7,1.7263932289563365e-7,1.601580961702656e-7,9.651612055766322e-7,1.328141562213892e-7,2.7796922158151234e-7,2.2440997250945846e-7,3.3234308888583865e-7,1.2666938018663342e-7,5.575913214649001e-8,1.4901771827992888e-7,3.190180884706129e-7,3.7930372491642223e-7,0.000026492776978577048,5.68281058797203e-7,1.4682590954621058e-7,2.553249615345465e-7,8.357154254225687e-8,2.3138549742713715e-7,1.5772225673438656e-7,3.177257250555054e-7,2.4562644797148335e-7,6.860709934797847e-8,8.041563907298212e-7,8.257936973772384e-8,2.7097854388060146e-7,4.760866339718034e-8,2.726745560408924e-7,1.2898136342800474e-7,4.79850747285187e-8,1.7179806598507614e-7,2.7872388621418786e-7,4.6780474133113063e-7,0.00007994473266844733,4.7100433327089296e-7,3.0269440557365826e-7,7.277562579214412e-8,4.336751534674556e-8,2.0330328186031037e-7,1.5543093944714449e-7,2.606633105259857e-7,1.6998840993062396e-7,1.526050565470199e-7,0.00012475044509537207,1.3724842943456023e-7,2.8495466721951193e-7,2.3188760991986505e-7,3.314810639722412e-7,1.2186375645877306e-7,4.8825112663861296e-8,1.6028335096277754e-7,3.2216124746848184e-7,3.758026922816961e-7,0.000080097103106284,5.682059087222805e-7,1.4850858606633555e-7,2.525455215674001e-7,7.951204490004994e-8,2.3676322363909785e-7,1.59283951933578e-7,3.19765626781993e-7,2.483291624941512e-7,5.697674741932963e-8,8.050316092016718e-7,7.887417830352418e-8,2.702556086278551e-7,4.9811279710014325e-8,2.7261512040538356e-7,1.2467465690595335e-7,4.3634948270154716e-8,1.7843913505295043e-7,2.776715266762812e-7,4.699189715604445e-7,0.00002664569743166236,4.736110040922714e-7,3.013691570467102e-7,6.8184464336059e-8,4.807830370468425e-8,2.0688860535231588e-7,1.550177933191911e-7,2.5471441256640966e-7,1.678172262143345e-7,1.4538022975066331e-7,9.649048489248031e-7,1.4249557159672175e-7,2.919624490619269e-7,2.3936588304834605e-7,3.304080666107451e-7,1.1704438767559002e-7,4.234826736440441e-8,1.716305744402735e-7,3.253879865253828e-7,3.7211195464121475e-7,0.000016119252253148026,5.677041677965405e-7,1.499827113830937e-7,2.4967138809048466e-7,7.591944471949931e-8,2.420186161776683e-7,1.6061728877691466e-7,3.217520447096522e-7,2.512055260352742e-7,4.741235869498374e-8,8.056956976828396e-7,7.777437206036721e-8,2.69727007597286e-7,5.307113319875949e-8,2.722786833955676e-7,1.202433422131555e-7,3.945653939297552e-8,1.8487638189895157e-7,2.7642190271102174e-7,4.716643099732712e-7,0.000011402289527970958,4.7597153734104295e-7,3.002684669727451e-7,6.555341510528564e-8,5.3177336828517285e-8,2.1030533331559933e-7,1.5444971017445924e-7,2.4889275888520327e-7,1.6619863965872548e-7,1.3850517740503635e-7,9.639620514953081e-7
6.247193417143719e-7,1.203354961723151e-7,2.1544555468242203e-7,2.4351615922824117e-7,1.1569627270700982e-7,8.945263678167619e-8,1.1001706251215729e-7,6.479880610799897e-8,1.3694481254675113e-7,4.354953175016855e-7,6.27658884078986e-6,3.7441546313710795e-7,1.5271744142363716e-7,2.0641273515746906e-7,1.0599438411272429e-7,2.8644253305044106e-8,7.683964053438193e-8,2.4655214300491334e-8,2.580711385883912e-7,1.42779652938152e-7,5.893626585206248e-7,1.586310713078756e-7,2.3441137273439667e-7,7.172653499735135e-8,1.794276957276689e-7,1.3157714476018476e-7,1.4589810338901293e-7,1.3662673084835876e-7,1.3171986992790367e-7,4.1471038656620734e-7,8.753583635739271e-6,3.9599111123307043e-7,1.4106269470603026e-7,6.915075713357281e-8,1.7649411488520076e-7,1.0575433732525388e-7,2.3891095568674634e-7,1.0662925326458959e-7,2.5324854756007903e-7,1.2893004064842417e-7,6.247673287485074e-7,1.2814674812870094e-7,2.1732396767703289e-7,2.466759656224899e-7,1.1924273104991987e-7,8.805627137363973e-8,1.0127631043480164e-7,6.595371150143876e-8,1.2968185501319197e-7,4.3578451678757407e-7,0.000014564550822460788,3.725955330646302e-7,1.5410286933696894e-7,2.0599554789211023e-7,1.0749796012653696e-7,3.07560028073609e-8,7.602753192028644e-8,2.2122386779701612e-8,2.592818230100322e-7,1.3336829049071432e-7,5.894441691408496e-7,1.6679889731326437e-7,2.3170518055595994e-7,6.894235362791752e-8,1.8034864658216774e-7,1.321739829057575e-7,1.4206889405577557e-7,1.364386810996945e-7,1.2908958976608653e-7,4.1655789234104844e-7,0.00004353756798890414,3.963937845882645e-7,1.4610268712547993e-7,7.245136241006165e-8,1.784495531080939e-7,1.0724741074265196e-7,2.326522287793396e-7,1.0376909218425392e-7,2.514749359754382e-7,1.2305009445215342e-7,0.00006785093705280224,1.3599895512905682e-7,2.1909998313296574e-7,2.4950949464468936e-7,1.2278535710453283e-7,8.683949818792841e-8,9.242124816778525e-8,6.733887917534559e-8,1.2238470543470923e-7,4.3589476284753263e-7,0.00004338976062369391,3.70584051855676e-7,1.5553739548064493e-7,2.052143539803898e-7,1.089840193675468e-7,3.27785944303618e-8,7.564069020713967e-8,1.985597573371278e-8,2.604614622139123e-7,1.240213327634367e-7,5.893907977555067e-7,1.7508005633755994e-7,2.2894547778587487e-7,6.615706285653675e-8,1.8136095893903815e-7,1.32655049352934e-7,1.3810075540329723e-7,1.3593478595727642e-7,1.2661286010661508e-7,4.1818972620958525e-7,0.000014417664590160793,3.966806833073078e-7,1.512639283153406e-7,7.558487098976102e-8,1.8056840294416596e-7,1.0881983539466663e-7,2.2624182812063327e-7,1.0079982053520093e-7,2.495742165183109e-7,1.1740657789173621e-7,6.240599516149437e-7,1.4389128254671124e-7,2.2076257717097652e-7,2.5201755033641317e-7,1.2629113277921817e-7,8.580676860834542e-8,8.347340123778524e-8,6.895515542491927e-8,1.1506280917586474e-7,4.358311191244838e-7,8.604825977217921e-6,3.6838499966467114e-7,1.570315373630356e-7,2.0407310154662056e-7,1.1043301437801583e-7,3.4695312125559665e-8,7.570096375422791e-8,1.7850095379461653e-8,2.616084240935573e-7,1.1474941118034431e-7,5.892019466089864e-7,1.8346162839288843e-7,2.261395157434074e-7,6.341193989841065e-8,1.824534702861064e-7,1.330280649282977e-7,1.3401045234156452e-7,1.3511111898255502e-7,1.2428695565783827e-7,4.196038985371276e-7,6.130597619552756e-6,3.968476260029901e-7,1.5652411666002136e-7,7.855563556328488e-8,1.8282426726627827e-7,1.1047424570697805e-7,2.1970083966979238e-7,9.774219463193371e-8,2.475545141308047e-7,1.1202292519666737e-7,6.23304445186796e-7
8.457961849140372e-7,1.0523149675745302e-7,2.629612446881623e-7,2.2049055023067986e-7,8.11961662592163e-8,2.8963442911105905e-7,1.4840149087093422e-7,7.59603116888593e-8,1.7085433381442503e-7,5.273843443571401e-7,8.572983055229885e-6,4.812449316014697e-7,1.8042088317596993e-7,1.3006090888673711e-7,1.566315458834134e-7,3.4041269839570204e-7,2.221559734071613e-7,5.237634757858339e-8,2.4225176965212834e-7,1.0907284962737495e-7,8.495150979817278e-7,8.196206640233973e-8,2.082759671852232e-7,2.0157836810405765e-7,2.1011163587824934e-7,4.003371349853752e-7,1.028094661214399e-7,1.544627028701389e-7,1.2039103286967437e-7,5.428476979151086e-7,0.000011993606857271615,4.544063665655476e-7,2.514342601054772e-7,7.41202638711465e-8,1.202803602956552e-7,2.7787542956105714e-7,2.96107782416036e-7,1.04031889032152e-7,3.1902881589337445e-7,1.2841853812970433e-7,8.463863975826366e-7,1.1421764291806335e-7,2.651957272571526e-7,2.241714445793795e-7,7.551446848225171e-8,2.9092106833196584e-7,1.5242807929894288e-7,8.045052899419192e-8,1.6758473515980343e-7,5.26204604033197e-7,0.00001995419931357307,4.805150464684581e-7,1.7882576259937616e-7,1.293535456464364e-7,1.570136363248874e-7,3.424987675305469e-7,2.2640854221712536e-7,5.1090843685999216e-8,2.396337379868412e-7,1.0013608851298858e-7,8.492305448928567e-7,9.49196614450976e-8,2.0933805019829032e-7,2.042741140944915e-7,2.0589103651430948e-7,3.981965870797278e-7,1.0943901475084411e-7,1.5513623086284322e-7,1.219222193532982e-7,5.427849247939585e-7,0.00005975267729540553,4.5666097433542473e-7,2.5324583433777196e-7,6.952812829189193e-8,1.1192019435889555e-7,2.7840576366373576e-7,2.97935025541166e-7,9.915088933647723e-8,3.144388362197098e-7,1.2322948458442677e-7,0.00009300432861282465,1.2351282595079893e-7,2.6736625220271383e-7,2.2771007091728685e-7,6.967795700290101e-8,2.9167939777338344e-7,1.566650348748727e-7,8.501908375667258e-8,1.6444158150379053e-7,5.24754627346848e-7,0.00005960757621559458,4.794568115931321e-7,1.772219046315941e-7,1.286395114659098e-7,1.5741260640915432e-7,3.439502549106004e-7,2.304671039325892e-7,4.9724999236343196e-8,2.3702535823512954e-7,9.232397060666077e-8,8.486512900061021e-7,1.0809992149680841e-7,2.1052633023193419e-7,2.0684389323468777e-7,2.0144052127139713e-7,3.9548179834669323e-7,1.159551630273639e-7,1.556442535729392e-7,1.2348176212660856e-7,5.423669513637801e-7,0.000019808448192108278,4.5869297682194127e-7,2.5502534849644933e-7,6.494527653417382e-8,1.0339591299013098e-7,2.7847409717371885e-7,2.9968622504517907e-7,9.404338345742101e-8,3.097033106709817e-7,1.190661627678766e-7,8.464123010244451e-7,1.330788699303643e-7,2.6945967349969593e-7,2.3109765609104756e-7,6.37120831963113e-8,2.9190579711975534e-7,1.6105429986339797e-7,8.964851004330218e-8,1.6143121725222765e-7,5.230432191647781e-7,0.000011849115414521605,4.780702225913116e-7,1.7562896811637484e-7,1.2791629066542748e-7,1.5784752979171437e-7,3.4476572559252426e-7,2.3430976895191682e-7,4.826956019612017e-8,2.3443144855180427e-7,8.587527110467483e-8,8.477778453564094e-7,1.2147312960425254e-7,2.118335134402685e-7,2.0928704730068724e-7,1.9678172988672053e-7,3.9219184030841256e-7,1.2233967586895226e-7,1.559882375106277e-7,1.2504220259316278e-7,5.415963155892907e-7,8.426543098614741e-6,4.60491729141059e-7,2.567714327762367e-7,6.038951547713685e-8,9.473665777014811e-8,2.780820051632083e-7,3.0134736003924017e-7,8.871421060809782e-8,3.0483342170164496e-7,1.1600130428723705e-7,8.458472517762044e-7
6.778544951356734e-7,1.652286731915351e-7,2.2065415047118775e-7,1.5492231864032218e-7,3.4647191425336964e-7,1.3263451962472335e-7,1.9074751730304663e-7,1.0775015079793742e-7,3.296778275128231e-7,3.251273974207417e-7,9.328084526338875e-6,4.14690697791177e-7,2.7329073822787496e-7,1.9437632260137888e-7,1.0503016511512762e-7,2.6228807970037805e-7,5.5274430188600866e-8,2.630191341335047e-7,1.7744839606419636e-7,1.290667264873781e-7,6.489700158688763e-7,1.0234921811028882e-7,2.388013538152228e-7,1.7308005612357788e-7,2.899338699629087e-7,1.8698251023151414e-7,1.1537638077427127e-7,2.663498569740784e-7,3.329157851747322e-7,2.9949144576953334e-7,0.000013085160989119035,4.2001255441521196e-7,2.71440512310864e-7,2.1348116240211522e-7,7.104849724900441e-8,1.8154366658999752e-7,3.3710996194165817e-7,3.4924566653281065e-7,1.7115838092469677e-7,1.193012374765284e-7,6.788967976597905e-7,1.60865135382788e-7,2.2400709293918642e-7,1.619850233510654e-7,3.5101808656818305e-7,1.2914252240816728e-7,1.8230561747572603e-7,1.1538303011984132e-7,3.2860654486877765e-7,3.2381758845209805e-7,0.000021885699733111587,4.1483402364656973e-7,2.728209468436954e-7,1.9091016528091318e-7,1.072412330289034e-7,2.657069903830646e-7,6.039593558797126e-8,2.6045312996279096e-7,1.822233463658879e-7,1.2201725690861643e-7,6.494094203593687e-7,1.0104154615951092e-7,2.3723581284837735e-7,1.782607446777132e-7,2.887309812491659e-7,1.8021963658633612e-7,1.1938063676939632e-7,2.7011055752770956e-7,3.324256204410721e-7,3.0109214551625896e-7,0.00006579456753526602,4.222055081668044e-7,2.747683461039835e-7,2.0742615274132352e-7,8.060344565392635e-8,1.8823615518709295e-7,3.3489193485689387e-7,3.4243086495592283e-7,1.7233555528471609e-7,1.1932001866265484e-7,0.00010293871015761577,1.5678206725844088e-7,2.2739428998188935e-7,1.6872765862786026e-7,3.553970166318012e-7,1.257172519206279e-7,1.7401459522140412e-7,1.2296245644234054e-7,3.2740243018285626e-7,3.2234857548599515e-7,0.00006593346743683477,4.1474893440019223e-7,2.722306410931913e-7,1.8713567794182415e-7,1.0977784213624099e-7,2.68933120262733e-7,6.552316707589477e-8,2.5781091092126196e-7,1.871799852148631e-7,1.1541396874662552e-7,6.49595830692855e-7,1.0083129928065623e-7,2.3594410633913214e-7,1.8343222152429535e-7,2.8744757548573177e-7,1.7321215921328498e-7,1.235364503759479e-7,2.734790109730603e-7,3.317493017074324e-7,3.025444043079212e-7,0.00002202355333571069,4.2418807109460403e-7,2.7798140555064756e-7,2.0133641954197015e-7,9.096895300275769e-8,1.9485909275689406e-7,3.324254560475309e-7,3.352410247375717e-7,1.7379035385180156e-7,1.199756860442118e-7,6.799018310444037e-7,1.5304142072599476e-7,2.3080093068489762e-7,1.7514688041091073e-7,3.5959101712993257e-7,1.2237255066646378e-7,1.6593466251755955e-7,1.304871562888353e-7,3.2606837650435666e-7,3.2073124572612006e-7,0.000013225059719410359,4.1443286700861905e-7,2.7153081309111595e-7,1.8305494352459093e-7,1.125898184282417e-7,2.7195876931125755e-7,7.064227212877016e-8,2.5508600059346245e-7,1.9229551222774743e-7,1.0931123432354192e-7,6.495301000415402e-7,1.0176851307773716e-7,2.349310781279686e-7,1.8859001453849505e-7,2.86087170749839e-7,1.659635156023983e-7,1.2783170677626622e-7,2.764496793827454e-7,3.3088048941299435e-7,3.0385138316825055e-7,9.464844225021638e-6,4.2594862148334056e-7,2.810735289875892e-7,1.9521815297195172e-7,1.0185217473723896e-7,2.0140499038636753e-7,3.297238114335939e-7,3.276794273551555e-7,1.7552738065321183e-7,1.2121029606325184e-7,6.798641891852271e-7
3.779480380122233e-7,1.068947794848127e-7,1.7645319383482142e-7,2.0324700869042494e-7,2.4137969019495295e-8,1.1928821746193105e-7,4.1011658797227166e-8,5.96129458768466e-8,1.477466744971992e-7,2.8687432190499444e-7,6.786321554152034e-6,3.898712643975259e-7,1.6969423993012426e-7,1.906168195316138e-7,1.501240215326606e-8,1.6139831421706e-8,7.851486803412558e-8,1.3575607483872386e-7,1.9052186026476096e-7,1.686737706245768e-7,3.2445438488680886e-7,9.250977419442266e-8,2.53303831678466e-7,1.270697626484773e-7,2.049717455313033e-8,1.0506995092733791e-7,1.048218592060355e-7,1.6237716321326054e-7,1.0378699314866004e-7,3.791159022964251e-7,9.349167429883805e-6,2.9776208415624526e-7,1.2090138479099136e-7,9.081726803192208e-8,1.3565534686892939e-8,7.206603179432129e-8,2.0619225831190748e-7,6.257468481197736e-8,1.9784542458133508e-7,1.783087604248495e-7,3.790956537448074e-7,1.0989180935264937e-7,1.7809621682639962e-7,1.9916534714638006e-7,2.2739039481547606e-8,1.1889899567978756e-7,3.920434379079438e-8,5.230025797724624e-8,1.4164612157484205e-7,2.8398539408856265e-7,0.000015816561648462885,3.877782307205351e-7,1.7006073566491202e-7,1.8295467887232364e-7,1.3481860449580018e-8,1.5157324782346873e-8,7.771994554208045e-8,1.3181990487340216e-7,1.954970273205561e-7,1.6764291143102538e-7,3.2445403278037965e-7,9.297977181085202e-8,2.4885475695990274e-7,1.2189027736405795e-7,2.2034845938366017e-8,1.0331728227266274e-7,1.075629590462098e-7,1.6318921696689238e-7,1.0694637036837179e-7,3.7924752016193265e-7,0.00004727818623999599,3.006632150627503e-7,1.2468045516340127e-7,8.340096399332575e-8,1.5453478666195502e-8,7.178475826488807e-8,2.0608369450902324e-7,6.562505123057185e-8,1.9359137647717595e-7,1.7541025168199008e-7,0.0000745192063860474,1.1282091527677675e-7,1.7971028896886754e-7,1.950296306550701e-7,2.1161611323938003e-8,1.1846600383157848e-7,3.7263282604330325e-8,4.5207206382578705e-8,1.3569629923924054e-7,2.8116174592646927e-7,0.00004740139984471213,3.855265646448335e-7,1.7059830818374742e-7,1.750541028302398e-7,1.2095682932079958e-8,1.4202882648281734e-8,7.687997026239098e-8,1.2846490050988873e-7,2.006468354001369e-7,1.668209568135246e-7,3.244451286640691e-7,9.404096408147488e-8,2.444707445647645e-7,1.1718393816148205e-7,2.3758101951897736e-8,1.0155751583679641e-7,1.1017434142922862e-7,1.6419554545675406e-7,1.1033504710786926e-7,3.792448689624028e-7,0.0000159400578214755,3.036064017453163e-7,1.2878179412189901e-7,7.599140188308842e-8,1.7459746987964672e-8,7.15926988699746e-8,2.0583550395615103e-7,6.902871135617431e-8,1.8918153858636126e-7,1.7246036213692085e-7,3.806914350869464e-7,1.15686684346618e-7,1.8127307173626682e-7,1.9087019165176355e-7,1.9398737049726382e-8,1.1798966666784775e-7,3.518966837889353e-8,3.840984979877484e-8,1.299679562956228e-7,2.7841201445765827e-7,9.472019960415413e-6,3.831276474812001e-7,1.7130907087784346e-7,1.669364832729318e-7,1.1048180721398819e-8,1.3278216923977734e-8,7.59944740859895e-8,1.2570662255836466e-7,2.0595890641813554e-7,1.661970031562886e-7,3.244276230031709e-7,9.56982126404889e-8,2.401616590277441e-7,1.1308192616832533e-7,2.5669624687272717e-8,9.979261496781212e-8,1.1265828812207782e-7,1.6536430165665438e-7,1.1393631867752864e-7,3.790955437802113e-7,6.910027286764732e-6,3.065826830495784e-7,1.3314569224608495e-7,6.867439195794288e-8,1.957230175351955e-8,7.148559141126956e-8,2.054502260382157e-7,7.269745432858086e-8,1.8464146980784698e-7,1.6946042595219475e-7,3.811383598332836e-7
1.392036678303523e-6,3.304323295751126e-7,6.781351267472057e-7,2.1484626338110394e-7,5.405595484200702e-8,1.1021691485810766e-7,4.8351068867758403e-8,1.5492809636959438e-7,2.897329309939895e-7,5.233174305570375e-7,0.00001654761492264346,7.477957378817602e-7,4.219941094124918e-7,2.50913741944569e-8,6.1703178027319e-8,4.5475908773615566e-8,1.9039728632055458e-7,1.2814075340446092e-7,9.700356104022851e-8,8.991376404516432e-8,1.2429839140199035e-6,1.1080979010837336e-7,6.709738682035455e-8,1.9746711939190728e-7,5.642425604518107e-8,1.5968944818476815e-7,4.338196772926773e-8,5.4447850698483436e-8,2.797062723139225e-7,8.294317520487716e-7,0.000023324350914522882,4.963907816574813e-7,3.8564773101997165e-7,1.207115075362807e-7,5.85845911718323e-8,1.6008827705210058e-8,1.8144729302142623e-7,6.869428300792213e-8,6.40274948199796e-7,3.814676941180403e-7,1.3929597971782719e-6,3.4268553823754967e-7,6.806766548588625e-7,2.1613142698231928e-7,5.2591385493857906e-8,1.07661857367083e-7,4.5618964573184854e-8,1.534233626250747e-7,2.8565814443395533e-7,5.178077390916635e-7,0.00003868916304674471,7.415570261430839e-7,4.125509437593874e-7,2.07026830487316e-8,6.52591840920684e-8,4.867595800298135e-8,1.9189172718326894e-7,1.2599579350750824e-7,8.817528701938431e-8,6.732759537964811e-8,1.2428353909741616e-6,1.311072069158861e-7,5.97127792064604e-8,1.9913222073322477e-7,5.533292276539164e-8,1.5774293834277067e-7,4.26011185270775e-8,5.122102488194256e-8,2.9217196621831405e-7,8.380763132913552e-7,0.00011625389503310904,5.011629797057235e-7,3.9071638267002175e-7,1.2415731446827056e-7,6.154322479359962e-8,1.5823963287934237e-8,1.8182102136942087e-7,6.814204343550449e-8,6.400289767233279e-7,3.704545670649117e-7,0.0001810838378945091,3.5491190671772275e-7,6.824808786366208e-7,2.1714786141732446e-7,5.107450086858644e-8,1.0503514049511411e-7,4.3315098745472035e-8,1.5202352741904638e-7,2.812382080850093e-7,5.119600755294034e-7,0.00011613587473293164,7.346601231119052e-7,4.023780795440169e-7,1.6324048922158278e-8,6.873595099751083e-8,5.181460733699436e-8,1.9323259745057522e-7,1.239232786709428e-7,7.978323855756896e-8,4.8159728759142e-8,1.2424653405301766e-6,1.5259113295914366e-7,5.201104892128734e-8,2.0074088798876202e-7,5.4068686187964895e-8,1.5569933974017464e-7,4.2030403529820855e-8,4.837622504926663e-8,3.0401263780919653e-7,8.460646778172807e-7,0.00003857037389815117,5.056531309416526e-7,3.953918619626037e-7,1.2761523797672085e-7,6.452965856790796e-8,1.6027474600637635e-8,1.821218216715027e-7,6.743099158593566e-8,6.390875704652095e-7,3.59493238618163e-7,1.3925967127827018e-6,3.671267333449403e-7,6.835421888362421e-7,2.178871385483659e-7,4.9508538765195114e-8,1.0234184085847133e-7,4.1502846067066714e-8,1.5075326181446148e-7,2.764737709891436e-7,5.058074893653569e-7,0.000023207060791153832,7.271220845468638e-7,3.9148552530250695e-7,1.2133878057580423e-8,7.212863937251285e-8,5.488315046013895e-8,1.94415771368435e-7,1.2193407290284565e-7,7.189151327906819e-8,3.739057626843847e-8,1.2418737671995099e-6,1.7493321125456105e-7,4.399928656952529e-8,2.0228945375566045e-7,5.2631983952947776e-8,1.5356105594154872e-7,4.1696169073752564e-8,4.5951335627160303e-8,3.1521021292018875e-7,8.533813379624938e-7,0.00001642801712606679,5.098288311366176e-7,3.996714172247459e-7,1.3105137132289912e-7,6.753804786121942e-8,1.6569162874503162e-8,1.8234874332219112e-7,6.658137676097478e-8,6.374545328704146e-7,3.485719046820686e-7,1.3913115002768624e-6
1.0122461705607777e-6,1.142746136619377e-7,2.2252683140984387e-7,1.2839908160299822e-7,4.1523416448985155e-7,2.447932966752248e-7,1.2067573309867608e-8,3.830350305925616e-7,4.1848899408123e-7,9.755878442896435e-7,0.000013754383413463255,3.3437204169251803e-7,4.859258974233098e-7,3.072289397817329e-7,8.831993693562634e-8,3.016748556666098e-7,3.244890569754536e-7,3.455164860630553e-7,3.572629421757042e-7,1.1533812730606732e-6,5.674811616511411e-7,1.059384870511342e-6,4.332977427169649e-7,2.3415933648054794e-7,4.032714232815637e-7,2.632735615472605e-7,3.656237113703129e-8,2.727737863858537e-7,4.790671839740479e-7,3.793046259865745e-7,0.000019725251325022817,8.838472575435451e-7,2.809169143143963e-7,4.082290809721233e-7,6.466148335083472e-8,2.8539296044447846e-7,3.227132317718394e-7,2.325121519410422e-7,3.031194582341528e-7,1.6142210243374728e-7,1.014155664666729e-6,1.1580881944043836e-7,2.1054816299748346e-7,1.363092715914073e-7,4.16411009175654e-7,2.3739578937572348e-7,2.221330125818331e-8,3.879759181403853e-7,4.167345773652007e-7,9.70532596031705e-7,0.00003231544940411168,3.5583678817128503e-7,4.999852210841657e-7,3.011293455962419e-7,7.770327331630434e-8,3.0919662623464033e-7,3.237418826697834e-7,3.352543290174561e-7,3.601431154091496e-7,1.1307148068662627e-6,5.660022182298176e-7,1.0844832392436827e-6,4.3253816064520345e-7,2.4548856344235537e-7,4.050236813640403e-7,2.566657941828568e-7,4.050969043083144e-8,2.789221708479196e-7,4.662524393280681e-7,3.5738694838303666e-7,0.00009766649282543484,8.922113562176518e-7,2.820810569624197e-7,4.0515650950097917e-7,5.535278437539344e-8,2.9232480177128974e-7,3.2182012969303214e-7,2.241506851232783e-7,3.1733914346361647e-7,1.5383017241316548e-7,0.00015208834291767812,1.1790942601543204e-7,1.9862908923936704e-7,1.44267139558566e-7,4.17263968354845e-7,2.298216677452439e-7,3.238418560349425e-8,3.925389871345633e-7,4.146960248721727e-7,9.645851278981529e-7,0.0000975679077780405,3.7770170770304227e-7,5.139589286337969e-7,2.948603302545916e-7,6.718204082843935e-8,3.165029690142152e-7,3.227329195592994e-7,3.24743951608016e-7,3.6298768734872095e-7,1.1072472271418205e-6,5.656869906436492e-7,1.1088355257852104e-6,4.317014817500246e-7,2.566458270755759e-7,4.065210641866579e-7,2.4986075386085443e-7,4.640472370458103e-8,2.849513231682181e-7,4.5337582829218e-7,3.354987337299636e-7,0.000032217426649319085,8.997342260066255e-7,2.829756992763584e-7,4.0173445243152574e-7,4.645091040551575e-8,2.9907716006711415e-7,3.2062069288438116e-7,2.158223817213275e-7,3.3128056049945325e-7,1.457603496582287e-7,1.0140519813611693e-6,1.2040684365955206e-7,1.8686496167751258e-7,1.5226056201086255e-7,4.17792486864921e-7,2.220786320441212e-7,4.25512351396791e-8,3.967265955566518e-7,4.1235627317350104e-7,9.577884496246458e-7,0.00001962608556794607,3.997740167521764e-7,5.278228811993553e-7,2.8843149986622204e-7,5.686224312554536e-8,3.235868787173808e-7,3.214633691865464e-7,3.1399823270590966e-7,3.658106340835267e-7,1.083022838438562e-6,5.665374429478787e-7,1.1323951040011248e-6,4.307715335827988e-7,2.6761338422229304e-7,4.077619053519561e-7,2.428678232583606e-7,5.357218657327581e-8,2.908507549732916e-7,4.4046133862111364e-7,3.1380063593932443e-7,0.000013656911324070836,9.063741700763726e-7,2.8361921532146674e-7,3.979603619435155e-7,3.825029690270086e-8,3.056439730863615e-7,3.191159141737301e-7,2.075317885609019e-7,3.449189948872776e-7,1.3726264346736883e-7,1.012039047572247e-6
0.00009204231643126874,0.000035296884886872654,0.000019098894716253487,5.51916696743638e-7,0.000010737651007867806,8.288466517165314e-6,3.771789917362181e-6,0.000014401525590377634,0.00001131672571274606,0.00002213514188911559,0.0020677762440380566,0.00002428726808173407,9.272967403954292e-6,0.000014339689725977576,4.6017970917852185e-6,7.544857331596879e-6,0.00001132681961524472,1.305306773010776e-6,0.000018364458941495266,0.00003952708680535799,0.00010030474135941356,0.00003610636866453926,0.00001887687033093828,6.161775160695563e-7,0.000010879909794238153,8.201062764764975e-6,3.830497555517861e-6,0.00001446255841739059,0.000010841149444942829,0.000022086552994545532,0.0028865643758812427,0.00002423684793424283,9.711980793819955e-6,0.000014299795357651706,4.546446929479542e-6,7.639744413984827e-6,0.000011192248334337917,1.1883308538399362e-6,0.00001864319243508227,0.00003856856122275001,0.00009207327284924766,0.000036377198698449764,0.00001898312337767174,7.124061548720632e-7,0.000010866865710969805,8.098251860216816e-6,4.043006333445098e-6,0.00001437960529311004,0.000010763635463029545,0.000022849576192284173,0.004823692790108012,0.000023619385388654707,9.81407427737853e-6,0.000014382878874477081,4.338953079849566e-6,7.747387463734905e-6,0.000011212913042803774,9.804445470427598e-7,0.00001852581313698139,0.000038402577175190694,0.00010033169643367336,0.000037224236718128655,0.00001874372009912543,8.156241859649033e-7,0.000011006157587632887,8.00839536980587e-6,4.100209292333638e-6,0.000014435771446003446,0.000010298781852150327,0.000022826996548761902,0.014457256130529951,0.000023589011197530795,0.000010263896190109988,0.000014337863390070511,4.282023921467071e-6,7.83996566420114e-6,0.000011075203262720764,8.659321896988738e-7,0.000018786802920675245,0.000037487668160697806,0.02262438115775496,0.00003745828193166281,0.000018853262212574916,9.848270444084689e-7,0.000010989976146783923,7.903168096870776e-6,4.311180036092585e-6,0.0000143492632698034,0.000010210978993379977,0.00002353045419104627,0.014457346325668741,0.00002291569978924563,0.000010356092502034338,0.000014417647071251708,4.072945625999731e-6,7.945202403494394e-6,0.00001109266325397273,6.954192569603131e-7,0.00001867285988952292,0.000037281375993960024,0.00010033216224893064,0.00003834580759004462,0.000018596374886982036,1.1005311466562705e-6,0.000011126147037738972,7.810896547597164e-6,4.3669059951914704e-6,0.000014400469016745153,9.757005396090172e-6,0.000023530983919399836,0.004823783296581768,0.000022908218270481928,0.000010816595911712526,0.000014367591714127435,4.014404615761633e-6,8.0354328410463e-6,0.000010951966373027457,5.927676964565848e-7,0.000018916180844401692,0.00003640709684103676,0.00009207356728261217,0.00003853968187830637,0.000018709164350521074,1.3024081711378105e-6,0.000011106898392117511,7.703327919052839e-6,4.576139460714222e-6,0.000014310580293341564,9.659095164527432e-6,0.00002417838099411818,0.0028866542549380735,0.000022175547000955528,0.000010898717748541338,0.000014443904007428401,3.8039462624717796e-6,8.138187937610353e-6,0.000010966152916435512,5.159067001253417e-7,0.000018805708526840606,0.00003616387031940817,0.00010030613868296809,0.00003947069450538095,0.000018434725262456428,1.4219975531844544e-6,0.000011239795601551327,7.6086805369628116e-6,4.630419889455849e-6,0.000014356741486589996,9.216122072685408e-6,0.00002419917859680259,0.002067867056925707,0.000022193862452773446,0.000011369738765829497,0.0000143888997501069,3.7437646135274583e-6,8.226033132897105e-6,0.000010822621594832097,4.605680966894279e-7,0.000019031472985831035,0.000035327300073097896,0.00009204290535981725
3.987742859371742e-7,9.24620056541433e-7,1.6035460275424662e-7,2.292743831329223e-7,2.459407211027275e-7,2.3300201932182032e-7,6.335441575076184e-8,1.335132447050712e-7,2.8291897270564237e-7,1.0481910437288227e-6,0.000011487663536258997,4.4677082119401166e-7,2.453739393732893e-7,2.265644752566449e-7,3.708639580430349e-8,1.3689492055744658e-7,3.305964739860763e-7,7.531514557654978e-8,2.2359351336380504e-7,3.40433073650529e-7,4.020500260623036e-7,3.7108768763959643e-7,1.6578215996062305e-7,1.404197330365678e-7,2.2445880351651178e-7,2.137130961529057e-7,8.278766255393128e-9,2.3389124414742468e-7,8.833308422981198e-8,3.8567707920344836e-7,0.000015399663234242347,9.87226203328314e-7,2.3579761092090425e-7,1.3179564719660798e-7,5.2748575518997396e-9,1.5186525481925698e-7,3.0617809408765666e-7,1.4835384840769192e-7,1.2444471556687108e-7,9.658720665917195e-7,4.0154065839620145e-7,9.363044589767417e-7,1.6359558618067653e-7,2.3462987082250905e-7,2.465693970352927e-7,2.2770373894312229e-7,6.638933208931372e-8,1.3927356339069525e-7,2.7785439770354613e-7,1.025130171018208e-6,0.000026454666208987205,4.544511313975994e-7,2.4052339255312814e-7,2.2235898938829666e-7,3.5866680601421944e-8,1.4257881807326994e-7,3.309935048677432e-7,7.401812262131427e-8,2.105601350738344e-7,3.2122634280766433e-7,4.0222467950614156e-7,3.901373089138077e-7,1.660081377702516e-7,1.4464319467417504e-7,2.2470450743248304e-7,2.091292864812131e-7,1.284740259242704e-8,2.3702850142334033e-7,9.49460221025283e-8,3.7868262156055537e-7,0.00007827092597237488,1.0093665633971314e-6,2.4161301218806527e-7,1.2599130332830472e-7,1.2429496692996845e-8,1.5724025362280812e-7,3.0534198855030885e-7,1.4291369356080149e-7,1.22023461242733e-7,9.540023938946116e-7,0.00012384419459089037,9.472029548553724e-7,1.6686518248934221e-7,2.3975834702662003e-7,2.4701098838873187e-7,2.222320699876309e-7,7.02319411779648e-8,1.4502355786388736e-7,2.726474233443196e-7,1.0012690067805293e-6,0.00007835020304826651,4.6153176016709383e-7,2.3537177165318897e-7,2.1788832386187686e-7,3.603567458489968e-8,1.4817093085033825e-7,3.3114033724027767e-7,7.280382912091548e-8,1.9759076455021315e-7,3.0143780226822796e-7,4.0151619904903007e-7,4.086350417171455e-7,1.6714512170934729e-7,1.488592603586004e-7,2.2471952380979715e-7,2.0442327784655165e-7,1.9089681277786703e-8,2.399415195239212e-7,1.0133947823131757e-7,3.7110700480571016e-7,0.000026535178084684236,1.0308249471330938e-6,2.4737846988409253e-7,1.2016569166650459e-7,1.9641023864151676e-8,1.6244064403094383e-7,3.0432602171652216e-7,1.3730091299214355e-7,1.1955245134569662e-7,9.412740344587644e-7,4.0310567717990943e-7,9.572742154793576e-7,1.7015530585245253e-7,2.446465078637683e-7,2.472656230950166e-7,2.1659272696387646e-7,7.474276163482358e-8,1.5074875315735087e-7,2.673194413848246e-7,9.766536439417113e-7,0.00001547758115660914,4.679727089492791e-7,2.2994174961413946e-7,2.131512073493191e-7,3.756093580924313e-8,1.5366125190275676e-7,3.3103615761960197e-7,7.168351754515726e-8,1.8471498904557406e-7,2.8112231611377813e-7,3.999204183069372e-7,4.2653497878304146e-7,1.6919555483398949e-7,1.5306819342345998e-7,2.2450385634107724e-7,1.9960069528136547e-7,2.584318301541449e-8,2.4263098929405213e-7,1.074835537044038e-7,3.6299454823737895e-7,0.000011569288255308798,1.0515534212464514e-6,2.530747733700267e-7,1.1433012751393558e-7,2.687444051458647e-8,1.6746172886565702e-7,3.031306109293136e-7,1.3153788110218864e-7,1.1703819436269304e-7,9.277280308890951e-7,4.019264756486368e-7
5.729488879826558e-7,1.5599327162987862e-7,2.7059678230416093e-7,2.662991101736073e-7,2.0750083477522682e-7,1.674046121284405e-7,4.072561026875728e-8,1.2959798023172423e-7,5.782283379719469e-7,1.7305618056390951e-7,0.000017717289124292507,2.0254183450737678e-7,1.7235843360171672e-7,1.9520805564948332e-7,5.663127479278081e-9,1.4259378310899865e-7,1.6554400562854412e-7,2.831302033679499e-7,3.251859242974486e-7,2.5581973836229825e-7,7.516682719121077e-7,2.437871249370338e-7,3.1970544880273175e-7,1.302816104118109e-7,2.0845026411088987e-7,1.1555132380582744e-7,5.128001898857755e-8,1.0995526665220541e-7,2.1189943536851865e-7,1.2116786126549214e-7,0.000024638369899915792,3.4423588818913894e-7,4.71097207364914e-7,8.767518229800355e-8,1.9498974953045357e-8,1.7086452018197978e-7,1.7128584834405967e-7,2.1133624495310508e-7,3.852335541264499e-7,1.6419121571347306e-8,5.732289051327699e-7,1.3981876669032292e-7,2.61004487403756e-7,2.710708056434228e-7,2.05972553396858e-7,1.6382598827043876e-7,3.592458770184042e-8,1.3462906649706398e-7,5.835476438202772e-7,1.8021809101919024e-7,0.000041309277155309005,2.0215247173268113e-7,1.7361601213645502e-7,1.9106614884768183e-7,1.0007733494640588e-8,1.4654585771498946e-7,1.6649630000589187e-7,2.791072224541625e-7,3.249079101616154e-7,2.5444333881830623e-7,7.525434140740696e-7,2.4517462163027827e-7,3.1989140529399185e-7,1.3513537690824112e-7,2.091306297421967e-7,1.1239155115064915e-7,4.765681124452555e-8,1.1322605598208173e-7,2.1266017972839194e-7,1.2542568827381947e-7,0.0001236890405355919,3.3592228286263786e-7,4.6599664778381864e-7,8.56757246553006e-8,2.2434427449241524e-8,1.7413885362710705e-7,1.7164841289509396e-7,2.07952499844582e-7,3.941418477999874e-7,3.073624922175831e-8,0.00019390170341304646,1.2334054210866575e-7,2.510865770721184e-7,2.75760297789571e-7,2.041969033268582e-7,1.6016556987414044e-7,3.143123424276693e-8,1.3939494389465586e-7,5.881456097144817e-7,1.8707539710470445e-7,0.00012374640738184727,2.0215389922122465e-7,1.7467250411563328e-7,1.8696242522660118e-7,1.6432806971929335e-8,1.504026478873656e-7,1.6732362875943317e-7,2.7477083186997077e-7,3.240336241669959e-7,2.5304122708686095e-7,7.528772419011276e-7,2.46553928227299e-7,3.195253686342361e-7,1.3981898892288787e-7,2.0971659978874697e-7,1.0914273138104781e-7,4.448503718273459e-8,1.1663658954638362e-7,2.1309907364689904e-7,1.299252549741901e-7,0.000041366476301294605,3.272257751585598e-7,4.602957638242907e-7,8.369992868060963e-8,2.6013686658591936e-8,1.7730856017857202e-7,1.7181953120785133e-7,2.045953450341243e-7,4.0255194361154346e-7,4.496640135269527e-8,5.737614260690075e-7,1.0659759516891519e-7,2.408640357612696e-7,2.803666044564774e-7,2.0217436148380643e-7,1.5643147798466025e-7,2.7443802419933935e-8,1.4390177351920506e-7,5.920163015213825e-7,1.9358660563678168e-7,0.000024695883786707385,2.0254264856356806e-7,1.755432227259057e-7,1.8290589287890938e-7,2.3327568106704913e-8,1.5415668225932626e-7,1.6802519371932982e-7,2.7013598577297427e-7,3.2256699375560994e-7,2.5159076745015775e-7,7.526688107572418e-7,2.479457777377795e-7,3.1860501529375737e-7,1.4430958324496444e-7,2.1020819093805974e-7,1.0581248571229467e-7,4.1855346045145636e-8,1.2017795245211248e-7,2.1320614972241195e-7,1.3462577615652365e-7,0.00001777429648966431,3.181745634375378e-7,4.540065771586094e-7,8.17650572317372e-8,2.996457428909479e-8,1.8036923902349724e-7,1.7179818691110292e-7,2.0126216126167322e-7,4.104556097206622e-7,5.892271060540348e-8,5.740140598179158e-7
7.0686535234625e-7,2.868457540281714e-7,1.9899878720072496e-7,3.48289555850073e-8,1.8195123577740424e-7,1.3628752656260906e-7,2.452362838873214e-8,1.6628461385984984e-7,2.0678953530762942e-7,3.642469708145806e-7,5.997420858632556e-6,4.074607946840342e-7,2.8836720931723657e-7,1.177433228430347e-7,7.833306846033475e-8,1.0458723095437277e-7,1.548760055173326e-7,9.677010063014736e-8,3.1299795364021307e-7,2.5487500488823665e-7,5.728822312452769e-7,2.2763708124132047e-7,3.5501677558509294e-7,2.0849388830455592e-7,1.8450417926517704e-7,1.3697035632802757e-7,3.4167299153735835e-8,2.1502132112391079e-7,2.7398731101154693e-7,4.1077665621912686e-7,8.57668472992396e-6,3.83734122402214e-7,1.390876758246852e-7,2.657029462328986e-7,7.463084910711633e-8,1.6961099727657564e-7,1.5910176194611923e-7,2.0700889832303642e-7,2.4119926848157593e-7,2.822868639883655e-7,7.068941944408405e-7,2.93335069696028e-7,1.9954358082968065e-7,4.007648189175121e-8,1.8320680679737264e-7,1.3432489499280562e-7,2.8050747666599365e-8,1.6702919239189373e-7,1.9808388396875025e-7,3.672102799804085e-7,0.000014090224101831209,4.0354489670688054e-7,2.917187073997408e-7,1.1001582242483342e-7,7.732235095749059e-8,1.0672282992539044e-7,1.5354509643608416e-7,8.72413189240153e-8,3.1952520207641345e-7,2.467904617764585e-7,5.730922720741873e-7,2.3614909935795432e-7,3.499307198343513e-7,2.14080307761173e-7,1.8484524904548828e-7,1.34332642871204e-7,3.739767726682818e-8,2.2313885437510142e-7,2.714623195599518e-7,4.1631489537794787e-7,0.00004253831491913457,3.805089017030474e-7,1.4926102864602292e-7,2.6870887148645553e-7,7.029723274829254e-8,1.7252776995028677e-7,1.5900272211406162e-7,2.114992935373144e-7,2.414085967711934e-7,2.7550120322735044e-7,0.00006596812454050047,2.997888858566058e-7,2.000211094413071e-7,4.5502282103520605e-8,1.8423572605743992e-7,1.323056993518352e-7,3.155115484319425e-8,1.6800047948391907e-7,1.8933220131988554e-7,3.70034898521472e-7,0.00004249095478712234,3.9945503313681074e-7,2.9512882496229035e-7,1.0210939778950533e-7,7.631709880601655e-8,1.0875884789051749e-7,1.5213959603391607e-7,7.851804092961188e-8,3.2606615784971157e-7,2.387933277719753e-7,5.732581194426255e-7,2.446657886030632e-7,3.4486130609339513e-7,2.2008327650632844e-7,1.8512794965172233e-7,1.3167994874211447e-7,4.1201391180115814e-8,2.3113398740589553e-7,2.6908860875530967e-7,4.216457825701751e-7,0.000014043927362760832,3.7710556554664296e-7,1.5941020899417772e-7,2.717518520860761e-7,6.599135138066455e-8,1.7543076158804633e-7,1.5881181359492906e-7,2.1595338279564262e-7,2.4145299568789583e-7,2.6868338004232547e-7,7.062009874616418e-7,3.062117985620249e-7,2.0040945425951134e-7,5.108741370093145e-8,1.8503354442410199e-7,1.3023168994392873e-7,3.502477332189424e-8,1.6917581632078305e-7,1.8056703276540808e-7,3.7272537925135025e-7,8.528214948688201e-6,3.9519626501016984e-7,2.985874919083098e-7,9.405252173880735e-8,7.532930995693523e-8,1.1069373766372388e-7,1.506565879636242e-7,7.082883520225837e-8,3.3261334209127983e-7,2.308947864756805e-7,5.733797235840348e-7,2.5318094349770785e-7,3.3980692244024233e-7,2.2647890581735474e-7,1.853544484946208e-7,1.2902262294478898e-7,4.538177925202086e-8,2.38972850738654e-7,2.6686820299129224e-7,4.2676212601822294e-7,5.9521373668119255e-6,3.7352260950359366e-7,1.6949018697178698e-7,2.748282119601163e-7,6.171713798218678e-8,1.7831398051493862e-7,1.5852407023334703e-7,2.2034235105016844e-7,2.4134556409008913e-7,2.618293298702109e-7,7.054804210882367e-7
1.1689881604295594e-6,7.956666878125715e-8,3.011888589036256e-7,9.07326124369462e-8,8.965453064610992e-8,1.710336449768015e-7,1.5104273065877957e-7,6.631806043653413e-8,7.941098961803802e-8,6.544144241490944e-7,9.872676660420763e-6,6.824204248761465e-7,1.2873618548592396e-7,1.1195851842886612e-7,1.7549465515969866e-7,5.007089512825486e-8,2.989752821139956e-7,1.046962471226712e-7,3.157738679859846e-7,1.0549628889343511e-7,1.1631344428577044e-6,5.742612762105694e-8,2.929193648022725e-7,2.664642129083699e-7,3.0146324109831687e-7,1.0129531888593396e-7,1.2427329346295213e-7,4.7735234812772726e-8,9.399268141256334e-8,7.026567448604422e-7,0.000013854679929725896,6.473361381976829e-7,1.279687608343028e-7,1.4070818578413993e-7,1.0260877778039271e-7,1.5626882057842516e-7,1.4046570958278817e-7,1.7390540947882388e-7,3.2565955030414097e-7,1.3591961461834098e-7,1.1702137215205354e-6,9.456246153118433e-8,3.068107466570131e-7,9.060491613968681e-8,9.450594919440801e-8,1.692603722735076e-7,1.460540453504394e-7,6.62542185764316e-8,8.658437466600003e-8,6.526782260815349e-7,0.00002310202553761363,6.84097580154747e-7,1.2351918611359916e-7,1.1306834615579648e-7,1.8246655056755273e-7,5.151624974583292e-8,2.9398493496771904e-7,1.036924828461104e-7,3.1026300095270486e-7,9.198128059341842e-8,1.1631128154028617e-6,7.392228273280766e-8,3.0045663485055607e-7,2.684063764254594e-7,3.007470914362279e-7,9.835894173796136e-8,1.1446139613641177e-7,5.3708563476545055e-8,1.0104683273440474e-7,7.013708496600853e-7,0.00006935269883288812,6.503814602288617e-7,1.2161395283107927e-7,1.3760780767559987e-7,9.866023931564617e-8,1.6126408535391424e-7,1.4250934319060144e-7,1.7350864417279327e-7,3.178557032883135e-7,1.1945608347423955e-7,0.00010775715218743593,1.1001007077145124e-7,3.1235420373760615e-7,9.033208323524891e-8,9.934574276369324e-8,1.672843411174275e-7,1.4097382743879937e-7,6.632157507690764e-8,9.379287110184307e-8,6.50521032616114e-7,0.00006933832857349806,6.85316134498946e-7,1.183372073975647e-7,1.143137128964128e-7,1.8936036011899606e-7,5.2881237396731513e-8,2.8880619689288223e-7,1.0253394379034489e-7,3.0467335297223365e-7,8.023663670266986e-8,1.1626294428852856e-6,9.12233952595861e-8,3.0784120258431403e-7,2.6993404085446807e-7,2.998825879082724e-7,9.571395493867197e-8,1.0453202666934619e-7,5.966807178891259e-8,1.0784883501616333e-7,6.995961462756012e-7,0.00002308694307440499,6.530061538965702e-7,1.1511858235963834e-7,1.3422813042749072e-7,9.498022549553032e-8,1.6620367869500072e-7,1.44660662082139e-7,1.7285088552617067e-7,3.0986003369494523e-7,1.0337758501754922e-7,1.1711482644285494e-6,1.2580376099887012e-7,3.178061203585092e-7,8.991517648363563e-8,1.0415077017708892e-7,1.651076196964043e-7,1.3582492886020414e-7,6.649703764001823e-8,1.0097882588265342e-7,6.479528694488392e-7,0.000013841015429873496,6.860701917738002e-7,1.1323966163625751e-7,1.1567996193914596e-7,1.9615249496431013e-7,5.417094405332618e-8,2.8345583241450854e-7,1.01239423626528e-7,2.9901378107135494e-7,7.098454623425725e-8,1.161684765810662e-6,1.0904339168758076e-7,3.150645741199685e-7,2.710473288797016e-7,2.9886187087777503e-7,9.340313007007213e-8,9.450795767165838e-8,6.561605604022662e-8,1.1439747741312268e-7,6.973387650145183e-7,9.85687541126212e-6,6.551999023776807e-7,1.085123827060307e-7,1.305802398817923e-7,9.158777922785175e-8,1.7107373812396511e-7,1.4691320236403772e-7,1.719324681747955e-7,3.0168590862871706e-7,8.781466399144144e-8,1.1708559113140181e-6
1.3586061183638603e-7,1.1502732017196402e-7,1.7460810033144353e-7,1.8634469338605127e-7,1.2102707434049998e-7,3.9852317109112196e-7,1.1667747139864301e-7,1.6844136554901234e-7,2.8676630282877346e-7,1.442190713177031e-7,7.872646906222302e-6,1.4819851791239825e-7,2.69481609344351e-7,1.8575824085036844e-7,1.1116841726235773e-7,3.934132799862163e-7,1.3247270051926965e-7,2.0245228592662095e-7,1.4919238024610114e-7,1.049885583023065e-7,1.3165726759596318e-7,1.0504660256806218e-7,1.6645419546821523e-7,2.204702797823722e-7,3.425973362570905e-7,2.9805415347457464e-7,1.392188819661439e-7,1.8015609315027504e-7,3.004305835190431e-7,1.5227115791416795e-7,0.000011031005914190316,1.650757116196378e-7,2.97466302923071e-7,1.8612079815072463e-7,1.5558851907491478e-7,2.9528556878606305e-7,3.300174615085076e-7,2.415638176839661e-7,1.6171043111620555e-7,9.638467301420606e-8,1.364241463552029e-7,1.1279829347867132e-7,1.691142576755663e-7,1.911444134800256e-7,1.208734468303638e-7,3.989361640488936e-7,1.1632160196499827e-7,1.72844762000857e-7,2.8447244353632117e-7,1.4465787302101892e-7,0.000018384566290393307,1.474456245727553e-7,2.721558319827715e-7,1.817663983380168e-7,1.1164218650319889e-7,3.9480777252565175e-7,1.3362135104835772e-7,1.9778292158768273e-7,1.548081136954552e-7,1.0737779214119646e-7,1.314705155887981e-7,1.0290175958049067e-7,1.624678596754672e-7,2.2667957262577394e-7,3.3925698358302495e-7,2.948665580659296e-7,1.481283312879555e-7,1.839093203804865e-7,2.97706716460858e-7,1.5505254933626158e-7,0.00005517156072276149,1.6226408603960538e-7,3.004604076519102e-7,1.825570259268209e-7,1.4632570950861415e-7,2.997022613853963e-7,3.336197201324237e-7,2.355699976357938e-7,1.6574299583054575e-7,9.875361961270493e-8,0.00008652566347454718,1.1042275263957561e-7,1.635774316212247e-7,1.959315161329465e-7,1.2079066990914842e-7,3.987615564331392e-7,1.1638426740164978e-7,1.7714216217278868e-7,2.820179564564436e-7,1.4527790280841926e-7,0.00005517325359739737,1.4687160108836348e-7,2.746803484272536e-7,1.7766321307306194e-7,1.1246360348227972e-7,3.956006332711092e-7,1.3482055364032608e-7,1.9307780684021331e-7,1.603944297333227e-7,1.096340262557051e-7,1.3115635492725144e-7,1.0069014382491457e-7,1.5857264524269792e-7,2.3269269862952642e-7,3.3567457213240904e-7,2.912003541920532e-7,1.569184004106719e-7,1.8746862832121887e-7,2.948142249741534e-7,1.5791481896242877e-7,0.000018385527617331238,1.5952324559316273e-7,3.032834874309303e-7,1.7880849378012117e-7,1.3691748637232288e-7,3.036400963422116e-7,3.3698947200799244e-7,2.2937638092757946e-7,1.6985462658592774e-7,1.0105609919861543e-7,1.3718470237824725e-7,1.0790718325245522e-7,1.580026074328807e-7,2.0069226904958785e-7,1.208041677062424e-7,3.979971503522562e-7,1.1683049028176225e-7,1.813335298212688e-7,2.7940570170739973e-7,1.460755950926989e-7,0.000011033426477725228,1.464797045282396e-7,2.7705249396961873e-7,1.7344789194422456e-7,1.1365746316176132e-7,3.9579236190443956e-7,1.360411540059664e-7,1.8834870603071758e-7,1.659464863891986e-7,1.1175114239131586e-7,1.3071421018876802e-7,9.842003422753147e-8,1.5477545837359442e-7,2.385059353176589e-7,3.31865830767377e-7,2.870514327380785e-7,1.6556099901252532e-7,1.9083433040969682e-7,2.91754988983187e-7,1.6084920513698345e-7,7.872870466407361e-6,1.5686170314790413e-7,3.059336247101271e-7,1.7487492901829535e-7,1.2738891686942491e-7,3.071050103429405e-7,3.401107983146798e-7,2.2298728152641025e-7,1.740388262703962e-7,1.032830420642205e-7,1.3738244006728156e-7
9.140546653241628e-8,5.8287821543822646e-8,1.661791597513008e-7,1.6419381542403654e-7,1.7323514948532403e-7,1.553957376093245e-7,1.5329144813710039e-7,1.8294946858783391e-7,1.9834203047287136e-7,2.5362938596383315e-7,6.928153371110666e-6,1.9005385744543184e-7,1.9601913646506005e-7,1.469533483632328e-7,1.0429653992870207e-7,5.8384086348641054e-8,2.8927171711415937e-7,1.658002766605716e-7,1.6368165035668374e-7,7.28939103660119e-8,2.569180406273469e-8,7.570528475335417e-8,1.6535260260465523e-7,1.4567401772485723e-7,1.3273486261049207e-7,9.50071364169984e-8,1.4481821381477412e-7,1.2964316589317952e-7,1.9700318241606984e-7,2.1244654484320008e-7,9.713415876353007e-6,2.4849631591496563e-7,1.946563476409087e-7,9.259154086751681e-8,6.521928073929065e-8,1.5150821352427624e-7,4.481327513924229e-8,2.0657084592497498e-7,1.6233157326677918e-7,4.4752378154829216e-8,9.085116214202151e-8,5.775312876589849e-8,1.6159408278490678e-7,1.669230946058372e-7,1.7788170953671288e-7,1.516227715989803e-7,1.5448354829587464e-7,1.8402469189215955e-7,1.9488260860062587e-7,2.537914516205979e-7,0.00001616368118294589,1.901124973060289e-7,1.999026323318131e-7,1.4449366935501992e-7,1.1132560288981928e-7,6.178919060422137e-8,2.865638022829945e-7,1.6097475642499938e-7,1.6771221315560545e-7,7.444242336399085e-8,2.5377377371445048e-8,7.650634009162808e-8,1.6362593831653348e-7,1.4946737560305245e-7,1.358246478505127e-7,9.442102957469314e-8,1.3947099445638728e-7,1.3252420746144757e-7,1.9519726135628452e-7,2.1243740565400885e-7,0.00004849887653687,2.478761782159964e-7,1.9597013724271895e-7,9.074558972160108e-8,7.090773235188459e-8,1.5196401308739963e-7,4.9227534250108527e-8,2.0561220497523123e-7,1.6372011321019213e-7,4.3463639250620326e-8,0.00007615326262245299,5.716692882488229e-8,1.570386002007928e-7,1.6974714605801031e-7,1.8255801784839992e-7,1.4770488428181116e-7,1.557628459419589e-7,1.847662645998223e-7,1.9137717760448198e-7,2.5401722487741563e-7,0.000048478839702018156,1.902783219271202e-7,2.0368751914102436e-7,1.4195238178731573e-7,1.1849455227339715e-7,6.516249190308875e-8,2.837128567326064e-7,1.5593308887834656e-7,1.7171211853418075e-7,7.599397952774855e-8,2.5171562562408362e-8,7.727200226203316e-8,1.6186121155865634e-7,1.5304101044433748e-7,1.390455275730738e-7,9.396324884664651e-8,1.3425441913013535e-7,1.352539373920513e-7,1.9333442465622346e-7,2.12484706590405e-7,0.000016144995590427912,2.472789420918855e-7,1.9730387297997878e-7,8.872547243325559e-8,7.672347642954817e-8,1.5241938830968908e-7,5.392214303392285e-8,2.0445416099426282e-7,1.651181459523327e-7,4.219545388128305e-8,8.929599874399344e-8,5.653471088881963e-8,1.525202043673981e-7,1.7265353280079e-7,1.8724330877841074e-7,1.4364109663416516e-7,1.5713805964356144e-7,1.851715300571109e-7,1.8782872463701575e-7,2.5430432946332144e-7,9.69205318157767e-6,1.9055390325967467e-7,2.0736648519674142e-7,1.3932274691679613e-7,1.2574725395733714e-7,6.850027551690326e-8,2.8073297385733714e-7,1.5067186926894613e-7,1.7567593847168375e-7,7.753442610616953e-8,2.5075703642393645e-8,7.800651267757877e-8,1.600560858925379e-7,1.563985133768435e-7,1.4236111603259286e-7,9.363758656638172e-8,1.2921437585491164e-7,1.3783813011656392e-7,1.9141659835106493e-7,2.1258193362461105e-7,6.910837851047276e-6,2.467115180373408e-7,1.9865747275072096e-7,8.653104182984694e-8,8.259985894294384e-8,1.5286924879515836e-7,5.883905352347854e-8,2.030907054175021e-7,1.6652626795697855e-7,4.095800477462529e-8,8.829780233421334e-8
1.1422686024333447e-6,1.1475580940418872e-7,3.5375126029230177e-7,1.9568720748077628e-7,2.1177043940704962e-7,1.2588428624517125e-7,8.852608983516439e-8,8.803589038260176e-8,1.3338148703895027e-7,6.939292887918178e-7,0.00001088023806597987,6.648193696385977e-7,1.478215838214024e-7,1.8985979524711038e-7,4.515036796258743e-8,9.247037553613528e-8,2.1970086329515418e-7,2.2265688759051423e-7,2.515708150264328e-7,1.6845215366376731e-7,1.2754215109257043e-6,9.62953760989624e-8,2.7704950246869547e-7,1.7036390780711992e-7,2.0779923085859702e-7,9.875339565676015e-8,9.55408392291229e-8,6.74650544572807e-8,1.6523329623006754e-7,6.594211633304274e-7,0.000015098523567998059,7.123035960448085e-7,7.752661413115847e-8,7.183687118196853e-8,4.110604665835289e-8,1.713590901072174e-7,1.1871666110179216e-7,1.5960052804300914e-7,3.95317960148248e-7,1.0836471486853763e-7,1.1426874598298033e-6,1.205907807158106e-7,3.5731264073307394e-7,1.908254397959914e-7,2.097403048907155e-7,1.2130407250574472e-7,8.763355946694227e-8,8.977896276548684e-8,1.2952161044534303e-7,6.935192677135825e-7,0.000025388066973606807,6.680207249841515e-7,1.3729151566915976e-7,1.7873388050682945e-7,4.7805766159102364e-8,9.688860062479213e-8,2.211452165298552e-7,2.1503499375252347e-7,2.4202914365553094e-7,1.529126748959605e-7,1.2762900229178394e-6,1.1304579488683933e-7,2.865726981264569e-7,1.6514021799583326e-7,2.086784321269966e-7,9.731428497427924e-8,9.162689540422198e-8,6.54219146402127e-8,1.7720731625295725e-7,6.578126487963289e-7,0.00007595955873050172,7.130846715724577e-7,7.1491279064574e-8,6.617882338013807e-8,4.3820916175394085e-8,1.7384443178759808e-7,1.1958990854163163e-7,1.6584064614879399e-7,3.917011279807865e-7,9.098012575853376e-8,0.00011832270921941789,1.2896678823369887e-7,3.608565721865621e-7,1.8568854485261757e-7,2.0738516655156442e-7,1.1662828548509419e-7,8.685733464236401e-8,9.166194736079777e-8,1.2553172186945792e-7,6.926222336148624e-7,0.0000759897745189055,6.708048970962963e-7,1.2661702131717535e-7,1.674694049361442e-7,5.116546373452189e-8,1.0119922218517137e-7,2.2241479296132348e-7,2.0738323719918275e-7,2.324777145700718e-7,1.3787839818399575e-7,1.27655738161849e-6,1.299708703068439e-7,2.9593698494432205e-7,1.6012322727716558e-7,2.0956752452467352e-7,9.584462727873758e-8,8.770943000046654e-8,6.575698875561691e-8,1.8907300956141748e-7,6.557558779761937e-7,0.000025419094390713106,7.133660741500056e-7,6.526288737762846e-8,6.054898936427778e-8,4.668441848935638e-8,1.762569324398036e-7,1.2022383129781308e-7,1.7182288813605587e-7,3.8796238505347865e-7,7.425477136187876e-8,1.1423549013955653e-6,1.3952180648637583e-7,3.6437768500871163e-7,1.803017247850089e-7,2.0470303368290858e-7,1.1186176228025077e-7,8.622358555146586e-8,9.365716137572599e-8,1.2140906096715302e-7,6.912423665964222e-7,0.000015127949209920523,6.731586719140046e-7,1.1581073236105789e-7,1.561235120666386e-7,5.5141245853545425e-8,1.0539259438343456e-7,2.2350960484921463e-7,1.9971601495757425e-7,2.2297967833413877e-7,1.2346653745772405e-7,1.2762230891044918e-6,1.4706253205810553e-7,3.0511459805733874e-7,1.5535998426760688e-7,2.1047195261435278e-7,9.435843291889286e-8,8.378802777601336e-8,6.832539319421475e-8,2.0081750401169998e-7,6.53261812594271e-7,0.000010912097349745874,7.13145829282147e-7,5.883604949901681e-8,5.502778219964673e-8,4.9635510772290546e-8,1.7859280930268083e-7,1.2061994904510252e-7,1.7752827243598062e-7,3.8410875229849556e-7,5.855800213725064e-8,1.1416038569169752e-6
6.428374464583631e-7,2.820433079211412e-7,2.2549152643667933e-7,2.389185262707551e-7,2.4406624078938273e-7,2.1741413607925018e-7,3.3134672975520156e-8,3.200909834173478e-7,1.9005592723048782e-7,4.6216225996672224e-7,9.574808740652169e-6,2.9377728750621233e-7,6.630441348411449e-7,3.03474061777103e-7,4.2571913818126725e-8,2.084868648867154e-7,2.9308291911384327e-7,2.596342901837307e-7,5.150377361773392e-7,5.544479971622731e-7,7.527824672319546e-7,4.6092893326621174e-7,6.526764272841904e-7,1.5488842607734704e-7,2.5211551354519094e-7,2.413675192827029e-7,3.617530735652677e-8,2.2880645189471157e-7,5.775691653914206e-7,2.8051685339227567e-7,0.000013265597858041706,4.6712168212891585e-7,2.28273895754925e-7,2.4621655748225513e-7,4.7434682504969735e-8,1.6380890566712803e-7,2.8913305937674387e-7,1.1590828280085263e-7,2.2489860872507316e-7,2.610367346084892e-7,6.423336787292837e-7,2.926473067442817e-7,2.24604717567418e-7,2.471634629291772e-7,2.4497086874993997e-7,2.123234918541871e-7,4.2028601496887825e-8,3.2349563320222583e-7,1.8570826938586936e-7,4.7314193457190033e-7,0.000022321288909912932,2.9088011792574536e-7,6.676318786239474e-7,3.011823523753732e-7,3.5238993668654416e-8,2.138046286643472e-7,2.9352874252458534e-7,2.519575654902705e-7,5.25355882057976e-7,5.535566893158138e-7,7.536069273049373e-7,4.6376453417357293e-7,6.452171266943233e-7,1.6184139481185165e-7,2.534654995330269e-7,2.368868583055601e-7,4.168269457475813e-8,2.307069878043161e-7,5.753400003673899e-7,2.853060061186097e-7,0.00006677365483693784,4.553740383309427e-7,2.3002898233835333e-7,2.426569788760437e-7,4.0997256660285544e-8,1.6865154762813061e-7,2.870679105653983e-7,1.0794296347245141e-7,2.261693112947502e-7,2.486441853131526e-7,0.00010444302613365803,3.03440958212202e-7,2.2344841543472825e-7,2.5521489336448106e-7,2.4571950861877464e-7,2.0709588480171956e-7,5.0842504034510877e-8,3.2681419646095573e-7,1.8172337704253493e-7,4.839807945758673e-7,0.00006683955206728322,2.87929444790056e-7,6.715698444843355e-7,2.9855858272375777e-7,2.8150038173361095e-8,2.19012974339396e-7,2.936950388758185e-7,2.4425155443357934e-7,5.351168247276274e-7,5.525245857838675e-7,7.541379841880869e-7,4.663961667077078e-7,6.370764937049467e-7,1.6886696535037566e-7,2.5457048080490145e-7,2.3226955951092492e-7,4.75873579037675e-8,2.323597715009393e-7,5.725601938907562e-7,2.9001096218842823e-7,0.00002238798993414802,4.433105896647744e-7,2.3186302770521674e-7,2.390215911170403e-7,3.4849158184242756e-8,1.7336484169731717e-7,2.8487782865225317e-7,9.995370966534082e-8,2.271335868341455e-7,2.3641446706309995e-7,6.415360160740184e-7,3.1440234536523276e-7,2.2200725698835948e-7,2.630535390604492e-7,2.4631161373367973e-7,2.0173785880206414e-7,5.955951618991804e-8,3.300393365515269e-7,1.7807748759627721e-7,4.946473393117158e-7,0.00001333071743433206,2.849145971941797e-7,6.748587261964241e-7,2.955932511898594e-7,2.1536439940229732e-8,2.2410425226969505e-7,2.935824743896103e-7,2.3651795796305063e-7,5.443128168914235e-7,5.513295436143632e-7,7.543760784996926e-7,4.688453528024638e-7,6.282588226233344e-7,1.7596461828884085e-7,2.554290015569042e-7,2.2752027799271686e-7,5.3768127706952656e-8,2.3377366722351704e-7,5.692264935899692e-7,2.946290405270863e-7,9.642335573878425e-6,4.309539953887254e-7,2.3381418179742278e-7,2.353164187369145e-7,2.9242518772723072e-8,1.7794348808813626e-7,2.8256394671304073e-7,9.200033324859837e-8,2.277987502403577e-7,2.2437666461214316e-7,6.412442688165257e-7
1.8210006095261686e-6,7.893281859404427e-8,5.109712335637698e-8,2.3496057744875952e-7,1.316638207788498e-7,3.871397831405896e-8,6.845578352670974e-8,1.6252838610584975e-7,1.1942705011970153e-7,9.491444274772691e-7,0.00003922494577653024,3.049963030523911e-7,7.493763605567579e-8,6.264356481254369e-8,1.051136107342776e-7,8.701077918228842e-8,5.297909912137895e-8,1.245719657118227e-7,2.8773476846238865e-7,1.1978709099441332e-6,1.4143367403665635e-6,1.0715653574899315e-6,2.6198021133711683e-7,1.3019683621232074e-7,7.69139002107679e-8,1.8909806543389952e-8,5.125723791168773e-8,4.694402449658431e-8,1.0266258706629836e-7,4.2416739888895055e-7,0.00005538842395866879,7.854060675612404e-7,1.7718143274445645e-7,1.661263042581946e-7,6.937619575350659e-8,6.986668221066535e-8,2.541361824730093e-8,1.786627739434006e-7,2.3820170045356124e-7,1.1758978947880976e-7,1.8229573566353853e-6,8.196060657130133e-8,4.7509781785801134e-8,2.3482058879020384e-7,1.3251612904080334e-7,3.9858317066264126e-8,6.722840125329646e-8,1.5878774075272214e-7,1.207826697193856e-7,9.443742052891717e-7,0.00009180578734549051,3.3175135586563584e-7,8.171377850270862e-8,6.45758154999098e-8,1.0421874755225038e-7,8.772424968104124e-8,5.262863452112038e-8,1.2483704404677146e-7,2.807653467225943e-7,1.1638879812619647e-6,1.4137713702681658e-6,1.1075349293200776e-6,2.702096682628453e-7,1.2682838756538023e-7,7.913564065884576e-8,1.8964142323618337e-8,5.0659244226686096e-8,4.446508382384405e-8,9.630928929683719e-8,4.024340658280185e-7,0.0002761594174473085,7.93762546137064e-7,1.7682493111652496e-7,1.714761301392502e-7,7.012567753729181e-8,6.934130837047287e-8,2.6804557202321997e-8,1.7838083493968617e-7,2.4324211851045557e-7,1.2066302914716806e-7,0.0004316431354794673,8.486435013046227e-8,4.375417959248702e-8,2.344779951058226e-7,1.3335084838088704e-7,4.099564380079203e-8,6.597537227410368e-8,1.549251902779865e-7,1.2207501877112572e-7,9.382700848267769e-7,0.00027608489589470267,3.5854238379388946e-7,8.996008129243997e-8,6.658386574796867e-8,1.0325370894367179e-7,8.842830008529634e-8,5.236136260019128e-8,1.2511734151042064e-7,2.7372019904244146e-7,1.1293464557972666e-6,1.4139598690085967e-6,1.1429667491834765e-6,2.7833793817079533e-7,1.2344354077653466e-7,8.142797517747709e-8,1.9029052956795746e-8,4.999123926849545e-8,4.210287402003695e-8,9.150988356533089e-8,3.81208490535972e-7,0.00009173260203671575,8.008470890449352e-7,1.764334554537281e-7,1.7671377756773002e-7,7.086788141168804e-8,6.88147803120118e-8,2.8273686242471497e-8,1.7793542785842583e-7,2.479860781939701e-7,1.230231398022684e-7,1.821819932056646e-6,8.767414989921706e-8,3.989217061617329e-8,2.339261542447658e-7,1.3416837645955884e-7,4.212687061984525e-8,6.469925711106945e-8,1.5095193650503516e-7,1.2330503518195408e-7,9.308865222588847e-7,0.00005531259282284873,3.853308254022849e-7,9.937778596907268e-8,6.867100505673675e-8,1.022176584732052e-7,8.912229610986189e-8,5.2171354054350794e-8,1.2541280854537982e-7,2.666261751646457e-7,1.0942997067521232e-6,1.4149011726407914e-6,1.1778087999909104e-6,2.8633838778480073e-7,1.2004932752427656e-7,8.378973915587573e-8,1.9105539800224204e-8,4.92548514259422e-8,3.98575183424051e-8,8.842094133529367e-8,3.6060465633125647e-7,0.000039153122525526715,8.066052231782706e-7,1.7599053458085163e-7,1.8182840464373007e-7,7.15997361065487e-8,6.828737684271348e-8,2.98063687841283e-8,1.7732713357102868e-7,2.524198067751692e-7,1.2469268566554265e-7,1.8187249611723844e-6
7.490882487684219e-6,1.7492334685040301e-6,5.218446171246546e-7,9.554477523804746e-8,7.690724583921574e-7,4.783717664712197e-7,7.985059553357294e-8,7.345487528865048e-7,5.696308175787684e-7,4.1534002088051503e-7,0.00008119371172646951,6.804246019162959e-7,6.238057100762433e-7,6.994948944406425e-7,2.4314657171523754e-7,4.932132402134464e-7,6.18375253062605e-7,3.0331905692805865e-7,7.35925985399003e-7,1.4925773439722327e-6,7.885208160396736e-7,1.500995230582981e-6,6.754606744548877e-7,1.4346629580203991e-7,6.973458197399308e-7,4.6492046071438154e-7,1.6167543926645767e-7,6.683862132628364e-7,7.583105596767176e-7,7.016219130376311e-7,0.0001235911078391509,3.6150286085848986e-7,4.68321138645882e-7,7.623935439692626e-7,1.637349972451724e-7,5.073835238175112e-7,6.945121645513603e-7,2.496620284727992e-7,5.493104277616618e-7,1.8782129854532163e-6,7.49611770753737e-6,1.8019971937391048e-6,5.044241118153979e-7,1.0789831510629609e-7,7.745430510543957e-7,4.655711892379393e-7,9.606233649823605e-8,7.394272275043033e-7,5.557413093520595e-7,4.5144986487012817e-7,0.00019501543099410509,6.671202720951547e-7,6.480759266400595e-7,6.956038823878111e-7,2.2539224644630982e-7,5.064558186857277e-7,6.143957389167302e-7,2.854124299373148e-7,7.448344648755209e-7,1.478988673748363e-6,7.914205681481146e-7,1.5172796596458786e-6,6.679785938974076e-7,1.6162132636049813e-7,7.023819120570211e-7,4.519638677014656e-7,1.789707382367628e-7,6.7370320743251e-7,7.340250666473961e-7,7.145982314443818e-7,0.0006015328684800796,3.1147034405533486e-7,4.821779420155789e-7,7.591689818176711e-7,1.4628057091174638e-7,5.205133277361373e-7,6.902402090598897e-7,2.3450392892700485e-7,5.678727871737063e-7,1.8221962689320754e-6,0.0009308600869115966,1.8562329709620753e-6,4.864809810220228e-7,1.2166565150307916e-7,7.794950026508275e-7,4.5240764274288123e-7,1.1267705532648887e-7,7.437756673311397e-7,5.416374147471332e-7,4.894847990727466e-7,0.0006014442383048408,6.541954228598368e-7,6.721659200908297e-7,6.913092465773504e-7,2.0748780840654387e-7,5.193705937318724e-7,6.100083977616396e-7,2.6743735718974974e-7,7.532285853306713e-7,1.4637038579361554e-6,7.920720128930837e-7,1.531903879254169e-6,6.600025565536633e-7,1.797971201338579e-7,7.070073982195234e-7,4.386710416418542e-7,1.9617401596520688e-7,6.786217665641708e-7,7.095264117340971e-7,7.279935122847831e-7,0.00019492645997269234,2.5964260733665705e-7,4.958131768895898e-7,7.554139246898706e-7,1.2894427450865833e-7,5.332889604145874e-7,6.854508911441671e-7,2.1972029711026617e-7,5.859635901436149e-7,1.7676896708220133e-6,7.495757270527727e-6,1.911964613042676e-6,4.6803695201334464e-7,1.3640763333318417e-7,7.839252051530892e-7,4.3889031610916186e-7,1.2950723940179142e-7,7.475958893333363e-7,5.273131107338281e-7,5.28203377967464e-7,0.00012350282935293122,6.416576050226477e-7,6.960463997045716e-7,6.866170402570139e-7,1.8945501799004946e-7,5.319479538037481e-7,6.052160122315253e-7,2.49430486381673e-7,7.611234418606233e-7,1.4467662631362808e-6,7.904766706298744e-7,1.5448242698912668e-6,6.515176615395387e-7,1.979312523609319e-7,7.112194193196761e-7,4.250515577589338e-7,2.132539139143137e-7,6.83135757988021e-7,6.84843845126568e-7,7.417954592842049e-7,0.00008110441099226821,2.068149773151432e-7,5.092327732678273e-7,7.5112651258217e-7,1.1182483977316334e-7,5.457011772640349e-7,6.801472581879086e-7,2.0540508435765936e-7,6.03557834245518e-7,1.7146695206062184e-6,7.490161400855869e-6
